X,Y,INDEX_,ACCNUM,YEAR,DATE,TIME,STREET1,STREET2,OFFSET,ROAD_CLASS,DISTRICT,WARDNUM,LATITUDE,LONGITUDE,LOCCOORD,ACCLOC,TRAFFCTL,VISIBILITY,LIGHT,RDSFCOND,ACCLASS,IMPACTYPE,INVTYPE,INVAGE,INJURY,FATAL_NO,INITDIR,VEHTYPE,MANOEUVER,DRIVACT,DRIVCOND,PEDTYPE,PEDACT,PEDCOND,CYCLISTYPE,CYCACT,CYCCOND,PEDESTRIAN,CYCLIST,AUTOMOBILE,MOTORCYCLE,TRUCK,TRSN_CITY_VEH,EMERG_VEH,PASSENGER,SPEEDING,AG_DRIV,REDLIGHT,ALCOHOL,DISABILITY,HOOD_158,NEIGHBOURHOOD_158,HOOD_140,NEIGHBOURHOOD_140,DIVISION,ObjectId
-8851420.92154592,5427469.42702276,80904953,,2017,2017/02/05 05:00:00+00,1330,DRIFTWOOD  AVE,VENETIAN  CRES,19 m South of,Collector,Etobicoke York,7,43.754115,-79.513667,Intersection,Intersection Related,Stop Sign,Drifting Snow,Daylight,Wet,Non-Fatal Injury,Turning Movement,Driver,55 to 59,Minimal,,North,"Automobile, Station Wagon",Going Ahead,Driving Properly,Normal,,,,,,,,,Yes,,,,,Yes,Yes,Yes,,,,25,Glenfield-Jane Heights,25,Glenfield-Jane Heights (25),D31,13114
-8851420.92154592,5427469.42702276,80904954,,2017,2017/02/05 05:00:00+00,1330,DRIFTWOOD  AVE,VENETIAN  CRES,19 m South of,Collector,Etobicoke York,7,43.754115,-79.513667,Intersection,Intersection Related,Stop Sign,Drifting Snow,Daylight,Wet,Non-Fatal Injury,Turning Movement,Driver,10 to 14,None,,East,"Automobile, Station Wagon",Turning Right,Lost control,Inattentive,,,,,,,,,Yes,,,,,Yes,Yes,Yes,,,,25,Glenfield-Jane Heights,25,Glenfield-Jane Heights (25),D31,13115
-8833900.79216793,5416663.04710751,80734115,,2017,2017/02/07 05:00:00+00,1909,MORTIMER AVE,BROADVIEW AVE,42 m East of,Minor Arterial,Toronto and East York,14,43.683955,-79.356281,Mid-Block,Non Intersection,No Control,Rain,"Dark, artificial",Wet,Non-Fatal Injury,Pedestrian Collisions,Driver,65 to 69,None,,East,"Automobile, Station Wagon",Slowing or Stopping,Driving Properly,Normal,,,,,,,Yes,,Yes,,,,,,,,,,,57,Broadview North,57,Broadview North (57),D55,13116
-8833900.79216793,5416663.04710751,80734116,,2017,2017/02/07 05:00:00+00,1909,MORTIMER AVE,BROADVIEW AVE,42 m East of,Minor Arterial,Toronto and East York,14,43.683955,-79.356281,Mid-Block,Non Intersection,No Control,Rain,"Dark, artificial",Wet,Non-Fatal Injury,Pedestrian Collisions,Pedestrian,75 to 79,Major,,South,,,,,Pedestrian hit at mid-block,"Crossing, no Traffic Control",Normal,,,,Yes,,Yes,,,,,,,,,,,57,Broadview North,57,Broadview North (57),D55,13117
-8832251.37127285,5424113.72033633,80733971,,2017,2017/02/08 05:00:00+00,1510,4 THE DONWAY  E,GUYTOI CRT,3 m North of,Minor Arterial,North York,16,43.732337,-79.341464,Intersection,At/Near Private Drive,No Control,Clear,Daylight,Dry,Non-Fatal Injury,Pedestrian Collisions,Driver,35 to 39,None,,East,"Automobile, Station Wagon",Turning Left,Failed to Yield Right of Way,Inattentive,,,,,,,Yes,,Yes,,,,,,,Yes,,,,42,Banbury-Don Mills,42,Banbury-Don Mills (42),D33,13118
-8832251.37127285,5424113.72033633,80733972,,2017,2017/02/08 05:00:00+00,1510,4 THE DONWAY  E,GUYTOI CRT,3 m North of,Minor Arterial,North York,16,43.732337,-79.341464,Intersection,At/Near Private Drive,No Control,Clear,Daylight,Dry,Non-Fatal Injury,Pedestrian Collisions,Pedestrian,35 to 39,Major,,West,,,,,Pedestrian hit at private driveway,On Sidewalk or Shoulder,Normal,,,,Yes,,Yes,,,,,,,Yes,,,,42,Banbury-Don Mills,42,Banbury-Don Mills (42),D33,13119
-8835363.19631848,5412122.62856999,80772493,,2017,2017/02/10 05:00:00+00,1003,QUEEN ST E,SHERBOURNE ST,5 m East of,Major Arterial,Toronto and East York,13,43.654452,-79.369418,Intersection,At Intersection,Traffic Signal,Clear,Daylight,Dry,Non-Fatal Injury,Pedestrian Collisions,Driver,45 to 49,None,,West,Municipal Transit Bus (TTC),Going Ahead,Driving Properly,Normal,,,,,,,Yes,,,,,Yes,,,,,,,,73,Moss Park,73,Moss Park (73),D51,13120
-8835363.19631848,5412122.62856999,80772494,,2017,2017/02/10 05:00:00+00,1003,QUEEN ST E,SHERBOURNE ST,5 m East of,Major Arterial,Toronto and East York,13,43.654452,-79.369418,Intersection,At Intersection,Traffic Signal,Clear,Daylight,Dry,Non-Fatal Injury,Pedestrian Collisions,Pedestrian,35 to 39,Major,,Unknown,,,,,Other / Undefined,Other,Other,,,,Yes,,,,,Yes,,,,,,,,73,Moss Park,73,Moss Park (73),D51,13123
-8825245.47911977,5432273.21072451,80887406,,2017,2017/02/11 05:00:00+00,2011,MIDLAND  AVE,SHEPPARD  AVE E,,Major Arterial,Scarborough,2223,43.785277,-79.278529,Intersection,At Intersection,Traffic Signal,Clear,"Dark, artificial",Wet,Non-Fatal Injury,Pedestrian Collisions,Pedestrian,35 to 39,Major,,West,,,,,Vehicle is going straight thru inter.while ped cross without ROW,Crossing without right of way,Inattentive,,,,Yes,,Yes,,,,,,,,,,,128,Agincourt South-Malvern West,128,Agincourt South-Malvern West (128),D42,13124
-8825245.47911977,5432273.21072451,80887407,,2017,2017/02/11 05:00:00+00,2011,MIDLAND  AVE,SHEPPARD  AVE E,,Major Arterial,Scarborough,2223,43.785277,-79.278529,Intersection,At Intersection,Traffic Signal,Clear,"Dark, artificial",Wet,Non-Fatal Injury,Pedestrian Collisions,Driver,65 to 69,None,,North,"Automobile, Station Wagon",Going Ahead,Driving Properly,Normal,,,,,,,Yes,,Yes,,,,,,,,,,,128,Agincourt South-Malvern West,128,Agincourt South-Malvern West (128),D42,13125
-8858429.37404728,5428968.00923019,80943083,,2017,2017/02/11 05:00:00+00,2021,STEELES AVE W,ISLINGTON AVE,177 m West of,Major Arterial,Etobicoke York,7,43.763838,-79.576625,Mid-Block,Non Intersection,No Control,Clear,"Dark, artificial",Dry,Non-Fatal Injury,Approaching,Driver,60 to 64,Major,,West,Passenger Van,Going Ahead,Driving Properly,Normal,,,,,,,,,Yes,,,,,,,,,,,21,Humber Summit,21,Humber Summit (21),D31,13126
-8858429.37404728,5428968.00923019,80943084,,2017,2017/02/11 05:00:00+00,2021,STEELES AVE W,ISLINGTON AVE,177 m West of,Major Arterial,Etobicoke York,7,43.763838,-79.576625,Mid-Block,Non Intersection,No Control,Clear,"Dark, artificial",Dry,Non-Fatal Injury,Approaching,Driver,15 to 19,Major,,East,"Automobile, Station Wagon",Going Ahead,Lost control,Inattentive,,,,,,,,,Yes,,,,,,,,,,,21,Humber Summit,21,Humber Summit (21),D31,13127
-8835738.67696093,5411842.60938153,80772695,,2017,2017/02/12 05:00:00+00,936,RICHMOND ST E,JARVIS ST,,Major Arterial,Toronto and East York,13,43.652632,-79.372791,Intersection,At Intersection,Traffic Signal,Rain,Daylight,Packed Snow,Non-Fatal Injury,Pedestrian Collisions,Driver,30 to 34,None,,West,"Automobile, Station Wagon",Going Ahead,Speed too Fast For Condition,Normal,,,,,,,Yes,,Yes,,,,,Yes,Yes,Yes,,,,73,Moss Park,73,Moss Park (73),D51,13128
-8835738.67696093,5411842.60938153,80772696,,2017,2017/02/12 05:00:00+00,936,RICHMOND ST E,JARVIS ST,,Major Arterial,Toronto and East York,13,43.652632,-79.372791,Intersection,At Intersection,Traffic Signal,Rain,Daylight,Packed Snow,Non-Fatal Injury,Pedestrian Collisions,Passenger,40 to 44,None,,,,,,,,,,,,,Yes,,Yes,,,,,Yes,Yes,Yes,,,,73,Moss Park,73,Moss Park (73),D51,13129
-8835738.67696093,5411842.60938153,80772697,,2017,2017/02/12 05:00:00+00,936,RICHMOND ST E,JARVIS ST,,Major Arterial,Toronto and East York,13,43.652632,-79.372791,Intersection,At Intersection,Traffic Signal,Rain,Daylight,Packed Snow,Non-Fatal Injury,Pedestrian Collisions,Pedestrian,60 to 64,Major,,Unknown,,,,,Pedestrian hit on sidewalk or shoulder,On Sidewalk or Shoulder,Normal,,,,Yes,,Yes,,,,,Yes,Yes,Yes,,,,73,Moss Park,73,Moss Park (73),D51,13130
-8840497.25123387,5431412.68665314,80735293,,2017,2017/02/13 05:00:00+00,1507,FINCH AVE W,YONGE ST,,Major Arterial,North York,18,43.779696,-79.415538,Intersection,At Intersection,Traffic Signal,Clear,Daylight,Wet,Non-Fatal Injury,Pedestrian Collisions,Driver,35 to 39,None,,East,"Automobile, Station Wagon",Going Ahead,Driving Properly,Normal,,,,,,,Yes,,Yes,,,,,,,,,,,151,Yonge-Doris,51,Willowdale East (51),D32,13131
-8840497.25123387,5431412.68665314,80735294,,2017,2017/02/13 05:00:00+00,1507,FINCH AVE W,YONGE ST,,Major Arterial,North York,18,43.779696,-79.415538,Intersection,At Intersection,Traffic Signal,Clear,Daylight,Wet,Non-Fatal Injury,Pedestrian Collisions,Pedestrian,50 to 54,Major,,South,,,,,Vehicle is going straight thru inter.while ped cross without ROW,Crossing without right of way,Inattentive,,,,Yes,,Yes,,,,,,,,,,,151,Yonge-Doris,51,Willowdale East (51),D32,13132
-8854238.08389943,5416018.23726453,80788779,,2017,2017/02/14 05:00:00+00,1017,ISLINGTON AVE,EGLINTON AVE W,,Major Arterial,Etobicoke York,2,43.679766,-79.538974,Intersection,At Intersection,Traffic Signal,Clear,Daylight,Dry,Non-Fatal Injury,Turning Movement,Driver,55 to 59,Major,,South,"Automobile, Station Wagon",Turning Left,Other,Normal,,,,,,,,,Yes,,,,,,,,,,,9,Edenbridge-Humber Valley,9,Edenbridge-Humber Valley (9),D22,13133
-8854238.08389943,5416018.23726453,80788780,,2017,2017/02/14 05:00:00+00,1017,ISLINGTON AVE,EGLINTON AVE W,,Major Arterial,Etobicoke York,2,43.679766,-79.538974,Intersection,At Intersection,Traffic Signal,Clear,Daylight,Dry,Non-Fatal Injury,Turning Movement,Driver,15 to 19,Minimal,,North,"Automobile, Station Wagon",Going Ahead,Other,Normal,,,,,,,,,Yes,,,,,,,,,,,9,Edenbridge-Humber Valley,9,Edenbridge-Humber Valley (9),D22,13134
-8852089.39508813,5404482.2248247,80631671,,2017,2017/02/18 05:00:00+00,29,KIPLING AVE,NEW TORONTO ST,112 m North,Major Arterial,Etobicoke York,3,43.604773,-79.519672,Mid-Block,Underpass or Tunnel,No Control,Clear,"Dark, artificial",Dry,Fatal,SMV Other,Passenger,30 to 34,Minor,,,,,,,,,,,,,,,Yes,,,,,Yes,Yes,Yes,,,,160,Mimico-Queensway,17,Mimico (includes Humber Bay Shores) (17),D22,13135
-8852089.39508813,5404482.2248247,80632485,,2017,2017/02/18 05:00:00+00,29,KIPLING AVE,NEW TORONTO ST,112 m North,Major Arterial,Etobicoke York,3,43.604773,-79.519672,Mid-Block,Underpass or Tunnel,No Control,Clear,"Dark, artificial",Dry,Fatal,SMV Other,Driver,30 to 34,Fatal,7,South,Pick Up Truck,Going Ahead,Failed to Yield Right of Way,Had Been Drinking,,,,,,,,,Yes,,,,,Yes,Yes,Yes,,,,160,Mimico-Queensway,17,Mimico (includes Humber Bay Shores) (17),D22,13136
-8843108.02725144,5414267.51852809,80783062,,2017,2017/02/18 05:00:00+00,347,DUFFERIN ST,DUPONT ST,,Major Arterial,Toronto and East York,9,43.668391,-79.438991,Intersection,At Intersection,Traffic Signal,Clear,"Dark, artificial",Dry,Non-Fatal Injury,Angle,Driver,30 to 34,Major,,West,"Automobile, Station Wagon",Going Ahead,Disobeyed Traffic Control,"Ability Impaired, Alcohol",,,,,,,,,Yes,,,Yes,,Yes,Yes,Yes,Yes,Yes,,172,Dovercourt Village,93,Dovercourt-Wallace Emerson-Junction (93),D14,13137
-8843108.02725144,5414267.51852809,80783063,,2017,2017/02/18 05:00:00+00,347,DUFFERIN ST,DUPONT ST,,Major Arterial,Toronto and East York,9,43.668391,-79.438991,Intersection,At Intersection,Traffic Signal,Clear,"Dark, artificial",Dry,Non-Fatal Injury,Angle,Driver,45 to 49,Minor,,North,"Automobile, Station Wagon",Going Ahead,Driving Properly,Normal,,,,,,,,,Yes,,,Yes,,Yes,Yes,Yes,Yes,Yes,,172,Dovercourt Village,93,Dovercourt-Wallace Emerson-Junction (93),D14,13138
-8843108.02725144,5414267.51852809,80783064,,2017,2017/02/18 05:00:00+00,347,DUFFERIN ST,DUPONT ST,,Major Arterial,Toronto and East York,9,43.668391,-79.438991,Intersection,At Intersection,Traffic Signal,Clear,"Dark, artificial",Dry,Non-Fatal Injury,Angle,Driver,50 to 54,Minimal,,South,Intercity Bus,Going Ahead,Driving Properly,Normal,,,,,,,,,Yes,,,Yes,,Yes,Yes,Yes,Yes,Yes,,172,Dovercourt Village,93,Dovercourt-Wallace Emerson-Junction (93),D14,13139
-8843108.02725144,5414267.51852809,80783065,,2017,2017/02/18 05:00:00+00,347,DUFFERIN ST,DUPONT ST,,Major Arterial,Toronto and East York,9,43.668391,-79.438991,Intersection,At Intersection,Traffic Signal,Clear,"Dark, artificial",Dry,Non-Fatal Injury,Angle,Passenger,20 to 24,Minor,,,,,,,,,,,,,,,Yes,,,Yes,,Yes,Yes,Yes,Yes,Yes,,172,Dovercourt Village,93,Dovercourt-Wallace Emerson-Junction (93),D14,13140
-8834532.64159767,5415561.40234648,80734953,,2017,2017/02/18 05:00:00+00,709,DON VALLEY PARKWAY  S,PRINCE EDWARD VIADUCT,150 m North of,,Toronto and East York,14,43.676798,-79.361957,Mid-Block,Non Intersection,No Control,Clear,Daylight,Dry,Non-Fatal Injury,SMV Other,Driver,20 to 24,Major,,South,"Automobile, Station Wagon",Going Ahead,Lost control,Fatigue,,,,,,,,,Yes,,,,,,,,,,,67,Playter Estates-Danforth,67,Playter Estates-Danforth (67),D55,13141
-8837274.99725336,5411557.36779052,80735162,,2017,2017/02/18 05:00:00+00,2230,UNIVERSITY AVE,QUEEN ST W,11 m North of,Major Arterial,Toronto and East York,10,43.650778,-79.386592,Intersection,At Intersection,Traffic Signal,Clear,"Dark, artificial",Dry,Non-Fatal Injury,Pedestrian Collisions,Driver,30 to 34,None,,East,"Automobile, Station Wagon",Turning Left,Driving Properly,Normal,,,,,,,Yes,,Yes,,,,,,,,,,,170,Yonge-Bay Corridor,76,Bay Street Corridor (76),D52,13142
-8837274.99725336,5411557.36779052,80735163,,2017,2017/02/18 05:00:00+00,2230,UNIVERSITY AVE,QUEEN ST W,11 m North of,Major Arterial,Toronto and East York,10,43.650778,-79.386592,Intersection,At Intersection,Traffic Signal,Clear,"Dark, artificial",Dry,Non-Fatal Injury,Pedestrian Collisions,Other,unknown,None,,Unknown,,Unknown,,,,,,,,,Yes,,Yes,,,,,,,,,,,170,Yonge-Bay Corridor,76,Bay Street Corridor (76),D52,13143
-8837274.99725336,5411557.36779052,80735164,,2017,2017/02/18 05:00:00+00,2230,UNIVERSITY AVE,QUEEN ST W,11 m North of,Major Arterial,Toronto and East York,10,43.650778,-79.386592,Intersection,At Intersection,Traffic Signal,Clear,"Dark, artificial",Dry,Non-Fatal Injury,Pedestrian Collisions,Pedestrian,35 to 39,Major,,East,,,,,Vehicle turns left while ped crosses without ROW at inter.,Crossing without right of way,Inattentive,,,,Yes,,Yes,,,,,,,,,,,170,Yonge-Bay Corridor,76,Bay Street Corridor (76),D52,13144
-8837274.99725336,5411557.36779052,80735165,,2017,2017/02/18 05:00:00+00,2230,UNIVERSITY AVE,QUEEN ST W,11 m North of,Major Arterial,Toronto and East York,10,43.650778,-79.386592,Intersection,At Intersection,Traffic Signal,Clear,"Dark, artificial",Dry,Non-Fatal Injury,Pedestrian Collisions,Pedestrian,35 to 39,Minor,,East,,,,,Vehicle turns left while ped crosses without ROW at inter.,Crossing without right of way,Had Been Drinking,,,,Yes,,Yes,,,,,,,,,,,170,Yonge-Bay Corridor,76,Bay Street Corridor (76),D52,13145
-8852790.93051912,5406688.07960175,80772233,,2017,2017/02/19 05:00:00+00,1057,KIPLING AVE,GARDINER C W KIPLING  RAMP,,Major Arterial,Etobicoke York,3,43.61912,-79.525974,Intersection,At Intersection,Traffic Signal,Clear,Daylight,Dry,Non-Fatal Injury,Turning Movement,Driver,35 to 39,None,,North,"Automobile, Station Wagon",Going Ahead,Disobeyed Traffic Control,Inattentive,,,,,,,,,Yes,Yes,,,,Yes,,Yes,Yes,,,159,Etobicoke City Centre,14,Islington-City Centre West (14),D22,13146
-8852790.93051912,5406688.07960175,80772234,,2017,2017/02/19 05:00:00+00,1057,KIPLING AVE,GARDINER C W KIPLING  RAMP,,Major Arterial,Etobicoke York,3,43.61912,-79.525974,Intersection,At Intersection,Traffic Signal,Clear,Daylight,Dry,Non-Fatal Injury,Turning Movement,Motorcycle Driver,45 to 49,Major,,West,Motorcycle,Turning Left,Driving Properly,Normal,,,,,,,,,Yes,Yes,,,,Yes,,Yes,Yes,,,159,Etobicoke City Centre,14,Islington-City Centre West (14),D22,13147
-8852790.93051912,5406688.07960175,80772235,,2017,2017/02/19 05:00:00+00,1057,KIPLING AVE,GARDINER C W KIPLING  RAMP,,Major Arterial,Etobicoke York,3,43.61912,-79.525974,Intersection,At Intersection,Traffic Signal,Clear,Daylight,Dry,Non-Fatal Injury,Turning Movement,Passenger,10 to 14,None,,,,,,,,,,,,,,,Yes,Yes,,,,Yes,,Yes,Yes,,,159,Etobicoke City Centre,14,Islington-City Centre West (14),D22,13148
-8831946.46718756,5414278.59895705,80735242,,2017,2017/02/19 05:00:00+00,1727,1000 GERRARD ST E,,98 m West of,Minor Arterial,Toronto and East York,14,43.668463,-79.338725,Mid-Block,Non Intersection,No Control,Clear,Daylight,Dry,Non-Fatal Injury,Pedestrian Collisions,Driver,20 to 24,None,,West,"Automobile, Station Wagon",Going Ahead,Driving Properly,Normal,,,,,,,Yes,,Yes,,,,,,,,,,,70,South Riverdale,70,South Riverdale (70),D55,13149
-8831946.46718756,5414278.59895705,80735243,,2017,2017/02/19 05:00:00+00,1727,1000 GERRARD ST E,,98 m West of,Minor Arterial,Toronto and East York,14,43.668463,-79.338725,Mid-Block,Non Intersection,No Control,Clear,Daylight,Dry,Non-Fatal Injury,Pedestrian Collisions,Pedestrian,55 to 59,Major,,South,,,,,Pedestrian hit at mid-block,Crossing without right of way,Normal,,,,Yes,,Yes,,,,,,,,,,,70,South Riverdale,70,South Riverdale (70),D55,13150
-8836627.00649746,5411410.13488087,80657505,,2017,2017/02/23 05:00:00+00,1022,ADELAIDE ST W,BAY ST,,Major Arterial,Toronto and East York,1013,43.649821,-79.380771,Intersection,At Intersection,Traffic Signal,Clear,"Daylight, artificial",Dry,Fatal,Pedestrian Collisions,Pedestrian,75 to 79,Fatal,8,East,,,,,Vehicle turns right while ped crosses with ROW at inter.,Crossing with right of way,Normal,,,,Yes,,Yes,,,,,,,Yes,,,,170,Yonge-Bay Corridor,76,Bay Street Corridor (76),D52,13151
-8836627.00649746,5411410.13488087,80657524,,2017,2017/02/23 05:00:00+00,1022,ADELAIDE ST W,BAY ST,,Major Arterial,Toronto and East York,1013,43.649821,-79.380771,Intersection,At Intersection,Traffic Signal,Clear,"Daylight, artificial",Dry,Fatal,Pedestrian Collisions,Driver,20 to 24,None,,East,Pick Up Truck,Turning Right,Failed to Yield Right of Way,Inattentive,,,,,,,Yes,,Yes,,,,,,,Yes,,,,170,Yonge-Bay Corridor,76,Bay Street Corridor (76),D52,13152
-8840280.73482428,5430254.7062335,80772519,,2017,2017/02/23 05:00:00+00,1200,YONGE ST,NORTON AVE,,Major Arterial,North York,18,43.772185,-79.413593,Intersection,At Intersection,Stop Sign,Clear,Daylight,Dry,Non-Fatal Injury,Pedestrian Collisions,Driver,65 to 69,None,,West,"Automobile, Station Wagon",Turning Left,Improper Turn,Inattentive,,,,,,,Yes,,Yes,,,,,,,,,,,151,Yonge-Doris,51,Willowdale East (51),D32,13153
-8840280.73482428,5430254.7062335,80772520,,2017,2017/02/23 05:00:00+00,1200,YONGE ST,NORTON AVE,,Major Arterial,North York,18,43.772185,-79.413593,Intersection,At Intersection,Stop Sign,Clear,Daylight,Dry,Non-Fatal Injury,Pedestrian Collisions,Pedestrian,80 to 84,Major,,East,,,,,Vehicle turns left while ped crosses without ROW at inter.,"Crossing, no Traffic Control",Normal,,,,Yes,,Yes,,,,,,,,,,,151,Yonge-Doris,51,Willowdale East (51),D32,13154
-8827792.58038861,5422943.10042064,80772736,,2017,2017/02/23 05:00:00+00,2020,EGLINTON AVE E,VICTORIA PARK AVE,,Major Arterial,Scarborough,2120,43.724738,-79.30141,Mid-Block,Non Intersection,No Control,Clear,"Dark, artificial",Dry,Non-Fatal Injury,Pedestrian Collisions,Driver,25 to 29,None,,West,"Automobile, Station Wagon",Going Ahead,Driving Properly,Unknown,,,,,,,Yes,,Yes,,,,,,,,,,,120,Clairlea-Birchmount,120,Clairlea-Birchmount (120),D41,13155
-8827792.58038861,5422943.10042064,80772737,,2017,2017/02/23 05:00:00+00,2020,EGLINTON AVE E,VICTORIA PARK AVE,,Major Arterial,Scarborough,2120,43.724738,-79.30141,Mid-Block,Non Intersection,No Control,Clear,"Dark, artificial",Dry,Non-Fatal Injury,Pedestrian Collisions,Pedestrian,85 to 89,Major,,North,,,,,Pedestrian hit at mid-block,"Crossing, no Traffic Control",Inattentive,,,,Yes,,Yes,,,,,,,,,,,120,Clairlea-Birchmount,120,Clairlea-Birchmount (120),D41,13156
-8842774.29141804,5409453.7137507,80772708,,2017,2017/02/24 05:00:00+00,615,KING ST W,JAMESON AVE,8 m East of,Major Arterial,Toronto and East York,4,43.637103,-79.435993,Intersection,At Intersection,Traffic Signal,Rain,Dawn,Wet,Non-Fatal Injury,Pedestrian Collisions,Driver,50 to 54,None,,South,"Automobile, Station Wagon",Turning Left,Failed to Yield Right of Way,Normal,,,,,,,Yes,,Yes,,,,,,,Yes,,,,85,South Parkdale,85,South Parkdale (85),D14,13157
-8842774.29141804,5409453.7137507,80772709,,2017,2017/02/24 05:00:00+00,615,KING ST W,JAMESON AVE,8 m East of,Major Arterial,Toronto and East York,4,43.637103,-79.435993,Intersection,At Intersection,Traffic Signal,Rain,Dawn,Wet,Non-Fatal Injury,Pedestrian Collisions,Pedestrian,55 to 59,Major,,North,,,,,Vehicle turns left while ped crosses with ROW at inter.,Crossing with right of way,Normal,,,,Yes,,Yes,,,,,,,Yes,,,,85,South Parkdale,85,South Parkdale (85),D14,13158
-8843350.92638035,5418121.2314802,80771840,,2017,2017/02/24 05:00:00+00,1818,OAKWOOD AVE,STRADER AVE,7 m South of,Minor Arterial,Toronto and East York,12,43.693427,-79.441173,Intersection,At Intersection,No Control,Clear,"Dark, artificial",Dry,Non-Fatal Injury,Pedestrian Collisions,Driver,70 to 74,None,,South,"Automobile, Station Wagon",Going Ahead,Driving Properly,Normal,,,,,,,Yes,,Yes,,,,,,,,,,,107,Oakwood Village,107,Oakwood Village (107),D13,13159
-8843350.92638035,5418121.2314802,80771841,,2017,2017/02/24 05:00:00+00,1818,OAKWOOD AVE,STRADER AVE,7 m South of,Minor Arterial,Toronto and East York,12,43.693427,-79.441173,Intersection,At Intersection,No Control,Clear,"Dark, artificial",Dry,Non-Fatal Injury,Pedestrian Collisions,Pedestrian,25 to 29,Major,,West,,,,,Vehicle is going straight thru inter.while ped cross without ROW,"Crossing, no Traffic Control",Had Been Drinking,,,,Yes,,Yes,,,,,,,,,,,107,Oakwood Village,107,Oakwood Village (107),D13,13160
-8821852.57235988,5424774.19481734,80772188,,2017,2017/02/26 05:00:00+00,300,EGLINTON AVE E,BRIMLEY RD,30 m East of,Major Arterial,Scarborough,2120,43.736624,-79.24805,Mid-Block,Intersection Related,No Control,Clear,"Dark, artificial",Dry,Non-Fatal Injury,Rear End,Driver,20 to 24,Minimal,,East,"Automobile, Station Wagon",Going Ahead,Exceeding Speed Limit,"Ability Impaired, Alcohol Over .08",,,,,,,,,Yes,,,,,Yes,Yes,Yes,,Yes,,124,Kennedy Park,124,Kennedy Park (124),D41,13161
-8821852.57235988,5424774.19481734,80772189,,2017,2017/02/26 05:00:00+00,300,EGLINTON AVE E,BRIMLEY RD,30 m East of,Major Arterial,Scarborough,2120,43.736624,-79.24805,Mid-Block,Intersection Related,No Control,Clear,"Dark, artificial",Dry,Non-Fatal Injury,Rear End,Driver,45 to 49,Major,,East,"Automobile, Station Wagon",Going Ahead,Driving Properly,Normal,,,,,,,,,Yes,,,,,Yes,Yes,Yes,,Yes,,124,Kennedy Park,124,Kennedy Park (124),D41,13162
-8821852.57235988,5424774.19481734,80772190,,2017,2017/02/26 05:00:00+00,300,EGLINTON AVE E,BRIMLEY RD,30 m East of,Major Arterial,Scarborough,2120,43.736624,-79.24805,Mid-Block,Intersection Related,No Control,Clear,"Dark, artificial",Dry,Non-Fatal Injury,Rear End,Passenger,20 to 24,Major,,,,,,,,,,,,,,,Yes,,,,,Yes,Yes,Yes,,Yes,,124,Kennedy Park,124,Kennedy Park (124),D41,13163
-8821852.57235988,5424774.19481734,80772191,,2017,2017/02/26 05:00:00+00,300,EGLINTON AVE E,BRIMLEY RD,30 m East of,Major Arterial,Scarborough,2120,43.736624,-79.24805,Mid-Block,Intersection Related,No Control,Clear,"Dark, artificial",Dry,Non-Fatal Injury,Rear End,Passenger,20 to 24,None,,,,,,,,,,,,,,,Yes,,,,,Yes,Yes,Yes,,Yes,,124,Kennedy Park,124,Kennedy Park (124),D41,13164
-8821852.57235988,5424774.19481734,80772192,,2017,2017/02/26 05:00:00+00,300,EGLINTON AVE E,BRIMLEY RD,30 m East of,Major Arterial,Scarborough,2120,43.736624,-79.24805,Mid-Block,Intersection Related,No Control,Clear,"Dark, artificial",Dry,Non-Fatal Injury,Rear End,Passenger,20 to 24,Minor,,,,,,,,,,,,,,,Yes,,,,,Yes,Yes,Yes,,Yes,,124,Kennedy Park,124,Kennedy Park (124),D41,13165
-8838604.15197344,5412838.71623742,80772592,,2017,2017/02/26 05:00:00+00,2311,215 HURON ST,,20 m South of,Local,Toronto and East York,11,43.659106,-79.398532,Mid-Block,Non Intersection,No Control,Clear,"Dark, artificial",Dry,Non-Fatal Injury,Cyclist Collisions,Driver,45 to 49,None,,North,"Automobile, Station Wagon",Going Ahead,Other,Inattentive,,,,,,,,Yes,Yes,,,,,Yes,,,,,,79,University,79,University (79),D52,13166
-8838604.15197344,5412838.71623742,80772593,,2017,2017/02/26 05:00:00+00,2311,215 HURON ST,,20 m South of,Local,Toronto and East York,11,43.659106,-79.398532,Mid-Block,Non Intersection,No Control,Clear,"Dark, artificial",Dry,Non-Fatal Injury,Cyclist Collisions,Cyclist,25 to 29,Major,,South,Bicycle,Going Ahead,,,,,,Insufficient information (to determine cyclist crash type).,Other,Inattentive,,Yes,Yes,,,,,Yes,,,,,,79,University,79,University (79),D52,13167
-8838604.15197344,5412838.71623742,80772594,,2017,2017/02/26 05:00:00+00,2311,215 HURON ST,,20 m South of,Local,Toronto and East York,11,43.659106,-79.398532,Mid-Block,Non Intersection,No Control,Clear,"Dark, artificial",Dry,Non-Fatal Injury,Cyclist Collisions,Passenger,20 to 24,None,,,,,,,,,,,,,,Yes,Yes,,,,,Yes,,,,,,79,University,79,University (79),D52,13168