X,Y,INDEX_,ACCNUM,YEAR,DATE,TIME,STREET1,STREET2,OFFSET,ROAD_CLASS,DISTRICT,WARDNUM,LATITUDE,LONGITUDE,LOCCOORD,ACCLOC,TRAFFCTL,VISIBILITY,LIGHT,RDSFCOND,ACCLASS,IMPACTYPE,INVTYPE,INVAGE,INJURY,FATAL_NO,INITDIR,VEHTYPE,MANOEUVER,DRIVACT,DRIVCOND,PEDTYPE,PEDACT,PEDCOND,CYCLISTYPE,CYCACT,CYCCOND,PEDESTRIAN,CYCLIST,AUTOMOBILE,MOTORCYCLE,TRUCK,TRSN_CITY_VEH,EMERG_VEH,PASSENGER,SPEEDING,AG_DRIV,REDLIGHT,ALCOHOL,DISABILITY,HOOD_158,NEIGHBOURHOOD_158,HOOD_140,NEIGHBOURHOOD_140,DIVISION,ObjectId
-8828417.63932942,5438187.2660667,80937512,,2017,2017/02/28 05:00:00+00,2122,STEELES AVE E,KENNEDY RD,,Major Arterial,Scarborough,22,43.823619,-79.307025,Intersection,At Intersection,Traffic Signal,Rain,"Dark, artificial",Wet,Non-Fatal Injury,Pedestrian Collisions,Driver,45 to 49,None,,East,"Automobile, Station Wagon",Turning Left,Failed to Yield Right of Way,Normal,,,,,,,Yes,,Yes,,,,,,,Yes,,,,130,Milliken,130,Milliken (130),D42,13169
-8828417.63932942,5438187.2660667,80937513,,2017,2017/02/28 05:00:00+00,2122,STEELES AVE E,KENNEDY RD,,Major Arterial,Scarborough,22,43.823619,-79.307025,Intersection,At Intersection,Traffic Signal,Rain,"Dark, artificial",Wet,Non-Fatal Injury,Pedestrian Collisions,Pedestrian,50 to 54,Major,,East,,,,,Vehicle turns left while ped crosses with ROW at inter.,Crossing with right of way,Normal,,,,Yes,,Yes,,,,,,,Yes,,,,130,Milliken,130,Milliken (130),D42,13170
-8850972.52663701,5425232.71855464,80681704,,2017,2017/03/04 05:00:00+00,1001,SHEPPARD AVE W,MAGELLAN DR,,Major Arterial,Etobicoke York,76,43.7396,-79.509639,Intersection,At Intersection,Traffic Signal,Clear,Daylight,Dry,Fatal,Pedestrian Collisions,Driver,20 to 24,None,,East,"Automobile, Station Wagon",Going Ahead,Disobeyed Traffic Control,Inattentive,,,,,,,Yes,,Yes,,,,,,,Yes,Yes,,,25,Glenfield-Jane Heights,25,Glenfield-Jane Heights (25),D31,13171
-8850972.52663701,5425232.71855464,80681706,,2017,2017/03/04 05:00:00+00,1001,SHEPPARD AVE W,MAGELLAN DR,,Major Arterial,Etobicoke York,76,43.7396,-79.509639,Intersection,At Intersection,Traffic Signal,Clear,Daylight,Dry,Fatal,Pedestrian Collisions,Pedestrian,5 to 9,Minor,,North,,,,,Vehicle is going straight thru inter.while ped cross with ROW,Crossing with right of way,Normal,,,,Yes,,Yes,,,,,,,Yes,Yes,,,25,Glenfield-Jane Heights,25,Glenfield-Jane Heights (25),D31,13172
-8850972.52663701,5425232.71855464,80681738,,2017,2017/03/04 05:00:00+00,1001,SHEPPARD AVE W,MAGELLAN DR,,Major Arterial,Etobicoke York,76,43.7396,-79.509639,Intersection,At Intersection,Traffic Signal,Clear,Daylight,Dry,Fatal,Pedestrian Collisions,Pedestrian,5 to 9,Fatal,11,North,,,,,Vehicle is going straight thru inter.while ped cross with ROW,Crossing with right of way,Normal,,,,Yes,,Yes,,,,,,,Yes,Yes,,,25,Glenfield-Jane Heights,25,Glenfield-Jane Heights (25),D31,13173
-8862368.414229,5422279.67642421,80681743,,2017,2017/03/04 05:00:00+00,1249,REXDALE BLVD,RAMP TO ENTRANCE RD,6.5 m West of,Major Arterial,Etobicoke York,1,43.720431,-79.61201,Mid-Block,Non Intersection,No Control,Clear,Daylight,Dry,Fatal,Pedestrian Collisions,Pedestrian,90 to 94,Fatal,14,South,,,,,Pedestrian hit at mid-block,"Crossing, no Traffic Control",Inattentive,,,,Yes,,Yes,,,,,,,,,,,1,West Humber-Clairville,1,West Humber-Clairville (1),D23,13174
-8862368.414229,5422279.67642421,80681744,,2017,2017/03/04 05:00:00+00,1249,REXDALE BLVD,RAMP TO ENTRANCE RD,6.5 m West of,Major Arterial,Etobicoke York,1,43.720431,-79.61201,Mid-Block,Non Intersection,No Control,Clear,Daylight,Dry,Fatal,Pedestrian Collisions,Driver,75 to 79,None,,East,Passenger Van,Going Ahead,Driving Properly,Normal,,,,,,,Yes,,Yes,,,,,,,,,,,1,West Humber-Clairville,1,West Humber-Clairville (1),D23,13175
-8846754.0745334,5411753.98969193,80681696,,2017,2017/03/07 05:00:00+00,1538,BLOOR ST W,KENNEDY PARK RD,8.6 m East of,Major Arterial,Toronto and East York,4,43.652056,-79.471744,Intersection,Intersection Related,No Control,Clear,Daylight,Dry,Fatal,Approaching,Driver,30 to 34,None,,West,"Automobile, Station Wagon",Overtaking,Improper Passing,Unknown,,,,,,,,,Yes,,,,,Yes,Yes,Yes,,,,87,High Park-Swansea,87,High Park-Swansea (87),D11,13176
-8846754.0745334,5411753.98969193,80681700,,2017,2017/03/07 05:00:00+00,1538,BLOOR ST W,KENNEDY PARK RD,8.6 m East of,Major Arterial,Toronto and East York,4,43.652056,-79.471744,Intersection,Intersection Related,No Control,Clear,Daylight,Dry,Fatal,Approaching,Driver,80 to 84,None,,East,"Automobile, Station Wagon",Going Ahead,Driving Properly,Normal,,,,,,,,,Yes,,,,,Yes,Yes,Yes,,,,87,High Park-Swansea,87,High Park-Swansea (87),D11,13177
-8846754.0745334,5411753.98969193,80681701,,2017,2017/03/07 05:00:00+00,1538,BLOOR ST W,KENNEDY PARK RD,8.6 m East of,Major Arterial,Toronto and East York,4,43.652056,-79.471744,Intersection,Intersection Related,No Control,Clear,Daylight,Dry,Fatal,Approaching,Passenger,35 to 39,Fatal,10,,"Automobile, Station Wagon",,,,,,,,,,,,Yes,,,,,Yes,Yes,Yes,,,,87,High Park-Swansea,87,High Park-Swansea (87),D11,13178
-8846754.0745334,5411753.98969193,80681702,,2017,2017/03/07 05:00:00+00,1538,BLOOR ST W,KENNEDY PARK RD,8.6 m East of,Major Arterial,Toronto and East York,4,43.652056,-79.471744,Intersection,Intersection Related,No Control,Clear,Daylight,Dry,Fatal,Approaching,Driver,20 to 24,None,,East,"Automobile, Station Wagon",Going Ahead,Driving Properly,Normal,,,,,,,,,Yes,,,,,Yes,Yes,Yes,,,,87,High Park-Swansea,87,High Park-Swansea (87),D11,13179
-8846754.0745334,5411753.98969193,80681703,,2017,2017/03/07 05:00:00+00,1538,BLOOR ST W,KENNEDY PARK RD,8.6 m East of,Major Arterial,Toronto and East York,4,43.652056,-79.471744,Intersection,Intersection Related,No Control,Clear,Daylight,Dry,Fatal,Approaching,Passenger,35 to 39,None,,,"Automobile, Station Wagon",,,,,,,,,,,,Yes,,,,,Yes,Yes,Yes,,,,87,High Park-Swansea,87,High Park-Swansea (87),D11,13180
-8838259.39551045,5418006.68670484,80741181,,2017,2017/03/08 05:00:00+00,36,YONGE ST,MERTON ST,386 m South of,Major Arterial,Toronto and East York,12,43.692683,-79.395435,Mid-Block,Non Intersection,No Control,Clear,"Dark, artificial",Dry,Non-Fatal Injury,SMV Other,Driver,30 to 34,Major,,North,"Automobile, Station Wagon",Going Ahead,Other,"Ability Impaired, Alcohol",,,,,,,,,Yes,,,,,,,,,Yes,,99,Mount Pleasant East,99,Mount Pleasant East (99),D53,13181
-8838769.79537574,5412659.61218327,80890343,,2017,2017/03/10 05:00:00+00,204,SPADINA AV,COLLEGE ST,20 m North of,Major Arterial,Toronto and East York,11,43.657942,-79.40002,Mid-Block,Non Intersection,No Control,Clear,"Dark, artificial",Dry,Non-Fatal Injury,Rear End,Passenger,25 to 29,Major,,,,,,,,,,,,,,,Yes,,,,,Yes,Yes,Yes,,,,78,Kensington-Chinatown,78,Kensington-Chinatown (78),D52,13182
-8838769.79537574,5412659.61218327,80890344,,2017,2017/03/10 05:00:00+00,204,SPADINA AV,COLLEGE ST,20 m North of,Major Arterial,Toronto and East York,11,43.657942,-79.40002,Mid-Block,Non Intersection,No Control,Clear,"Dark, artificial",Dry,Non-Fatal Injury,Rear End,Driver,35 to 39,Minor,,North,"Automobile, Station Wagon",Going Ahead,Improper Passing,Inattentive,,,,,,,,,Yes,,,,,Yes,Yes,Yes,,,,78,Kensington-Chinatown,78,Kensington-Chinatown (78),D52,13183
-8810551.75161302,5431040.9638664,80775747,,2017,2017/03/10 05:00:00+00,846,LAWRENCE AVE E,CENTENNIAL RD,17 m East of,Minor Arterial,Scarborough,25,43.777285,-79.146533,Intersection,At Intersection,Traffic Signal,Clear,Daylight,Dry,Non-Fatal Injury,Rear End,Driver,85 to 89,Major,,West,"Automobile, Station Wagon",Going Ahead,Lost control,Medical or Physical Disability,,,,,,,,,Yes,,,,,Yes,,,,,Yes,133,Centennial Scarborough,133,Centennial Scarborough (133),D43,13184
-8810551.75161302,5431040.9638664,80775748,,2017,2017/03/10 05:00:00+00,846,LAWRENCE AVE E,CENTENNIAL RD,17 m East of,Minor Arterial,Scarborough,25,43.777285,-79.146533,Intersection,At Intersection,Traffic Signal,Clear,Daylight,Dry,Non-Fatal Injury,Rear End,Driver,35 to 39,None,,West,"Automobile, Station Wagon",Stopped,Driving Properly,Normal,,,,,,,,,Yes,,,,,Yes,,,,,Yes,133,Centennial Scarborough,133,Centennial Scarborough (133),D43,13185
-8810551.75161302,5431040.9638664,80775802,,2017,2017/03/10 05:00:00+00,846,LAWRENCE AVE E,CENTENNIAL RD,17 m East of,Minor Arterial,Scarborough,25,43.777285,-79.146533,Intersection,At Intersection,Traffic Signal,Clear,Daylight,Dry,Non-Fatal Injury,Rear End,Passenger,45 to 49,Minor,,,,,,,,,,,,,,,Yes,,,,,Yes,,,,,Yes,133,Centennial Scarborough,133,Centennial Scarborough (133),D43,13186
-8810551.75161302,5431040.9638664,80775803,,2017,2017/03/10 05:00:00+00,846,LAWRENCE AVE E,CENTENNIAL RD,17 m East of,Minor Arterial,Scarborough,25,43.777285,-79.146533,Intersection,At Intersection,Traffic Signal,Clear,Daylight,Dry,Non-Fatal Injury,Rear End,Passenger,0 to 4,Minor,,,,,,,,,,,,,,,Yes,,,,,Yes,,,,,Yes,133,Centennial Scarborough,133,Centennial Scarborough (133),D43,13187
-8824776.71274404,5436505.76544779,80775127,,2017,2017/03/13 04:00:00+00,1006,BRIMWOOD BLVD,WELLPARK BLVD,4 m East of,Collector,Scarborough,23,43.81272,-79.274318,Intersection,At Intersection,Stop Sign,Clear,Daylight,Dry,Non-Fatal Injury,Cyclist Collisions,Cyclist,70 to 74,Major,,South,Bicycle,Turning Left,,,,,,Cyclist turned left across motorists path.,Failed to Yield Right of Way,Inattentive,,Yes,Yes,,,,,,,,,,,129,Agincourt North,129,Agincourt North (129),D42,13188
-8824776.71274404,5436505.76544779,80775128,,2017,2017/03/13 04:00:00+00,1006,BRIMWOOD BLVD,WELLPARK BLVD,4 m East of,Collector,Scarborough,23,43.81272,-79.274318,Intersection,At Intersection,Stop Sign,Clear,Daylight,Dry,Non-Fatal Injury,Cyclist Collisions,Driver,45 to 49,None,,East,"Automobile, Station Wagon",Going Ahead,Driving Properly,Normal,,,,,,,,Yes,Yes,,,,,,,,,,,129,Agincourt North,129,Agincourt North (129),D42,13189
-8846492.47373003,5422599.29080754,80775506,,2017,2017/03/13 04:00:00+00,1405,CALEDONIA RD,BRIDGELAND AVE,176 m South of,Minor Arterial,North York,8,43.722506,-79.469394,Mid-Block,Non Intersection,No Control,Snow,Daylight,Wet,Non-Fatal Injury,Rear End,Driver,30 to 34,None,,South,"Automobile, Station Wagon",Going Ahead,Speed too Fast For Condition,Inattentive,,,,,,,,,Yes,,,,,,Yes,Yes,,,,31,Yorkdale-Glen Park,31,Yorkdale-Glen Park (31),D32,13190
-8846492.47373003,5422599.29080754,80775507,,2017,2017/03/13 04:00:00+00,1405,CALEDONIA RD,BRIDGELAND AVE,176 m South of,Minor Arterial,North York,8,43.722506,-79.469394,Mid-Block,Non Intersection,No Control,Snow,Daylight,Wet,Non-Fatal Injury,Rear End,Driver,40 to 44,Major,,South,"Automobile, Station Wagon",Slowing or Stopping,Driving Properly,Normal,,,,,,,,,Yes,,,,,,Yes,Yes,,,,31,Yorkdale-Glen Park,31,Yorkdale-Glen Park (31),D32,13191
-8824666.28380917,5434286.91354668,80775986,,2017,2017/03/15 04:00:00+00,1658,BRIMLEY RD,HUNTINGWOOD DR,,Major Arterial,Scarborough,23,43.798335,-79.273326,Intersection,At Intersection,Traffic Signal,Clear,Daylight,Dry,Non-Fatal Injury,Angle,Driver,15 to 19,Minimal,,South,"Automobile, Station Wagon",Going Ahead,Disobeyed Traffic Control,Inattentive,,,,,,,,,Yes,,,,,Yes,,Yes,Yes,,,129,Agincourt North,129,Agincourt North (129),D42,13192
-8824666.28380917,5434286.91354668,80775987,,2017,2017/03/15 04:00:00+00,1658,BRIMLEY RD,HUNTINGWOOD DR,,Major Arterial,Scarborough,23,43.798335,-79.273326,Intersection,At Intersection,Traffic Signal,Clear,Daylight,Dry,Non-Fatal Injury,Angle,Driver,30 to 34,Major,,East,"Automobile, Station Wagon",Going Ahead,Driving Properly,Normal,,,,,,,,,Yes,,,,,Yes,,Yes,Yes,,,129,Agincourt North,129,Agincourt North (129),D42,13193
-8824666.28380917,5434286.91354668,80775988,,2017,2017/03/15 04:00:00+00,1658,BRIMLEY RD,HUNTINGWOOD DR,,Major Arterial,Scarborough,23,43.798335,-79.273326,Intersection,At Intersection,Traffic Signal,Clear,Daylight,Dry,Non-Fatal Injury,Angle,Driver,45 to 49,Minimal,,North,"Automobile, Station Wagon",Stopped,Driving Properly,Normal,,,,,,,,,Yes,,,,,Yes,,Yes,Yes,,,129,Agincourt North,129,Agincourt North (129),D42,13194
-8824666.28380917,5434286.91354668,80775989,,2017,2017/03/15 04:00:00+00,1658,BRIMLEY RD,HUNTINGWOOD DR,,Major Arterial,Scarborough,23,43.798335,-79.273326,Intersection,At Intersection,Traffic Signal,Clear,Daylight,Dry,Non-Fatal Injury,Angle,Passenger,15 to 19,None,,,,,,,,,,,,,,,Yes,,,,,Yes,,Yes,Yes,,,129,Agincourt North,129,Agincourt North (129),D42,13195
-8836418.05981324,5414151.3287194,80681705,,2017,2017/03/18 04:00:00+00,1932,JARVIS ST,EARL PL,30 m South of,Major Arterial,Toronto and East York,13,43.667636,-79.378894,Mid-Block,Intersection Related,No Control,Rain,"Dark, artificial",Wet,Fatal,Pedestrian Collisions,Pedestrian,60 to 64,Fatal,12,East,,,,,Pedestrian hit at mid-block,"Crossing, no Traffic Control",Medical or Physical Disability,,,,Yes,,Yes,,,,,,,,,,,74,North St.James Town,74,North St.James Town (74),D51,13196
-8836418.05981324,5414151.3287194,80681739,,2017,2017/03/18 04:00:00+00,1932,JARVIS ST,EARL PL,30 m South of,Major Arterial,Toronto and East York,13,43.667636,-79.378894,Mid-Block,Intersection Related,No Control,Rain,"Dark, artificial",Wet,Fatal,Pedestrian Collisions,Driver,65 to 69,None,,South,"Automobile, Station Wagon",Going Ahead,Driving Properly,Unknown,,,,,,,Yes,,Yes,,,,,,,,,,,74,North St.James Town,74,North St.James Town (74),D51,13197
-8859317.70358381,5426602.2625047,80885193,,2017,2017/03/19 04:00:00+00,155,2677 KIPLING  AVE,,6 m East of,Major Arterial,Etobicoke York,1,43.748488,-79.584605,Mid-Block,At/Near Private Drive,No Control,Snow,"Dark, artificial",Wet,Non-Fatal Injury,SMV Other,Driver,30 to 34,Major,,South,"Automobile, Station Wagon",Going Ahead,Speed too Fast For Condition,"Ability Impaired, Alcohol",,,,,,,,,Yes,,,,,,Yes,Yes,,Yes,,2,Mount Olive-Silverstone-Jamestown,2,Mount Olive-Silverstone-Jamestown (2),D23,13198
-8838516.65485367,5426079.7223652,80681740,,2017,2017/03/19 04:00:00+00,255,106 YORK MILLS RD,,,Major Arterial,North York,15,43.745097,-79.397746,Mid-Block,Non Intersection,No Control,Clear,"Dark, artificial",Wet,Fatal,SMV Other,Driver,45 to 49,Fatal,13,West,"Automobile, Station Wagon",Going Ahead,Driving Properly,Normal,,,,,,,,,Yes,,,,,,Yes,Yes,,,,41,Bridle Path-Sunnybrook-York Mills,41,Bridle Path-Sunnybrook-York Mills (41),D32,13199
-8838516.65485367,5426079.7223652,80681741,,2017,2017/03/19 04:00:00+00,255,106 YORK MILLS RD,,,Major Arterial,North York,15,43.745097,-79.397746,Mid-Block,Non Intersection,No Control,Clear,"Dark, artificial",Wet,Fatal,SMV Other,Driver,15 to 19,Minimal,,East,"Automobile, Station Wagon",Going Ahead,Lost control,Inattentive,,,,,,,,,Yes,,,,,,Yes,Yes,,,,41,Bridle Path-Sunnybrook-York Mills,41,Bridle Path-Sunnybrook-York Mills (41),D32,13200
-8832858.61909512,5411563.82947666,80896795,,2017,2017/03/21 04:00:00+00,845,LAKE SHORE BLVD E,DON ROADWAY,16 m East of,Major Arterial,Toronto and East York,14,43.65082,-79.346919,Intersection,At Intersection,Traffic Signal,Clear,Daylight,Dry,Non-Fatal Injury,Cyclist Collisions,Driver,65 to 69,None,,East,"Automobile, Station Wagon",Going Ahead,Driving Properly,Normal,,,,,,,,Yes,Yes,,,,,,,,,,,70,South Riverdale,70,South Riverdale (70),D51,13201
-8832858.61909512,5411563.82947666,80896796,,2017,2017/03/21 04:00:00+00,845,LAKE SHORE BLVD E,DON ROADWAY,16 m East of,Major Arterial,Toronto and East York,14,43.65082,-79.346919,Intersection,At Intersection,Traffic Signal,Clear,Daylight,Dry,Non-Fatal Injury,Cyclist Collisions,Cyclist,50 to 54,Major,,South,Bicycle,Going Ahead,,,,,,"Cyclist without ROW rides into path of motorist at inter, lnwy, dwy-Cyclist not turn.",Disobeyed Traffic Control,Inattentive,,Yes,Yes,,,,,,,,,,,70,South Riverdale,70,South Riverdale (70),D51,13202
-8821852.57235988,5424774.19481734,80775799,,2017,2017/03/21 04:00:00+00,905,EGLINTON AVE E,BRIMLEY RD,,Major Arterial,Scarborough,2120,43.736624,-79.24805,Intersection,At Intersection,Traffic Signal,Clear,Daylight,Dry,Non-Fatal Injury,Pedestrian Collisions,Driver,60 to 64,None,,South,"Automobile, Station Wagon",Turning Left,Failed to Yield Right of Way,Unknown,,,,,,,Yes,,Yes,,,,,,,Yes,,,,124,Kennedy Park,124,Kennedy Park (124),D41,13203
-8821852.57235988,5424774.19481734,80775800,,2017,2017/03/21 04:00:00+00,905,EGLINTON AVE E,BRIMLEY RD,,Major Arterial,Scarborough,2120,43.736624,-79.24805,Intersection,At Intersection,Traffic Signal,Clear,Daylight,Dry,Non-Fatal Injury,Pedestrian Collisions,Pedestrian,75 to 79,Major,,North,,,,,Vehicle turns left while ped crosses with ROW at inter.,Crossing with right of way,Normal,,,,Yes,,Yes,,,,,,,Yes,,,,124,Kennedy Park,124,Kennedy Park (124),D41,13204
-8829766.38627987,5429432.59912919,80788373,,2017,2017/03/21 04:00:00+00,1606,401 C E VICTORIA PR N RAMP,VICTORIA PARK AVE,,Major Arterial,North York,1621,43.766852,-79.319141,Intersection,At Intersection,Traffic Signal,Clear,Daylight,Dry,Non-Fatal Injury,Pedestrian Collisions,Driver,50 to 54,None,,East,"Automobile, Station Wagon",Turning Right,Failed to Yield Right of Way,Inattentive,,,,,,,Yes,,Yes,,,,,,,Yes,,,,119,Wexford/Maryvale,119,Wexford/Maryvale (119),D41,13205
-8829766.38627987,5429432.59912919,80788374,,2017,2017/03/21 04:00:00+00,1606,401 C E VICTORIA PR N RAMP,VICTORIA PARK AVE,,Major Arterial,North York,1621,43.766852,-79.319141,Intersection,At Intersection,Traffic Signal,Clear,Daylight,Dry,Non-Fatal Injury,Pedestrian Collisions,Pedestrian,65 to 69,Major,,North,,,,,Vehicle turns right while ped crosses with ROW at inter.,Crossing with right of way,Normal,,,,Yes,,Yes,,,,,,,Yes,,,,119,Wexford/Maryvale,119,Wexford/Maryvale (119),D41,13206
-8821068.66050572,5434309.89370264,80778120,,2017,2017/05/04 04:00:00+00,2025,NUGGET AVE,MARKHAM RD,,Major Arterial,Scarborough,23,43.798484,-79.241008,Intersection,At Intersection,Traffic Signal,Rain,Daylight,Wet,Non-Fatal Injury,Pedestrian Collisions,Pedestrian,65 to 69,Major,,West,,,,,Vehicle turns left while ped crosses with ROW at inter.,Crossing with right of way,Normal,,,,Yes,,Yes,,,,,,,Yes,,,,145,Malvern West,132,Malvern (132),D42,13207
-8832531.67375066,5414620.86764212,80942134,,2017,2017/03/22 04:00:00+00,1440,CARLAW AVE,RIVERDALE AVE,,Minor Arterial,Toronto and East York,14,43.670687,-79.343982,Intersection,At Intersection,No Control,Clear,Daylight,Dry,Non-Fatal Injury,Pedestrian Collisions,Pedestrian,60 to 64,Major,,North,,,,,Vehicle is going straight thru inter.while ped cross with ROW,Crossing with right of way,Normal,,,,Yes,,Yes,,,,,,,,,,,68,North Riverdale,68,North Riverdale (68),D55,13208
-8832531.67375066,5414620.86764212,80942135,,2017,2017/03/22 04:00:00+00,1440,CARLAW AVE,RIVERDALE AVE,,Minor Arterial,Toronto and East York,14,43.670687,-79.343982,Intersection,At Intersection,No Control,Clear,Daylight,Dry,Non-Fatal Injury,Pedestrian Collisions,Driver,unknown,None,,North,Delivery Van,Going Ahead,Lost control,Unknown,,,,,,,Yes,,Yes,,,,,,,,,,,68,North Riverdale,68,North Riverdale (68),D55,13209
-8861210.80284424,5427748.68768875,80776079,,2017,2017/03/23 04:00:00+00,653,MARTIN GROVE RD,BRUNELLO GT,,Minor Arterial,Etobicoke York,1,43.755927,-79.601611,Intersection,At Intersection,Stop Sign,Clear,Dawn,Dry,Non-Fatal Injury,Turning Movement,Driver,55 to 59,Major,,East,"Automobile, Station Wagon",Turning Left,Failed to Yield Right of Way,Inattentive,,,,,,,,,Yes,,,,,,,Yes,,,,1,West Humber-Clairville,1,West Humber-Clairville (1),D23,13210
-8861210.80284424,5427748.68768875,80776080,,2017,2017/03/23 04:00:00+00,653,MARTIN GROVE RD,BRUNELLO GT,,Minor Arterial,Etobicoke York,1,43.755927,-79.601611,Intersection,At Intersection,Stop Sign,Clear,Dawn,Dry,Non-Fatal Injury,Turning Movement,Driver,25 to 29,Minimal,,South,"Automobile, Station Wagon",Going Ahead,Driving Properly,Normal,,,,,,,,,Yes,,,,,,,Yes,,,,1,West Humber-Clairville,1,West Humber-Clairville (1),D23,13211
-8843310.18344672,5417991.44496686,80776683,,2017,2017/05/29 04:00:00+00,1343,OAKWOOD AVE,VAUGHAN RD,,Minor Arterial,Toronto and East York,12,43.692584,-79.440807,Intersection,At Intersection,Traffic Signal,Clear,Daylight,Dry,Non-Fatal Injury,Turning Movement,Motorcycle Driver,35 to 39,Major,,South,Motorcycle,Going Ahead,Driving Properly,Normal,,,,,,,,,Yes,Yes,,,,,,,,,,107,Oakwood Village,107,Oakwood Village (107),D13,13213
-8835538.19055801,5412702.54144688,80780912,,2017,2017/07/31 04:00:00+00,713,SHERBOURNE ST,DUNDAS ST E,,Major Arterial,Toronto and East York,13,43.658221,-79.37099,Intersection,At Intersection,Traffic Signal,Clear,Daylight,Dry,Fatal,Pedestrian Collisions,Driver,25 to 29,None,,South,"Automobile, Station Wagon",Going Ahead,Lost control,Fatigue,,,,,,,Yes,,Yes,,,,,,Yes,Yes,,,,73,Moss Park,73,Moss Park (73),D51,13214
-8823822.14811049,5427385.89705366,80885800,,2017,2017/05/04 04:00:00+00,2110,MIDLAND AVE,TREEWOOD ST,3 m West of,Major Arterial,Scarborough,21,43.753573,-79.265743,Intersection,At Intersection,No Control,Rain,"Dark, artificial",Wet,Non-Fatal Injury,Approaching,Passenger,0 to 4,Minor,,,,,,,,,,,,,,,Yes,,,,,Yes,,Yes,,,Yes,156,Bendale-Glen Andrew,127,Bendale (127),D41,13215
-8859547.91229078,5423130.5683168,80903122,,2017,2017/07/31 04:00:00+00,1345,MARTIN GROVE RD,WESTHUMBER  BLVD,,Major Arterial,Etobicoke York,1,43.725955,-79.586673,Intersection,At Intersection,Traffic Signal,Clear,Daylight,Dry,Non-Fatal Injury,Turning Movement,Passenger,65 to 69,Minimal,,,,,,,,,,,,,,,Yes,,,Yes,,Yes,,,,,,1,West Humber-Clairville,1,West Humber-Clairville (1),D23,13218
-8823822.14811049,5427385.89705366,80885801,,2017,2017/05/04 04:00:00+00,2110,MIDLAND AVE,TREEWOOD ST,3 m West of,Major Arterial,Scarborough,21,43.753573,-79.265743,Intersection,At Intersection,No Control,Rain,"Dark, artificial",Wet,Non-Fatal Injury,Approaching,Passenger,25 to 29,Major,,,,,,,,,,,,,,,Yes,,,,,Yes,,Yes,,,Yes,156,Bendale-Glen Andrew,127,Bendale (127),D41,13219
-8845120.01572804,5421216.78791561,80783174,,2017,2017/05/30 04:00:00+00,1305,960 LAWRENCE AVE W,,7 m South of,Major Arterial,North York,8,43.71353,-79.457065,Mid-Block,At/Near Private Drive,No Control,Clear,Daylight,Dry,Non-Fatal Injury,Turning Movement,Driver,70 to 74,Major,,East,"Automobile, Station Wagon",Turning Left,Failed to Yield Right of Way,Inattentive,,,,,,,,,Yes,,,,,Yes,,Yes,,,,31,Yorkdale-Glen Park,31,Yorkdale-Glen Park (31),D13,13220
-8859547.91229078,5423130.5683168,80903123,,2017,2017/07/31 04:00:00+00,1345,MARTIN GROVE RD,WESTHUMBER  BLVD,,Major Arterial,Etobicoke York,1,43.725955,-79.586673,Intersection,At Intersection,Traffic Signal,Clear,Daylight,Dry,Non-Fatal Injury,Turning Movement,Driver,25 to 29,Major,,North,"Automobile, Station Wagon",Going Ahead,Driving Properly,Normal,,,,,,,,,Yes,,,Yes,,Yes,,,,,,1,West Humber-Clairville,1,West Humber-Clairville (1),D23,13222
-8823822.14811049,5427385.89705366,80885802,,2017,2017/05/04 04:00:00+00,2110,MIDLAND AVE,TREEWOOD ST,3 m West of,Major Arterial,Scarborough,21,43.753573,-79.265743,Intersection,At Intersection,No Control,Rain,"Dark, artificial",Wet,Non-Fatal Injury,Approaching,Driver,40 to 44,Minor,,North,"Automobile, Station Wagon",Going Ahead,Driving Properly,Normal,,,,,,,,,Yes,,,,,Yes,,Yes,,,Yes,156,Bendale-Glen Andrew,127,Bendale (127),D41,13223
-8845120.01572804,5421216.78791561,80783175,,2017,2017/05/30 04:00:00+00,1305,960 LAWRENCE AVE W,,7 m South of,Major Arterial,North York,8,43.71353,-79.457065,Mid-Block,At/Near Private Drive,No Control,Clear,Daylight,Dry,Non-Fatal Injury,Turning Movement,Driver,65 to 69,None,,West,"Automobile, Station Wagon",Going Ahead,Driving Properly,Normal,,,,,,,,,Yes,,,,,Yes,,Yes,,,,31,Yorkdale-Glen Park,31,Yorkdale-Glen Park (31),D13,13224
-8859547.91229078,5423130.5683168,80903124,,2017,2017/07/31 04:00:00+00,1345,MARTIN GROVE RD,WESTHUMBER  BLVD,,Major Arterial,Etobicoke York,1,43.725955,-79.586673,Intersection,At Intersection,Traffic Signal,Clear,Daylight,Dry,Non-Fatal Injury,Turning Movement,Driver,45 to 49,None,,South,Municipal Transit Bus (TTC),Turning Left,Improper Turn,Normal,,,,,,,,,Yes,,,Yes,,Yes,,,,,,1,West Humber-Clairville,1,West Humber-Clairville (1),D23,13230