X,Y,INDEX_,ACCNUM,YEAR,DATE,TIME,STREET1,STREET2,OFFSET,ROAD_CLASS,DISTRICT,WARDNUM,LATITUDE,LONGITUDE,LOCCOORD,ACCLOC,TRAFFCTL,VISIBILITY,LIGHT,RDSFCOND,ACCLASS,IMPACTYPE,INVTYPE,INVAGE,INJURY,FATAL_NO,INITDIR,VEHTYPE,MANOEUVER,DRIVACT,DRIVCOND,PEDTYPE,PEDACT,PEDCOND,CYCLISTYPE,CYCACT,CYCCOND,PEDESTRIAN,CYCLIST,AUTOMOBILE,MOTORCYCLE,TRUCK,TRSN_CITY_VEH,EMERG_VEH,PASSENGER,SPEEDING,AG_DRIV,REDLIGHT,ALCOHOL,DISABILITY,HOOD_158,NEIGHBOURHOOD_158,HOOD_140,NEIGHBOURHOOD_140,DIVISION,ObjectId
-8823822.14811049,5427385.89705366,80885803,,2017,2017/05/04 04:00:00+00,2110,MIDLAND AVE,TREEWOOD ST,3 m West of,Major Arterial,Scarborough,21,43.753573,-79.265743,Intersection,At Intersection,No Control,Rain,"Dark, artificial",Wet,Non-Fatal Injury,Approaching,Driver,65 to 69,Major,,South,"Automobile, Station Wagon",Going Ahead,Other,Medical or Physical Disability,,,,,,,,,Yes,,,,,Yes,,Yes,,,Yes,156,Bendale-Glen Andrew,127,Bendale (127),D41,13231
-8845120.01572804,5421216.78791561,80783176,,2017,2017/05/30 04:00:00+00,1305,960 LAWRENCE AVE W,,7 m South of,Major Arterial,North York,8,43.71353,-79.457065,Mid-Block,At/Near Private Drive,No Control,Clear,Daylight,Dry,Non-Fatal Injury,Turning Movement,Driver,50 to 54,Minimal,,East,Delivery Van,Slowing or Stopping,Driving Properly,Normal,,,,,,,,,Yes,,,,,Yes,,Yes,,,,31,Yorkdale-Glen Park,31,Yorkdale-Glen Park (31),D13,13232
-8840746.94085172,5432832.64842546,80779926,,2017,2017/08/01 04:00:00+00,1648,YONGE  ST,WEDGEWOOD  DR,,Major Arterial,North York,18,43.788905,-79.417781,Intersection,At Intersection,No Control,Clear,Daylight,Dry,Non-Fatal Injury,Turning Movement,Driver,20 to 24,None,,South,"Automobile, Station Wagon",Turning Left,Failed to Yield Right of Way,Normal,,,,,,,,,Yes,,,,,Yes,,Yes,,,,50,Newtonbrook East,50,Newtonbrook East (50),D32,13233
-8851584.00459993,5420065.9382829,80778190,,2017,2017/05/05 04:00:00+00,151,116 KING ST,,3 m North of,Local,Etobicoke York,5,43.706057,-79.515132,Mid-Block,Non Intersection,No Control,Rain,"Dark, artificial",Wet,Non-Fatal Injury,SMV Other,Passenger,25 to 29,Major,,,,,,,,,,,,,,,,,,,,Yes,,,,,,113,Weston,113,Weston (113),D12,13235
-8840746.94085172,5432832.64842546,80779927,,2017,2017/08/01 04:00:00+00,1648,YONGE  ST,WEDGEWOOD  DR,,Major Arterial,North York,18,43.788905,-79.417781,Intersection,At Intersection,No Control,Clear,Daylight,Dry,Non-Fatal Injury,Turning Movement,Driver,60 to 64,None,,North,"Automobile, Station Wagon",Going Ahead,Driving Properly,Normal,,,,,,,,,Yes,,,,,Yes,,Yes,,,,50,Newtonbrook East,50,Newtonbrook East (50),D32,13236
-8840746.94085172,5432832.64842546,80779928,,2017,2017/08/01 04:00:00+00,1648,YONGE  ST,WEDGEWOOD  DR,,Major Arterial,North York,18,43.788905,-79.417781,Intersection,At Intersection,No Control,Clear,Daylight,Dry,Non-Fatal Injury,Turning Movement,Passenger,35 to 39,Major,,,,,,,,,,,,,,,Yes,,,,,Yes,,Yes,,,,50,Newtonbrook East,50,Newtonbrook East (50),D32,13238
-8840133.79309643,5431522.15578083,80775260,,2017,2017/03/24 04:00:00+00,2213,FINCH AVE E,DORIS AVE,,Major Arterial,North York,18,43.780406,-79.412273,Intersection,At Intersection,Traffic Signal,Rain,"Dark, artificial",Wet,Non-Fatal Injury,Cyclist Collisions,Driver,50 to 54,None,,North,"Automobile, Station Wagon",Turning Left,Improper Turn,Inattentive,,,,,,,,Yes,Yes,,,,,,,,,,,152,East Willowdale,51,Willowdale East (51),D32,13239
-8841806.03448712,5414858.64719358,80778409,,2017,2017/05/05 04:00:00+00,1616,WYCHCREST AVE,SHAW ST,,Collector,Toronto and East York,12,43.672232,-79.427295,Intersection,At Intersection,Stop Sign,Rain,Daylight,Wet,Non-Fatal Injury,SMV Other,Driver,75 to 79,Major,,West,"Automobile, Station Wagon",Going Ahead,Other,Normal,,,,,,,,,Yes,,,,,,,,,,,94,Wychwood,94,Wychwood (94),D13,13240
-8845120.01572804,5421216.78791561,80783177,,2017,2017/05/30 04:00:00+00,1305,960 LAWRENCE AVE W,,7 m South of,Major Arterial,North York,8,43.71353,-79.457065,Mid-Block,At/Near Private Drive,No Control,Clear,Daylight,Dry,Non-Fatal Injury,Turning Movement,Passenger,60 to 64,Minimal,,,,,,,,,,,,,,,Yes,,,,,Yes,,Yes,,,,31,Yorkdale-Glen Park,31,Yorkdale-Glen Park (31),D13,13241
-8838380.84507491,5411746.45090339,80779940,,2017,2017/08/01 04:00:00+00,1735,GRANGE AVE,LARCH ST,3 m West of,Local,Toronto and East York,10,43.652007,-79.396526,Intersection,At Intersection,No Control,Clear,Daylight,Dry,Non-Fatal Injury,Cyclist Collisions,Cyclist,30 to 34,Major,,East,Bicycle,Going Ahead,,,,,,Cyclist and Driver travelling in same direction. One vehicle rear-ended the other.,Failed to Yield Right of Way,Inattentive,,Yes,Yes,,,,,,,,,,,78,Kensington-Chinatown,78,Kensington-Chinatown (78),D52,13243
-8838380.84507491,5411746.45090339,80779941,,2017,2017/08/01 04:00:00+00,1735,GRANGE AVE,LARCH ST,3 m West of,Local,Toronto and East York,10,43.652007,-79.396526,Intersection,At Intersection,No Control,Clear,Daylight,Dry,Non-Fatal Injury,Cyclist Collisions,Driver,60 to 64,None,,East,"Automobile, Station Wagon",Slowing or Stopping,Driving Properly,Normal,,,,,,,,Yes,Yes,,,,,,,,,,,78,Kensington-Chinatown,78,Kensington-Chinatown (78),D52,13245
-8817802.21268737,5437105.41763042,80741750,,2017,2017/05/05 04:00:00+00,2359,MORNINGSIDE AVE,SEWELLS RD,north of,Minor Arterial,Scarborough,25,43.816607,-79.211665,Mid-Block,Non Intersection,No Control,Clear,"Dark, artificial",,Fatal,Approaching,Driver,40 to 44,None,,South,"Automobile, Station Wagon",Going Ahead,Driving Properly,Normal,,,,,,,,,Yes,,,,,Yes,,,,,,146,Malvern East,132,Malvern (132),D42,13247
-8845120.01572804,5421216.78791561,80783178,,2017,2017/05/30 04:00:00+00,1305,960 LAWRENCE AVE W,,7 m South of,Major Arterial,North York,8,43.71353,-79.457065,Mid-Block,At/Near Private Drive,No Control,Clear,Daylight,Dry,Non-Fatal Injury,Turning Movement,Passenger,80 to 84,Minimal,,,,,,,,,,,,,,,Yes,,,,,Yes,,Yes,,,,31,Yorkdale-Glen Park,31,Yorkdale-Glen Park (31),D13,13248
-8840133.79309643,5431522.15578083,80775261,,2017,2017/03/24 04:00:00+00,2213,FINCH AVE E,DORIS AVE,,Major Arterial,North York,18,43.780406,-79.412273,Intersection,At Intersection,Traffic Signal,Rain,"Dark, artificial",Wet,Non-Fatal Injury,Cyclist Collisions,Cyclist,20 to 24,Major,,South,Bicycle,Going Ahead,,,,,,Motorist turned left across cyclists path.,Disobeyed Traffic Control,Inattentive,,Yes,Yes,,,,,,,,,,,152,East Willowdale,51,Willowdale East (51),D32,13249
-8824104.12038067,5432616.76436318,80887678,,2017,2017/08/02 04:00:00+00,123,BRIMLEY RD,SHEPPARD AVE E,,Major Arterial,Scarborough,23,43.787505,-79.268276,Intersection,At Intersection,Traffic Signal,Clear,"Dark, artificial",Dry,Non-Fatal Injury,Turning Movement,Driver,20 to 24,None,,North,"Automobile, Station Wagon",Going Ahead,Driving Properly,Normal,,,,,,,,,Yes,,,,,,,Yes,,,,128,Agincourt South-Malvern West,128,Agincourt South-Malvern West (128),D42,13252
-8823532.49479545,5438123.69701469,80770430,,2017,2017/06/28 04:00:00+00,1648,MIDDELFIELD ROAD,PEBBLEWOOD AVENUE,,Minor Arterial,Scarborough,23,43.823207,-79.263141,Intersection,At Intersection,No Control,Clear,Daylight,Dry,Non-Fatal Injury,Pedestrian Collisions,Pedestrian,15 to 19,Major,,West,,,,,Vehicle is going straight thru inter.while ped cross without ROW,Coming From Behind Parked Vehicle,Inattentive,,,,Yes,,Yes,,,,,,,,,,,130,Milliken,130,Milliken (130),D42,13253
-8851697.88443901,5419146.65527214,80775274,,2017,2017/03/26 04:00:00+00,254,LAWRENCE  AVE W,WESTON RD,,Major Arterial,Etobicoke York,5,43.700087,-79.516155,Intersection,At Intersection,Traffic Signal,Rain,"Dark, artificial",Wet,Non-Fatal Injury,Pedestrian Collisions,Driver,70 to 74,None,,West,"Automobile, Station Wagon",Going Ahead,Driving Properly,Normal,,,,,,,Yes,,Yes,,,,,,,,,,,113,Weston,113,Weston (113),D12,13255
-8817802.21268737,5437105.41763042,80741753,,2017,2017/05/05 04:00:00+00,2359,MORNINGSIDE AVE,SEWELLS RD,north of,Minor Arterial,Scarborough,25,43.816607,-79.211665,Mid-Block,Non Intersection,No Control,Clear,"Dark, artificial",,Fatal,Approaching,Passenger,30 to 34,None,,,,,,,,,,,,,,,Yes,,,,,Yes,,,,,,146,Malvern East,132,Malvern (132),D42,13257
-8851697.88443901,5419146.65527214,80775275,,2017,2017/03/26 04:00:00+00,254,LAWRENCE  AVE W,WESTON RD,,Major Arterial,Etobicoke York,5,43.700087,-79.516155,Intersection,At Intersection,Traffic Signal,Rain,"Dark, artificial",Wet,Non-Fatal Injury,Pedestrian Collisions,Pedestrian,30 to 34,Major,,South,,,,,Vehicle is going straight thru inter.while ped cross without ROW,Crossing without right of way,"Ability Impaired, Drugs",,,,Yes,,Yes,,,,,,,,,,,113,Weston,113,Weston (113),D12,13258
-8835586.6145365,5411341.98083822,80777037,,2017,2017/05/30 04:00:00+00,1750,FRONT ST E,LOWER JARVIS ST,20 m East of,Major Arterial,Toronto and East York,13,43.649378,-79.371425,Intersection,At Intersection,Traffic Signal,Rain,Daylight,Wet,Non-Fatal Injury,SMV Other,Motorcycle Driver,30 to 34,Major,,West,Motorcycle,Slowing or Stopping,Speed too Fast For Condition,Inattentive,,,,,,,,,,Yes,,,,,Yes,Yes,,,,166,St Lawrence-East Bayfront-The Islands,77,Waterfront Communities-The Island (77),D51,13261
-8824104.12038067,5432616.76436318,80887679,,2017,2017/08/02 04:00:00+00,123,BRIMLEY RD,SHEPPARD AVE E,,Major Arterial,Scarborough,23,43.787505,-79.268276,Intersection,At Intersection,Traffic Signal,Clear,"Dark, artificial",Dry,Non-Fatal Injury,Turning Movement,Driver,55 to 59,Major,,South,"Automobile, Station Wagon",Turning Left,Improper Turn,Inattentive,,,,,,,,,Yes,,,,,,,Yes,,,,128,Agincourt South-Malvern West,128,Agincourt South-Malvern West (128),D42,13262
-8832332.07790367,5415963.74835492,80770489,,2017,2017/06/28 04:00:00+00,1800,DANFORTH AVE,WOODYCREST AVE,33 m West of,Major Arterial,Toronto and East York,14,43.679412,-79.342189,Mid-Block,At/Near Private Drive,No Control,Clear,Daylight,Dry,Non-Fatal Injury,Cyclist Collisions,Driver,35 to 39,None,,West,"Automobile, Station Wagon",Turning Left,Improper Turn,Inattentive,,,,,,,,Yes,Yes,,,,,Yes,,,,,,69,Blake-Jones,69,Blake-Jones (69),D55,13263
-8832332.07790367,5415963.74835492,80770490,,2017,2017/06/28 04:00:00+00,1800,DANFORTH AVE,WOODYCREST AVE,33 m West of,Major Arterial,Toronto and East York,14,43.679412,-79.342189,Mid-Block,At/Near Private Drive,No Control,Clear,Daylight,Dry,Non-Fatal Injury,Cyclist Collisions,Cyclist,35 to 39,Major,,East,Bicycle,Going Ahead,,,,,,Motorist turned left across cyclists path.,Driving Properly,Normal,,Yes,Yes,,,,,Yes,,,,,,69,Blake-Jones,69,Blake-Jones (69),D55,13265
-8836418.05981324,5410742.92381569,80780054,,2017,2017/08/05 04:00:00+00,225,BAY ST,FRONT ST W,40 m South of,Major Arterial,Toronto and East York,10,43.645484,-79.378894,Mid-Block,At/Near Private Drive,No Control,Clear,"Dark, artificial",Dry,Non-Fatal Injury,Pedestrian Collisions,Driver,50 to 54,None,,North,"Automobile, Station Wagon",Going Ahead,Driving Properly,Inattentive,,,,,,,Yes,,Yes,,,,,,,,,,,166,St Lawrence-East Bayfront-The Islands,77,Waterfront Communities-The Island (77),D52,13266
-8821147.69734418,5430585.85127478,80777173,,2017,2017/05/31 04:00:00+00,900,ELLESMERE RD,BELLAMY RD N,,Major Arterial,Scarborough,24,43.774333,-79.241718,Intersection,At Intersection,Traffic Signal,Clear,Daylight,Dry,Non-Fatal Injury,Pedestrian Collisions,Driver,50 to 54,Minor,,East,"Automobile, Station Wagon",Turning Left,Failed to Yield Right of Way,Inattentive,,,,,,,Yes,,Yes,,,,,,,Yes,,,,142,Woburn North,137,Woburn (137),D43,13268
-8817802.21268737,5437105.41763042,80741754,,2017,2017/05/05 04:00:00+00,2359,MORNINGSIDE AVE,SEWELLS RD,north of,Minor Arterial,Scarborough,25,43.816607,-79.211665,Mid-Block,Non Intersection,No Control,Clear,"Dark, artificial",,Fatal,Approaching,Driver,60 to 64,None,,South,"Automobile, Station Wagon",Going Ahead,Driving Properly,Normal,,,,,,,,,Yes,,,,,Yes,,,,,,146,Malvern East,132,Malvern (132),D42,13270
-8820395.17758642,5430791.6666864,80782606,,2017,2017/03/26 04:00:00+00,1310,ELLESMERE RD,DOLLY VARDEN BLVD,,Major Arterial,Scarborough,24,43.775668,-79.234958,Intersection,At Intersection,Traffic Signal,Clear,Daylight,Wet,Non-Fatal Injury,Turning Movement,Driver,65 to 69,Minimal,,West,"Automobile, Station Wagon",Going Ahead,Disobeyed Traffic Control,Inattentive,,,,,,,,,Yes,,,,,Yes,,Yes,Yes,,,142,Woburn North,137,Woburn (137),D43,13271
-8836418.05981324,5410742.92381569,80780055,,2017,2017/08/05 04:00:00+00,225,BAY ST,FRONT ST W,40 m South of,Major Arterial,Toronto and East York,10,43.645484,-79.378894,Mid-Block,At/Near Private Drive,No Control,Clear,"Dark, artificial",Dry,Non-Fatal Injury,Pedestrian Collisions,Pedestrian,20 to 24,Major,,East,,,,,Pedestrian hit at mid-block,"Crossing, no Traffic Control",Had Been Drinking,,,,Yes,,Yes,,,,,,,,,,,166,St Lawrence-East Bayfront-The Islands,77,Waterfront Communities-The Island (77),D52,13272
-8821147.69734418,5430585.85127478,80777174,,2017,2017/05/31 04:00:00+00,900,ELLESMERE RD,BELLAMY RD N,,Major Arterial,Scarborough,24,43.774333,-79.241718,Intersection,At Intersection,Traffic Signal,Clear,Daylight,Dry,Non-Fatal Injury,Pedestrian Collisions,Driver,80 to 84,Minor,,West,"Automobile, Station Wagon",Going Ahead,Driving Properly,Normal,,,,,,,Yes,,Yes,,,,,,,Yes,,,,142,Woburn North,137,Woburn (137),D43,13274
-8817802.21268737,5437105.41763042,80741756,,2017,2017/05/05 04:00:00+00,2359,MORNINGSIDE AVE,SEWELLS RD,north of,Minor Arterial,Scarborough,25,43.816607,-79.211665,Mid-Block,Non Intersection,No Control,Clear,"Dark, artificial",,Fatal,Approaching,Driver,20 to 24,Minor,,North,"Automobile, Station Wagon",Going Ahead,Driving Properly,Normal,,,,,,,,,Yes,,,,,Yes,,,,,,146,Malvern East,132,Malvern (132),D42,13275
-8820395.17758642,5430791.6666864,80782607,,2017,2017/03/26 04:00:00+00,1310,ELLESMERE RD,DOLLY VARDEN BLVD,,Major Arterial,Scarborough,24,43.775668,-79.234958,Intersection,At Intersection,Traffic Signal,Clear,Daylight,Wet,Non-Fatal Injury,Turning Movement,Driver,25 to 29,None,,East,"Automobile, Station Wagon",Turning Left,Driving Properly,Normal,,,,,,,,,Yes,,,,,Yes,,Yes,Yes,,,142,Woburn North,137,Woburn (137),D43,13276
-8832332.07790367,5415963.74835492,80770491,,2017,2017/06/28 04:00:00+00,1800,DANFORTH AVE,WOODYCREST AVE,33 m West of,Major Arterial,Toronto and East York,14,43.679412,-79.342189,Mid-Block,At/Near Private Drive,No Control,Clear,Daylight,Dry,Non-Fatal Injury,Cyclist Collisions,Passenger,0 to 4,None,,,,,,,,,,,,,,Yes,Yes,,,,,Yes,,,,,,69,Blake-Jones,69,Blake-Jones (69),D55,13277
-8839511.18318442,5425922.70414383,80911489,,2017,2017/08/05 04:00:00+00,2245,YORK MILLS RD,YONGE ST,,Major Arterial,North York,815,43.744078,-79.40668,Intersection,At Intersection,Traffic Signal,Clear,"Dark, artificial",Dry,Non-Fatal Injury,Pedestrian Collisions,Pedestrian,70 to 74,Major,,South,,,,,Vehicle turns right while ped crosses with ROW at inter.,Crossing with right of way,Normal,,,,Yes,,Yes,,,,,,,Yes,,,,40,St.Andrew-Windfields,40,St.Andrew-Windfields (40),D32,13278
-8839511.18318442,5425922.70414383,80911490,,2017,2017/08/05 04:00:00+00,2245,YORK MILLS RD,YONGE ST,,Major Arterial,North York,815,43.744078,-79.40668,Intersection,At Intersection,Traffic Signal,Clear,"Dark, artificial",Dry,Non-Fatal Injury,Pedestrian Collisions,Driver,15 to 19,None,,West,"Automobile, Station Wagon",Turning Right,Failed to Yield Right of Way,Inattentive,,,,,,,Yes,,Yes,,,,,,,Yes,,,,40,St.Andrew-Windfields,40,St.Andrew-Windfields (40),D32,13283
-8817802.21268737,5437105.41763042,80741774,,2017,2017/05/05 04:00:00+00,2359,MORNINGSIDE AVE,SEWELLS RD,north of,Minor Arterial,Scarborough,25,43.816607,-79.211665,Mid-Block,Non Intersection,No Control,Clear,"Dark, artificial",,Fatal,Approaching,Driver,70 to 74,Fatal,21,South,Passenger Van,,,,,,,,,,,,Yes,,,,,Yes,,,,,,146,Malvern East,132,Malvern (132),D42,13284
-8821147.69734418,5430585.85127478,80777175,,2017,2017/05/31 04:00:00+00,900,ELLESMERE RD,BELLAMY RD N,,Major Arterial,Scarborough,24,43.774333,-79.241718,Intersection,At Intersection,Traffic Signal,Clear,Daylight,Dry,Non-Fatal Injury,Pedestrian Collisions,Pedestrian,20 to 24,Major,,Unknown,,,,,Pedestrian hit on sidewalk or shoulder,On Sidewalk or Shoulder,Normal,,,,Yes,,Yes,,,,,,,Yes,,,,142,Woburn North,137,Woburn (137),D43,13287
-8845865.63367737,5413527.31441752,80875872,,2017,2017/08/06 04:00:00+00,1125,KEELE ST,ANNETTE ST,7 m South of,Major Arterial,Toronto and East York,4,43.663581,-79.463763,Intersection,Intersection Related,Traffic Signal,Clear,Daylight,Dry,Non-Fatal Injury,Pedestrian Collisions,Driver,50 to 54,None,,North,"Automobile, Station Wagon",Going Ahead,Disobeyed Traffic Control,Normal,,,,,,,Yes,,Yes,,,,,Yes,,Yes,Yes,,,90,Junction Area,90,Junction Area (90),D11,13289
-8832332.07790367,5415963.74835492,80770492,,2017,2017/06/28 04:00:00+00,1800,DANFORTH AVE,WOODYCREST AVE,33 m West of,Major Arterial,Toronto and East York,14,43.679412,-79.342189,Mid-Block,At/Near Private Drive,No Control,Clear,Daylight,Dry,Non-Fatal Injury,Cyclist Collisions,Passenger,0 to 4,None,,,,,,,,,,,,,,Yes,Yes,,,,,Yes,,,,,,69,Blake-Jones,69,Blake-Jones (69),D55,13290
-8820395.17758642,5430791.6666864,80782608,,2017,2017/03/26 04:00:00+00,1310,ELLESMERE RD,DOLLY VARDEN BLVD,,Major Arterial,Scarborough,24,43.775668,-79.234958,Intersection,At Intersection,Traffic Signal,Clear,Daylight,Wet,Non-Fatal Injury,Turning Movement,Passenger,20 to 24,Minimal,,,,,,,,,,,,,,,Yes,,,,,Yes,,Yes,Yes,,,142,Woburn North,137,Woburn (137),D43,13291
-8845865.63367737,5413527.31441752,80875873,,2017,2017/08/06 04:00:00+00,1125,KEELE ST,ANNETTE ST,7 m South of,Major Arterial,Toronto and East York,4,43.663581,-79.463763,Intersection,Intersection Related,Traffic Signal,Clear,Daylight,Dry,Non-Fatal Injury,Pedestrian Collisions,Driver,50 to 54,Minor,,East,"Automobile, Station Wagon",Going Ahead,Driving Properly,Normal,,,,,,,Yes,,Yes,,,,,Yes,,Yes,Yes,,,90,Junction Area,90,Junction Area (90),D11,13295
-8837751.44467396,5431352.09373715,80741755,,2017,2017/05/31 04:00:00+00,950,BAYVIEW AVE,BURLEIGH HEIGHTS DR,,Major Arterial,North York,1817,43.779303,-79.390872,Intersection,At Intersection,No Control,Clear,Daylight,Dry,Fatal,Pedestrian Collisions,Driver,40 to 44,None,,South,"Automobile, Station Wagon",Going Ahead,Driving Properly,Normal,,,,,,,Yes,,Yes,,,,,,,,,,,52,Bayview Village,52,Bayview Village (52),D33,13296
-8820395.17758642,5430791.6666864,80782609,,2017,2017/03/26 04:00:00+00,1310,ELLESMERE RD,DOLLY VARDEN BLVD,,Major Arterial,Scarborough,24,43.775668,-79.234958,Intersection,At Intersection,Traffic Signal,Clear,Daylight,Wet,Non-Fatal Injury,Turning Movement,Passenger,20 to 24,Minimal,,,,,,,,,,,,,,,Yes,,,,,Yes,,Yes,Yes,,,142,Woburn North,137,Woburn (137),D43,13298
-8839233.55237438,5415341.30464015,80770570,,2017,2017/06/29 04:00:00+00,248,196 DUPONT ST,,,Major Arterial,Toronto and East York,11,43.675368,-79.404186,Mid-Block,Non Intersection,No Control,Rain,"Dark, artificial",Wet,Non-Fatal Injury,Pedestrian Collisions,Driver,30 to 34,None,,East,"Automobile, Station Wagon",Going Ahead,Driving Properly,Normal,,,,,,,Yes,,Yes,,,,,,,,,,,95,Annex,95,Annex (95),D53,13299
-8836689.01145383,5412567.59959486,80777413,,2017,2017/05/06 04:00:00+00,1248,YONGE  ST,GOULD ST,,Major Arterial,Toronto and East York,1113,43.657344,-79.381328,Intersection,At Intersection,Traffic Signal,Clear,Daylight,Dry,Non-Fatal Injury,Cyclist Collisions,Driver,30 to 34,None,,South,"Automobile, Station Wagon",Going Ahead,Improper Passing,Normal,,,,,,,,Yes,Yes,,,,,,,Yes,,,,168,Downtown Yonge East,75,Church-Yonge Corridor (75),D51,13302
-8837751.44467396,5431352.09373715,80756919,,2017,2017/05/31 04:00:00+00,950,BAYVIEW AVE,BURLEIGH HEIGHTS DR,,Major Arterial,North York,1817,43.779303,-79.390872,Intersection,At Intersection,No Control,Clear,Daylight,Dry,Fatal,Pedestrian Collisions,Pedestrian,15 to 19,Fatal,25,West,,,,,Vehicle is going straight thru inter.while ped cross without ROW,"Crossing, no Traffic Control",Normal,,,,Yes,,Yes,,,,,,,,,,,52,Bayview Village,52,Bayview Village (52),D33,13304
-8845865.63367737,5413527.31441752,80875874,,2017,2017/08/06 04:00:00+00,1125,KEELE ST,ANNETTE ST,7 m South of,Major Arterial,Toronto and East York,4,43.663581,-79.463763,Intersection,Intersection Related,Traffic Signal,Clear,Daylight,Dry,Non-Fatal Injury,Pedestrian Collisions,Passenger,50 to 54,None,,,,,,,,,,,,,Yes,,Yes,,,,,Yes,,Yes,Yes,,,90,Junction Area,90,Junction Area (90),D11,13305
-8845865.63367737,5413527.31441752,80875875,,2017,2017/08/06 04:00:00+00,1125,KEELE ST,ANNETTE ST,7 m South of,Major Arterial,Toronto and East York,4,43.663581,-79.463763,Intersection,Intersection Related,Traffic Signal,Clear,Daylight,Dry,Non-Fatal Injury,Pedestrian Collisions,Passenger,5 to 9,None,,,,,,,,,,,,,Yes,,Yes,,,,,Yes,,Yes,Yes,,,90,Junction Area,90,Junction Area (90),D11,13308
-8836689.01145383,5412567.59959486,80777414,,2017,2017/05/06 04:00:00+00,1248,YONGE  ST,GOULD ST,,Major Arterial,Toronto and East York,1113,43.657344,-79.381328,Intersection,At Intersection,Traffic Signal,Clear,Daylight,Dry,Non-Fatal Injury,Cyclist Collisions,Cyclist,70 to 74,Major,,South,Bicycle,Going Ahead,,,,,,Cyclist and Driver travelling in same direction. One vehicle sideswipes the other.,Driving Properly,Normal,,Yes,Yes,,,,,,,Yes,,,,168,Downtown Yonge East,75,Church-Yonge Corridor (75),D51,13310
-8837751.44467396,5431352.09373715,80756920,,2017,2017/05/31 04:00:00+00,950,BAYVIEW AVE,BURLEIGH HEIGHTS DR,,Major Arterial,North York,1817,43.779303,-79.390872,Intersection,At Intersection,No Control,Clear,Daylight,Dry,Fatal,Pedestrian Collisions,Pedestrian,15 to 19,Major,,West,,,,,Vehicle is going straight thru inter.while ped cross without ROW,Crossing without right of way,Normal,,,,Yes,,Yes,,,,,,,,,,,52,Bayview Village,52,Bayview Village (52),D33,13312
-8839233.55237438,5415341.30464015,80770571,,2017,2017/06/29 04:00:00+00,248,196 DUPONT ST,,,Major Arterial,Toronto and East York,11,43.675368,-79.404186,Mid-Block,Non Intersection,No Control,Rain,"Dark, artificial",Wet,Non-Fatal Injury,Pedestrian Collisions,Pedestrian,30 to 34,Major,,South,,,,,Pedestrian hit at mid-block,"Crossing, no Traffic Control",Had Been Drinking,,,,Yes,,Yes,,,,,,,,,,,95,Annex,95,Annex (95),D53,13313
-8820395.17758642,5430791.6666864,80782610,,2017,2017/03/26 04:00:00+00,1310,ELLESMERE RD,DOLLY VARDEN BLVD,,Major Arterial,Scarborough,24,43.775668,-79.234958,Intersection,At Intersection,Traffic Signal,Clear,Daylight,Wet,Non-Fatal Injury,Turning Movement,Passenger,20 to 24,Major,,,,,,,,,,,,,,,Yes,,,,,Yes,,Yes,Yes,,,142,Woburn North,137,Woburn (137),D43,13315
-8814636.06373023,5432668.57607697,80781615,,2017,2017/05/31 04:00:00+00,1540,ELLESMERE RD,CONLINS RD,,Minor Arterial,Scarborough,25,43.787841,-79.183223,Intersection,Intersection Related,Traffic Signal,Clear,Daylight,Dry,Non-Fatal Injury,Cyclist Collisions,Cyclist,15 to 19,Major,,North,Bicycle,Going Ahead,,,,,,"Cyclist without ROW rides into path of motorist at inter, lnwy, dwy-Cyclist not turn.",Disobeyed Traffic Control,Normal,,Yes,Yes,,,,,,,,,,,134,Highland Creek,134,Highland Creek (134),D43,13316
-8845865.63367737,5413527.31441752,80875876,,2017,2017/08/06 04:00:00+00,1125,KEELE ST,ANNETTE ST,7 m South of,Major Arterial,Toronto and East York,4,43.663581,-79.463763,Intersection,Intersection Related,Traffic Signal,Clear,Daylight,Dry,Non-Fatal Injury,Pedestrian Collisions,Passenger,10 to 14,None,,,,,,,,,,,,,Yes,,Yes,,,,,Yes,,Yes,Yes,,,90,Junction Area,90,Junction Area (90),D11,13317
-8833749.62029943,5412616.83698638,80783681,,2017,2017/05/07 04:00:00+00,620,KING ST E,QUEEN ST E,21 m East of,Major Arterial,Toronto and East York,13,43.657664,-79.354923,Intersection,Intersection Related,No Control,Clear,"Daylight, artificial",Dry,Non-Fatal Injury,Approaching,Driver,40 to 44,None,,West,"Automobile, Station Wagon",Going Ahead,Driving Properly,Normal,,,,,,,,,Yes,,,,,Yes,Yes,Yes,,,,73,Moss Park,73,Moss Park (73),D51,13321
-8820395.17758642,5430791.6666864,80782611,,2017,2017/03/26 04:00:00+00,1310,ELLESMERE RD,DOLLY VARDEN BLVD,,Major Arterial,Scarborough,24,43.775668,-79.234958,Intersection,At Intersection,Traffic Signal,Clear,Daylight,Wet,Non-Fatal Injury,Turning Movement,Passenger,70 to 74,Minimal,,,,,,,,,,,,,,,Yes,,,,,Yes,,Yes,Yes,,,142,Woburn North,137,Woburn (137),D43,13322