X,Y,INDEX_,ACCNUM,YEAR,DATE,TIME,STREET1,STREET2,OFFSET,ROAD_CLASS,DISTRICT,WARDNUM,LATITUDE,LONGITUDE,LOCCOORD,ACCLOC,TRAFFCTL,VISIBILITY,LIGHT,RDSFCOND,ACCLASS,IMPACTYPE,INVTYPE,INVAGE,INJURY,FATAL_NO,INITDIR,VEHTYPE,MANOEUVER,DRIVACT,DRIVCOND,PEDTYPE,PEDACT,PEDCOND,CYCLISTYPE,CYCACT,CYCCOND,PEDESTRIAN,CYCLIST,AUTOMOBILE,MOTORCYCLE,TRUCK,TRSN_CITY_VEH,EMERG_VEH,PASSENGER,SPEEDING,AG_DRIV,REDLIGHT,ALCOHOL,DISABILITY,HOOD_158,NEIGHBOURHOOD_158,HOOD_140,NEIGHBOURHOOD_140,DIVISION,ObjectId
-8846564.60876006,5432571.42935252,80931233,,2017,2017/01/07 05:00:00+00,16,DUFFERIN ST,STEELES AVE W,,Major Arterial,North York,6,43.787211,-79.470042,Intersection,At Intersection,Traffic Signal,Clear,"Dark, artificial",Dry,Non-Fatal Injury,Angle,Driver,20 to 24,None,,North,"Automobile, Station Wagon",Going Ahead,Driving Properly,Normal,,,,,,,,,Yes,,,,,,Yes,Yes,Yes,Yes,,34,Bathurst Manor,34,Bathurst Manor (34),D32,13583
-8828181.53068944,5421583.95654325,81137868,,2017,2017/06/11 04:00:00+00,1605,5 WAKUNDA PL,O CONNOR DR,,Major Arterial,Toronto and East York,19,43.715914,-79.304904,Intersection,Intersection Related,No Control,Clear,Daylight,Dry,Non-Fatal Injury,Cyclist Collisions,Driver,40 to 44,None,,East,"Automobile, Station Wagon",Going Ahead,Driving Properly,Normal,,,,,,,,Yes,Yes,,,,,,,,,,,43,Victoria Village,43,Victoria Village (43),D55,13584
-8827920.82044201,5417273.11037726,80769940,,2017,2017/07/06 04:00:00+00,1547,DANFORTH AVE,MAIN ST,90 m West of,Major Arterial,Toronto and East York,19,43.687918,-79.302562,Mid-Block,At/Near Private Drive,No Control,Clear,Daylight,Dry,Non-Fatal Injury,Cyclist Collisions,Driver,55 to 59,None,,West,"Automobile, Station Wagon",Turning Left,Failed to Yield Right of Way,Inattentive,,,,,,,,Yes,Yes,,,,,,,Yes,,,,62,East End-Danforth,62,East End-Danforth (62),D55,13586
-8839523.98492586,5412085.70247697,80910053,,2017,2017/04/06 04:00:00+00,1549,NASSAU ST,BATHURST ST,,Major Arterial,Toronto and East York,11,43.654212,-79.406795,Intersection,At Intersection,Traffic Signal,Rain,Daylight,Wet,Non-Fatal Injury,Pedestrian Collisions,Pedestrian,75 to 79,Major,,East,,,,,Vehicle turns left while ped crosses with ROW at inter.,Crossing with right of way,Normal,,,,Yes,,Yes,,,,,Yes,,Yes,,,,78,Kensington-Chinatown,78,Kensington-Chinatown (78),D14,13587
-8856280.68523599,5406357.32928722,80786635,,2017,2017/08/18 04:00:00+00,1444,NORTH QUEEN ST,NOVA RD,80 m North of,Minor Arterial,Etobicoke York,3,43.616969,-79.557323,Mid-Block,At/Near Private Drive,Stop Sign,Clear,Daylight,Dry,Non-Fatal Injury,Turning Movement,Driver,40 to 44,None,,North,"Automobile, Station Wagon",Going Ahead,Driving Properly,Normal,,,,,,,,,Yes,,,,,Yes,,Yes,,,,159,Etobicoke City Centre,14,Islington-City Centre West (14),D22,13589
-8846564.60876006,5432571.42935252,80931234,,2017,2017/01/07 05:00:00+00,16,DUFFERIN ST,STEELES AVE W,,Major Arterial,North York,6,43.787211,-79.470042,Intersection,At Intersection,Traffic Signal,Clear,"Dark, artificial",Dry,Non-Fatal Injury,Angle,Driver,65 to 69,Major,,North,Pick Up Truck,Going Ahead,Driving Properly,Normal,,,,,,,,,Yes,,,,,,Yes,Yes,Yes,Yes,,34,Bathurst Manor,34,Bathurst Manor (34),D32,13590
-8839523.98492586,5412085.70247697,80910054,,2017,2017/04/06 04:00:00+00,1549,NASSAU ST,BATHURST ST,,Major Arterial,Toronto and East York,11,43.654212,-79.406795,Intersection,At Intersection,Traffic Signal,Rain,Daylight,Wet,Non-Fatal Injury,Pedestrian Collisions,Passenger,40 to 44,None,,,,,,,,,,,,,Yes,,Yes,,,,,Yes,,Yes,,,,78,Kensington-Chinatown,78,Kensington-Chinatown (78),D14,13592
-8845159.08886931,5409573.99754946,80787797,,2017,2017/06/11 04:00:00+00,1922,1755 LAKE SHORE BLVD W,,9 m North of,Major Arterial,Toronto and East York,4,43.637885,-79.457416,Mid-Block,Non Intersection,No Control,Clear,Daylight,Dry,Non-Fatal Injury,Sideswipe,Truck Driver,25 to 29,None,,East,"Truck - Closed (Blazer, etc)",Changing Lanes,Improper Passing,Inattentive,,,,,,,,,,Yes,Yes,,,,,Yes,,,,85,South Parkdale,85,South Parkdale (85),D11,13593
-8827920.82044201,5417273.11037726,80769941,,2017,2017/07/06 04:00:00+00,1547,DANFORTH AVE,MAIN ST,90 m West of,Major Arterial,Toronto and East York,19,43.687918,-79.302562,Mid-Block,At/Near Private Drive,No Control,Clear,Daylight,Dry,Non-Fatal Injury,Cyclist Collisions,Cyclist,50 to 54,Major,,East,Bicycle,Going Ahead,,,,,,Motorist turned left across cyclists path.,Driving Properly,Normal,,Yes,Yes,,,,,,,Yes,,,,62,East End-Danforth,62,East End-Danforth (62),D55,13595
-8840039.50548773,5410004.69406573,80899314,,2017,2017/05/13 04:00:00+00,1740,STRACHAN  AVE,DOURO ST,,Minor Arterial,Toronto and East York,10,43.640685,-79.411426,Intersection,At Intersection,Traffic Signal,Clear,Daylight,Dry,Non-Fatal Injury,Cyclist Collisions,Cyclist,25 to 29,Major,,South,Bicycle,Going Ahead,,,,,,Motorist turning right on green or amber at signalized intersection strikes cyclist.,Driving Properly,Normal,,Yes,Yes,,,,,,,,,,,162,West Queen West,82,Niagara (82),D14,13596
-8846564.60876006,5432571.42935252,80931235,,2017,2017/01/07 05:00:00+00,16,DUFFERIN ST,STEELES AVE W,,Major Arterial,North York,6,43.787211,-79.470042,Intersection,At Intersection,Traffic Signal,Clear,"Dark, artificial",Dry,Non-Fatal Injury,Angle,Driver,35 to 39,Minimal,,East,"Automobile, Station Wagon",Going Ahead,Disobeyed Traffic Control,"Ability Impaired, Alcohol Over .08",,,,,,,,,Yes,,,,,,Yes,Yes,Yes,Yes,,34,Bathurst Manor,34,Bathurst Manor (34),D32,13597
-8845159.08886931,5409573.99754946,80787798,,2017,2017/06/11 04:00:00+00,1922,1755 LAKE SHORE BLVD W,,9 m North of,Major Arterial,Toronto and East York,4,43.637885,-79.457416,Mid-Block,Non Intersection,No Control,Clear,Daylight,Dry,Non-Fatal Injury,Sideswipe,Motorcycle Driver,20 to 24,Major,,East,Motorcycle,Going Ahead,Driving Properly,Normal,,,,,,,,,,Yes,Yes,,,,,Yes,,,,85,South Parkdale,85,South Parkdale (85),D11,13598
-8840039.50548773,5410004.69406573,80899315,,2017,2017/05/13 04:00:00+00,1740,STRACHAN  AVE,DOURO ST,,Minor Arterial,Toronto and East York,10,43.640685,-79.411426,Intersection,At Intersection,Traffic Signal,Clear,Daylight,Dry,Non-Fatal Injury,Cyclist Collisions,Driver,50 to 54,None,,South,"Automobile, Station Wagon",Turning Right,Improper Turn,Inattentive,,,,,,,,Yes,Yes,,,,,,,,,,,162,West Queen West,82,Niagara (82),D14,13600
-8852546.25027835,5410735.84735978,80734974,,2017,2017/01/07 05:00:00+00,2222,ISLINGTON AVE,ABERFOYLE CRES,5 m South of,Major Arterial,Etobicoke York,3,43.645438,-79.523776,Intersection,At Intersection,No Control,Clear,"Dark, artificial",Dry,Non-Fatal Injury,Rear End,Driver,20 to 24,Minor,,North,"Automobile, Station Wagon",Going Ahead,Following too Close,Inattentive,,,,,,,,,Yes,,,,,Yes,,Yes,,,,158,Islington,14,Islington-City Centre West (14),D22,13601
-8856280.68523599,5406357.32928722,80786636,,2017,2017/08/18 04:00:00+00,1444,NORTH QUEEN ST,NOVA RD,80 m North of,Minor Arterial,Etobicoke York,3,43.616969,-79.557323,Mid-Block,At/Near Private Drive,Stop Sign,Clear,Daylight,Dry,Non-Fatal Injury,Turning Movement,Passenger,60 to 64,None,,,,,,,,,,,,,,,Yes,,,,,Yes,,Yes,,,,159,Etobicoke City Centre,14,Islington-City Centre West (14),D22,13602
-8860811.72246975,5422636.87510579,80769954,,2017,2017/07/06 04:00:00+00,2300,HIGHWAY 27  N,QUEENS PLATE DR,,Major Arterial,Etobicoke York,1,43.72275,-79.598026,Intersection,At Intersection,Traffic Signal,Clear,Dark,Dry,Non-Fatal Injury,Turning Movement,Driver,60 to 64,None,,North,"Automobile, Station Wagon",Turning Left,Failed to Yield Right of Way,Normal,,,,,,,,,Yes,Yes,,,,,,Yes,,,,1,West Humber-Clairville,1,West Humber-Clairville (1),D23,13604
-8839523.98492586,5412085.70247697,80910055,,2017,2017/04/06 04:00:00+00,1549,NASSAU ST,BATHURST ST,,Major Arterial,Toronto and East York,11,43.654212,-79.406795,Intersection,At Intersection,Traffic Signal,Rain,Daylight,Wet,Non-Fatal Injury,Pedestrian Collisions,Driver,50 to 54,None,,West,"Automobile, Station Wagon",Turning Left,Failed to Yield Right of Way,Inattentive,,,,,,,Yes,,Yes,,,,,Yes,,Yes,,,,78,Kensington-Chinatown,78,Kensington-Chinatown (78),D14,13605
-8841387.36188225,5418522.9192136,80777601,,2017,2017/05/13 04:00:00+00,2246,BATHURST ST,AVENAL DR,,Major Arterial,Toronto and East York,12,43.696036,-79.423534,Intersection,At Intersection,No Control,Clear,"Dark, artificial",Dry,Non-Fatal Injury,Pedestrian Collisions,Driver,60 to 64,None,,North,"Automobile, Station Wagon",Turning Left,Failed to Yield Right of Way,Inattentive,,,,,,,Yes,,Yes,,,,,,,Yes,,,,101,Forest Hill South,101,Forest Hill South (101),D13,13606
-8842962.75531596,5427190.79125388,80886061,,2017,2017/06/13 04:00:00+00,854,BATHURST ST,REINER RD,3 m South of,Major Arterial,North York,6,43.752307,-79.437686,Intersection,At Intersection,Stop Sign,Clear,Daylight,Dry,Non-Fatal Injury,Turning Movement,Passenger,15 to 19,Minimal,,,,,,,,,,,,,,,Yes,,,,,Yes,Yes,Yes,,,,38,Lansing-Westgate,38,Lansing-Westgate (38),D32,13608
-8852546.25027835,5410735.84735978,80734975,,2017,2017/01/07 05:00:00+00,2222,ISLINGTON AVE,ABERFOYLE CRES,5 m South of,Major Arterial,Etobicoke York,3,43.645438,-79.523776,Intersection,At Intersection,No Control,Clear,"Dark, artificial",Dry,Non-Fatal Injury,Rear End,Driver,60 to 64,None,,North,Pick Up Truck,Slowing or Stopping,Driving Properly,Normal,,,,,,,,,Yes,,,,,Yes,,Yes,,,,158,Islington,14,Islington-City Centre West (14),D22,13609
-8856280.68523599,5406357.32928722,80786637,,2017,2017/08/18 04:00:00+00,1444,NORTH QUEEN ST,NOVA RD,80 m North of,Minor Arterial,Etobicoke York,3,43.616969,-79.557323,Mid-Block,At/Near Private Drive,Stop Sign,Clear,Daylight,Dry,Non-Fatal Injury,Turning Movement,Passenger,0 to 4,None,,,,,,,,,,,,,,,Yes,,,,,Yes,,Yes,,,,159,Etobicoke City Centre,14,Islington-City Centre West (14),D22,13610
-8819656.23880653,5429531.40842695,80774627,,2017,2017/04/06 04:00:00+00,2315,MARKHAM RD,PAINTED POST DR,10 m West of,Major Arterial,Scarborough,24,43.767493,-79.22832,Intersection,At Intersection,Traffic Signal,Rain,"Dark, artificial",Wet,Non-Fatal Injury,Pedestrian Collisions,Driver,25 to 29,None,,South,"Automobile, Station Wagon",Going Ahead,Driving Properly,Normal,,,,,,,Yes,,Yes,,,,,,,,,,,142,Woburn North,137,Woburn (137),D43,13612
-8860811.72246975,5422636.87510579,80769955,,2017,2017/07/06 04:00:00+00,2300,HIGHWAY 27  N,QUEENS PLATE DR,,Major Arterial,Etobicoke York,1,43.72275,-79.598026,Intersection,At Intersection,Traffic Signal,Clear,Dark,Dry,Non-Fatal Injury,Turning Movement,Motorcycle Driver,30 to 34,Major,,South,Motorcycle,Going Ahead,Driving Properly,Normal,,,,,,,,,Yes,Yes,,,,,,Yes,,,,1,West Humber-Clairville,1,West Humber-Clairville (1),D23,13613
-8841387.36188225,5418522.9192136,80777602,,2017,2017/05/13 04:00:00+00,2246,BATHURST ST,AVENAL DR,,Major Arterial,Toronto and East York,12,43.696036,-79.423534,Intersection,At Intersection,No Control,Clear,"Dark, artificial",Dry,Non-Fatal Injury,Pedestrian Collisions,Pedestrian,55 to 59,Major,,North,,,,,Vehicle turns left while ped crosses with ROW at inter.,Crossing with right of way,Normal,,,,Yes,,Yes,,,,,,,Yes,,,,101,Forest Hill South,101,Forest Hill South (101),D13,13614
-8842962.75531596,5427190.79125388,80886062,,2017,2017/06/13 04:00:00+00,854,BATHURST ST,REINER RD,3 m South of,Major Arterial,North York,6,43.752307,-79.437686,Intersection,At Intersection,Stop Sign,Clear,Daylight,Dry,Non-Fatal Injury,Turning Movement,Driver,75 to 79,Minimal,,North,"Automobile, Station Wagon",Going Ahead,Driving Properly,Normal,,,,,,,,,Yes,,,,,Yes,Yes,Yes,,,,38,Lansing-Westgate,38,Lansing-Westgate (38),D32,13616
-8856280.68523599,5406357.32928722,80786638,,2017,2017/08/18 04:00:00+00,1444,NORTH QUEEN ST,NOVA RD,80 m North of,Minor Arterial,Etobicoke York,3,43.616969,-79.557323,Mid-Block,At/Near Private Drive,Stop Sign,Clear,Daylight,Dry,Non-Fatal Injury,Turning Movement,Passenger,0 to 4,None,,,,,,,,,,,,,,,Yes,,,,,Yes,,Yes,,,,159,Etobicoke City Centre,14,Islington-City Centre West (14),D22,13617
-8822967.65969916,5424440.48521615,80781061,,2017,2017/08/18 04:00:00+00,1622,MIDLAND AVE,EGLINTON AVE E,25 m South of,Major Arterial,Scarborough,2120,43.734458,-79.258067,Intersection,Intersection Related,No Control,Clear,Daylight,Dry,Non-Fatal Injury,Pedestrian Collisions,Driver,65 to 69,None,,South,"Automobile, Station Wagon",Going Ahead,Driving Properly,Normal,,,,,,,Yes,,Yes,,,,,,,,,,,124,Kennedy Park,124,Kennedy Park (124),D41,13619
-8842962.75531596,5427190.79125388,80886063,,2017,2017/06/13 04:00:00+00,854,BATHURST ST,REINER RD,3 m South of,Major Arterial,North York,6,43.752307,-79.437686,Intersection,At Intersection,Stop Sign,Clear,Daylight,Dry,Non-Fatal Injury,Turning Movement,Driver,20 to 24,None,,North,"Automobile, Station Wagon",Going Ahead,Driving Properly,Normal,,,,,,,,,Yes,,,,,Yes,Yes,Yes,,,,38,Lansing-Westgate,38,Lansing-Westgate (38),D32,13620
-8818845.16499661,5437571.03505411,80896024,,2017,2017/05/13 04:00:00+00,2343,MORNINGSIDE AVE,STAINES RD,15 m East of,Minor Arterial,Scarborough,25,43.819625,-79.221034,Intersection,At Intersection,Traffic Signal,Clear,"Dark, artificial",Dry,Non-Fatal Injury,SMV Other,Driver,25 to 29,Major,,West,"Automobile, Station Wagon",Going Ahead,Lost control,Unknown,,,,,,,,,Yes,,,,,,Yes,Yes,,,,145,Malvern West,132,Malvern (132),D42,13622
-8822967.65969916,5424440.48521615,80781062,,2017,2017/08/18 04:00:00+00,1622,MIDLAND AVE,EGLINTON AVE E,25 m South of,Major Arterial,Scarborough,2120,43.734458,-79.258067,Intersection,Intersection Related,No Control,Clear,Daylight,Dry,Non-Fatal Injury,Pedestrian Collisions,Pedestrian,25 to 29,Major,,West,,,,,Pedestrian hit at mid-block,"Crossing, no Traffic Control",Inattentive,,,,Yes,,Yes,,,,,,,,,,,124,Kennedy Park,124,Kennedy Park (124),D41,13624
-8852546.25027835,5410735.84735978,80734976,,2017,2017/01/07 05:00:00+00,2222,ISLINGTON AVE,ABERFOYLE CRES,5 m South of,Major Arterial,Etobicoke York,3,43.645438,-79.523776,Intersection,At Intersection,No Control,Clear,"Dark, artificial",Dry,Non-Fatal Injury,Rear End,Passenger,20 to 24,Major,,,,,,,,,,,,,,,Yes,,,,,Yes,,Yes,,,,158,Islington,14,Islington-City Centre West (14),D22,13625
-8842962.75531596,5427190.79125388,80886064,,2017,2017/06/13 04:00:00+00,854,BATHURST ST,REINER RD,3 m South of,Major Arterial,North York,6,43.752307,-79.437686,Intersection,At Intersection,Stop Sign,Clear,Daylight,Dry,Non-Fatal Injury,Turning Movement,Driver,45 to 49,Minimal,,North,Delivery Van,Going Ahead,Exceeding Speed Limit,Normal,,,,,,,,,Yes,,,,,Yes,Yes,Yes,,,,38,Lansing-Westgate,38,Lansing-Westgate (38),D32,13626
-8821446.59017696,5426886.27417782,80776692,,2017,2017/05/14 04:00:00+00,2230,DANFORTH RD,BARRYMORE RD,12 m North of,Major Arterial,Scarborough,21,43.750331,-79.244403,Intersection,Intersection Related,No Control,Clear,"Dark, artificial",Dry,Non-Fatal Injury,Pedestrian Collisions,Driver,60 to 64,None,,North,"Automobile, Station Wagon",Going Ahead,Driving Properly,Normal,,,,,,,Yes,,Yes,,,,,,,,,,,157,Bendale South,127,Bendale (127),D43,13627
-8856310.40754003,5426638.78440567,80918743,,2017,2017/08/18 04:00:00+00,2305,FINCH  AVE W,DUNCANWOODS  DR,10 m West of,Major Arterial,Etobicoke York,7,43.748725,-79.55759,Intersection,At Intersection,Traffic Signal,Clear,"Dark, artificial",Dry,Non-Fatal Injury,Pedestrian Collisions,Pedestrian,25 to 29,Major,,North,,,,,Vehicle is going straight thru inter.while ped cross without ROW,Crossing without right of way,Inattentive,,,,Yes,,Yes,,,,,Yes,,,,,,22,Humbermede,22,Humbermede (22),D31,13629
-8852546.25027835,5410735.84735978,80734977,,2017,2017/01/07 05:00:00+00,2222,ISLINGTON AVE,ABERFOYLE CRES,5 m South of,Major Arterial,Etobicoke York,3,43.645438,-79.523776,Intersection,At Intersection,No Control,Clear,"Dark, artificial",Dry,Non-Fatal Injury,Rear End,Passenger,60 to 64,None,,,,,,,,,,,,,,,Yes,,,,,Yes,,Yes,,,,158,Islington,14,Islington-City Centre West (14),D22,13630
-8842962.75531596,5427190.79125388,80886065,,2017,2017/06/13 04:00:00+00,854,BATHURST ST,REINER RD,3 m South of,Major Arterial,North York,6,43.752307,-79.437686,Intersection,At Intersection,Stop Sign,Clear,Daylight,Dry,Non-Fatal Injury,Turning Movement,Driver,65 to 69,Major,,East,"Automobile, Station Wagon",Turning Left,Failed to Yield Right of Way,Unknown,,,,,,,,,Yes,,,,,Yes,Yes,Yes,,,,38,Lansing-Westgate,38,Lansing-Westgate (38),D32,13631
-8855773.62495543,5416255.43708303,80917332,,2017,2017/07/08 04:00:00+00,1900,KIPLING  AVE,CLEMENT RD,,Major Arterial,Etobicoke York,2,43.681307,-79.552768,Intersection,At Intersection,Traffic Signal,Clear,Daylight,Dry,Non-Fatal Injury,Turning Movement,Driver,75 to 79,Minimal,,North,"Automobile, Station Wagon",Turning Left,Improper Turn,Normal,,,,,,,,,Yes,Yes,,,,,Yes,Yes,,,,7,Willowridge-Martingrove-Richview,7,Willowridge-Martingrove-Richview (7),D23,13632
-8819656.23880653,5429531.40842695,80774628,,2017,2017/04/06 04:00:00+00,2315,MARKHAM RD,PAINTED POST DR,10 m West of,Major Arterial,Scarborough,24,43.767493,-79.22832,Intersection,At Intersection,Traffic Signal,Rain,"Dark, artificial",Wet,Non-Fatal Injury,Pedestrian Collisions,Pedestrian,25 to 29,Major,,West,,,,,Vehicle is going straight thru inter.while ped cross without ROW,Crossing without right of way,Inattentive,,,,Yes,,Yes,,,,,,,,,,,142,Woburn North,137,Woburn (137),D43,13633
-8840653.54379894,5416025.93346412,80776087,,2017,2017/01/08 05:00:00+00,1311,BATHURST ST,NINA ST,,Major Arterial,Toronto and East York,12,43.679816,-79.416942,Intersection,At Intersection,Traffic Signal,Clear,Daylight,Dry,Non-Fatal Injury,Pedestrian Collisions,Driver,55 to 59,None,,West,"Automobile, Station Wagon",Turning Left,Failed to Yield Right of Way,Inattentive,,,,,,,Yes,,Yes,,,,,,,Yes,,,,96,Casa Loma,96,Casa Loma (96),D13,13635
-8856310.40754003,5426638.78440567,80918744,,2017,2017/08/18 04:00:00+00,2305,FINCH  AVE W,DUNCANWOODS  DR,10 m West of,Major Arterial,Etobicoke York,7,43.748725,-79.55759,Intersection,At Intersection,Traffic Signal,Clear,"Dark, artificial",Dry,Non-Fatal Injury,Pedestrian Collisions,Passenger,55 to 59,None,,,,,,,,,,,,,Yes,,Yes,,,,,Yes,,,,,,22,Humbermede,22,Humbermede (22),D31,13636
-8857973.2980935,5418386.66058803,80774281,,2017,2017/04/10 04:00:00+00,1610,MARTIN GROVE RD,DOSCO RD,7 m South of MARTIN GROVE RD,Major Arterial,Etobicoke York,1,43.695151,-79.572528,Intersection,At Intersection,No Control,Clear,Daylight,Wet,Non-Fatal Injury,Turning Movement,Driver,45 to 49,None,,East,Passenger Van,Turning Left,Failed to Yield Right of Way,Inattentive,,,,,,,,,Yes,,,,,,Yes,Yes,,,,1,West Humber-Clairville,1,West Humber-Clairville (1),D23,13638
-8855773.62495543,5416255.43708303,80917333,,2017,2017/07/08 04:00:00+00,1900,KIPLING  AVE,CLEMENT RD,,Major Arterial,Etobicoke York,2,43.681307,-79.552768,Intersection,At Intersection,Traffic Signal,Clear,Daylight,Dry,Non-Fatal Injury,Turning Movement,Motorcycle Driver,20 to 24,Major,,South,Motorcycle,Going Ahead,Speed too Fast For Condition,Unknown,,,,,,,,,Yes,Yes,,,,,Yes,Yes,,,,7,Willowridge-Martingrove-Richview,7,Willowridge-Martingrove-Richview (7),D23,13639
-8821446.59017696,5426886.27417782,80776693,,2017,2017/05/14 04:00:00+00,2230,DANFORTH RD,BARRYMORE RD,12 m North of,Major Arterial,Scarborough,21,43.750331,-79.244403,Intersection,Intersection Related,No Control,Clear,"Dark, artificial",Dry,Non-Fatal Injury,Pedestrian Collisions,Pedestrian,15 to 19,Major,,East,,,,,Pedestrian hit at mid-block,Running onto Roadway,Normal,,,,Yes,,Yes,,,,,,,,,,,157,Bendale South,127,Bendale (127),D43,13640
-8855347.27130569,5411242.90452603,80786664,,2017,2017/06/13 04:00:00+00,1505,BURNHAMTHORPE RD,MARTIN GROVE RD,25 m West of,Major Arterial,Etobicoke York,2,43.648734,-79.548938,Mid-Block,Intersection Related,No Control,Clear,Daylight,Dry,Non-Fatal Injury,Rear End,Motorcycle Driver,20 to 24,Major,,West,Motorcycle,Going Ahead,Other,Inattentive,,,,,,,,,Yes,Yes,,,,Yes,,,,,,158,Islington,14,Islington-City Centre West (14),D22,13642
-8840653.54379894,5416025.93346412,80776088,,2017,2017/01/08 05:00:00+00,1311,BATHURST ST,NINA ST,,Major Arterial,Toronto and East York,12,43.679816,-79.416942,Intersection,At Intersection,Traffic Signal,Clear,Daylight,Dry,Non-Fatal Injury,Pedestrian Collisions,Pedestrian,65 to 69,Major,,East,,,,,Vehicle turns left while ped crosses with ROW at inter.,Crossing with right of way,Normal,,,,Yes,,Yes,,,,,,,Yes,,,,96,Casa Loma,96,Casa Loma (96),D13,13643
-8856310.40754003,5426638.78440567,80918745,,2017,2017/08/18 04:00:00+00,2305,FINCH  AVE W,DUNCANWOODS  DR,10 m West of,Major Arterial,Etobicoke York,7,43.748725,-79.55759,Intersection,At Intersection,Traffic Signal,Clear,"Dark, artificial",Dry,Non-Fatal Injury,Pedestrian Collisions,Driver,35 to 39,None,,West,"Automobile, Station Wagon",Going Ahead,Driving Properly,Normal,,,,,,,Yes,,Yes,,,,,Yes,,,,,,22,Humbermede,22,Humbermede (22),D31,13644
-8857973.2980935,5418386.66058803,80774282,,2017,2017/04/10 04:00:00+00,1610,MARTIN GROVE RD,DOSCO RD,7 m South of MARTIN GROVE RD,Major Arterial,Etobicoke York,1,43.695151,-79.572528,Intersection,At Intersection,No Control,Clear,Daylight,Wet,Non-Fatal Injury,Turning Movement,Driver,20 to 24,Major,,South,"Automobile, Station Wagon",Going Ahead,Driving Properly,Inattentive,,,,,,,,,Yes,,,,,,Yes,Yes,,,,1,West Humber-Clairville,1,West Humber-Clairville (1),D23,13646
-8855347.27130569,5411242.90452603,80786665,,2017,2017/06/13 04:00:00+00,1505,BURNHAMTHORPE RD,MARTIN GROVE RD,25 m West of,Major Arterial,Etobicoke York,2,43.648734,-79.548938,Mid-Block,Intersection Related,No Control,Clear,Daylight,Dry,Non-Fatal Injury,Rear End,Driver,60 to 64,None,,West,"Automobile, Station Wagon",Stopped,Driving Properly,Normal,,,,,,,,,Yes,Yes,,,,Yes,,,,,,158,Islington,14,Islington-City Centre West (14),D22,13647
-8813227.87217169,5435758.37608906,80903180,,2017,2017/05/15 04:00:00+00,1315,MEADOWVALE RD,SHEPPARD AV E,37 m South of,Minor Arterial,Scarborough,25,43.807875,-79.170573,Mid-Block,Non Intersection,No Control,Clear,Daylight,Dry,Non-Fatal Injury,Turning Movement,Motorcycle Driver,20 to 24,Major,,South,Motorcycle,Going Ahead,Driving Properly,Normal,,,,,,,,,Yes,Yes,,,,,,Yes,,,,143,West Rouge,131,Rouge (131),D42,13648
-8855347.27130569,5411242.90452603,80786666,,2017,2017/06/13 04:00:00+00,1505,BURNHAMTHORPE RD,MARTIN GROVE RD,25 m West of,Major Arterial,Etobicoke York,2,43.648734,-79.548938,Mid-Block,Intersection Related,No Control,Clear,Daylight,Dry,Non-Fatal Injury,Rear End,Passenger,70 to 74,None,,,,,,,,,,,,,,,Yes,Yes,,,,Yes,,,,,,158,Islington,14,Islington-City Centre West (14),D22,13649
-8857899.38195162,5423151.67217221,80885786,,2017,2017/08/19 04:00:00+00,2309,HINTON RD,KIPLING AVE,120 m East of,Local,Etobicoke York,1,43.726092,-79.571864,Mid-Block,At/Near Private Drive,No Control,Clear,"Dark, artificial",Dry,Non-Fatal Injury,Turning Movement,Motorcycle Driver,30 to 34,Major,,East,Motorcycle,Going Ahead,Driving Properly,Normal,,,,,,,,,Yes,Yes,,,,,,Yes,,,,4,Rexdale-Kipling,4,Rexdale-Kipling (4),D23,13651
-8840653.54379894,5416025.93346412,80776089,,2017,2017/01/08 05:00:00+00,1311,BATHURST ST,NINA ST,,Major Arterial,Toronto and East York,12,43.679816,-79.416942,Intersection,At Intersection,Traffic Signal,Clear,Daylight,Dry,Non-Fatal Injury,Pedestrian Collisions,Pedestrian,55 to 59,Major,,East,,,,,Vehicle turns left while ped crosses with ROW at inter.,Crossing with right of way,Normal,,,,Yes,,Yes,,,,,,,Yes,,,,96,Casa Loma,96,Casa Loma (96),D13,13653
-8846827.99067528,5414731.83067106,80774351,,2017,2017/04/10 04:00:00+00,2229,ST CLAIR AVE W,GUNNS RD,90 m West of,Major Arterial,Etobicoke York,5,43.671408,-79.472408,Mid-Block,Non Intersection,No Control,Rain,Dark,Wet,Non-Fatal Injury,Pedestrian Collisions,Driver,35 to 39,None,,West,"Automobile, Station Wagon",Going Ahead,Driving Properly,Normal,,,,,,,Yes,,Yes,,,,,,,Yes,,,,90,Junction Area,90,Junction Area (90),D11,13654
-8835212.02444998,5416207.41170901,80757124,,2017,2017/07/08 04:00:00+00,2007,BAYVIEW AVE,BLOOR W BAYVIEW N RAMP,240 m North of,Major Arterial,Toronto and East York,11,43.680995,-79.36806,Mid-Block,Non Intersection,No Control,Clear,Daylight,Dry,Fatal,Turning Movement,Motorcycle Driver,35 to 39,Fatal,29,North,Motorcycle,Going Ahead,Driving Properly,Normal,,,,,,,,,Yes,Yes,,,,,,,,,,98,Rosedale-Moore Park,98,Rosedale-Moore Park (98),D53,13655