X,Y,INDEX_,ACCNUM,YEAR,DATE,TIME,STREET1,STREET2,OFFSET,ROAD_CLASS,DISTRICT,WARDNUM,LATITUDE,LONGITUDE,LOCCOORD,ACCLOC,TRAFFCTL,VISIBILITY,LIGHT,RDSFCOND,ACCLASS,IMPACTYPE,INVTYPE,INVAGE,INJURY,FATAL_NO,INITDIR,VEHTYPE,MANOEUVER,DRIVACT,DRIVCOND,PEDTYPE,PEDACT,PEDCOND,CYCLISTYPE,CYCACT,CYCCOND,PEDESTRIAN,CYCLIST,AUTOMOBILE,MOTORCYCLE,TRUCK,TRSN_CITY_VEH,EMERG_VEH,PASSENGER,SPEEDING,AG_DRIV,REDLIGHT,ALCOHOL,DISABILITY,HOOD_158,NEIGHBOURHOOD_158,HOOD_140,NEIGHBOURHOOD_140,DIVISION,ObjectId
-8835212.02444998,5416207.41170901,80757125,,2017,2017/07/08 04:00:00+00,2007,BAYVIEW AVE,BLOOR W BAYVIEW N RAMP,240 m North of,Major Arterial,Toronto and East York,11,43.680995,-79.36806,Mid-Block,Non Intersection,No Control,Clear,Daylight,Dry,Fatal,Turning Movement,Driver,35 to 39,Minimal,,North,"Automobile, Station Wagon",Making U Turn,Improper Turn,Normal,,,,,,,,,Yes,Yes,,,,,,,,,,98,Rosedale-Moore Park,98,Rosedale-Moore Park (98),D53,13657
-8820964.24282335,5433542.01737809,80756921,,2017,2017/06/13 04:00:00+00,1606,5085 SHEPPARD AVE E,,,Major Arterial,Scarborough,23,43.793505,-79.24007,Mid-Block,Non Intersection,No Control,Clear,Daylight,Dry,Fatal,Turning Movement,Driver,25 to 29,Minimal,,West,"Automobile, Station Wagon",Turning Left,Improper Turn,Normal,,,,,,,,,Yes,,,,,Yes,,,,,,128,Agincourt South-Malvern West,128,Agincourt South-Malvern West (128),D42,13658
-8826263.82982155,5429022.11255631,80609325,,2017,2017/01/08 05:00:00+00,1829,ELLESMERE RD,MONDEO DR,,Major Arterial,Scarborough,21,43.764189,-79.287677,Intersection,At Intersection,Traffic Signal,Clear,"Dark, artificial",Dry,Fatal,Pedestrian Collisions,Driver,25 to 29,None,,West,"Automobile, Station Wagon",Going Ahead,Driving Properly,Normal,,,,,,,Yes,,Yes,,,,,,,,,,,126,Dorset Park,126,Dorset Park (126),D41,13659
-8857899.38195162,5423151.67217221,80885787,,2017,2017/08/19 04:00:00+00,2309,HINTON RD,KIPLING AVE,120 m East of,Local,Etobicoke York,1,43.726092,-79.571864,Mid-Block,At/Near Private Drive,No Control,Clear,"Dark, artificial",Dry,Non-Fatal Injury,Turning Movement,Driver,35 to 39,None,,North,"Automobile, Station Wagon",Turning Left,Failed to Yield Right of Way,Normal,,,,,,,,,Yes,Yes,,,,,,Yes,,,,4,Rexdale-Kipling,4,Rexdale-Kipling (4),D23,13661
-8813227.87217169,5435758.37608906,80903181,,2017,2017/05/15 04:00:00+00,1315,MEADOWVALE RD,SHEPPARD AV E,37 m South of,Minor Arterial,Scarborough,25,43.807875,-79.170573,Mid-Block,Non Intersection,No Control,Clear,Daylight,Dry,Non-Fatal Injury,Turning Movement,Driver,45 to 49,None,,North,"Automobile, Station Wagon",Turning Left,Failed to Yield Right of Way,Inattentive,,,,,,,,,Yes,Yes,,,,,,Yes,,,,143,West Rouge,131,Rouge (131),D42,13662
-8846827.99067528,5414731.83067106,80774352,,2017,2017/04/10 04:00:00+00,2229,ST CLAIR AVE W,GUNNS RD,90 m West of,Major Arterial,Etobicoke York,5,43.671408,-79.472408,Mid-Block,Non Intersection,No Control,Rain,Dark,Wet,Non-Fatal Injury,Pedestrian Collisions,Pedestrian,50 to 54,Major,,West,,,,,Pedestrian hit at mid-block,Running onto Roadway,Inattentive,,,,Yes,,Yes,,,,,,,Yes,,,,90,Junction Area,90,Junction Area (90),D11,13663
-8854890.30479598,5427064.88393601,80914555,,2017,2017/08/21 04:00:00+00,118,FINCH AVE W,WESTON RD,213 m West of,Major Arterial,Etobicoke York,7,43.75149,-79.544833,Mid-Block,Non Intersection,No Control,Clear,"Dark, artificial",Dry,Non-Fatal Injury,Turning Movement,Driver,unknown,None,,West,"Automobile, Station Wagon",Going Ahead,Speed too Fast For Condition,Normal,,,,,,,,,Yes,,,,,,Yes,Yes,,,,22,Humbermede,22,Humbermede (22),D31,13665
-8826263.82982155,5429022.11255631,80609326,,2017,2017/01/08 05:00:00+00,1829,ELLESMERE RD,MONDEO DR,,Major Arterial,Scarborough,21,43.764189,-79.287677,Intersection,At Intersection,Traffic Signal,Clear,"Dark, artificial",Dry,Fatal,Pedestrian Collisions,Pedestrian,75 to 79,Fatal,2,North,,,,,Vehicle is going straight thru inter.while ped cross without ROW,Crossing without right of way,Inattentive,,,,Yes,,Yes,,,,,,,,,,,126,Dorset Park,126,Dorset Park (126),D41,13666
-8820964.24282335,5433542.01737809,80756967,,2017,2017/06/13 04:00:00+00,1606,5085 SHEPPARD AVE E,,,Major Arterial,Scarborough,23,43.793505,-79.24007,Mid-Block,Non Intersection,No Control,Clear,Daylight,Dry,Fatal,Turning Movement,Passenger,40 to 44,Major,,,,,,,,,,,,,,,Yes,,,,,Yes,,,,,,128,Agincourt South-Malvern West,128,Agincourt South-Malvern West (128),D42,13667
-8845321.28136739,5424064.88376939,80741712,,2017,2017/04/11 04:00:00+00,1056,WILSON AVE,DUFFERIN ST,10 m west,Major Arterial,North York,6,43.73202,-79.458873,Intersection,At Intersection,Traffic Signal,Clear,Daylight,Dry,Fatal,Pedestrian Collisions,Pedestrian,50 to 54,Fatal,16,East,,,,,Vehicle turns right while ped crosses with ROW at inter.,Crossing with right of way,Normal,,,,Yes,,,,Yes,,,,,Yes,,,,33,Clanton Park,33,Clanton Park (33),D32,13669
-8849465.03809268,5415618.50547547,80776909,,2017,2017/05/15 04:00:00+00,1806,JANE ST,DALRYMPLE DR,,Major Arterial,Etobicoke York,5,43.677169,-79.496097,Intersection,Non Intersection,No Control,Clear,Daylight,Dry,Non-Fatal Injury,Pedestrian Collisions,Driver,50 to 54,None,,South,"Automobile, Station Wagon",Going Ahead,Driving Properly,Normal,,,,,,,Yes,,Yes,,,,,,,,,,,111,Rockcliffe-Smythe,111,Rockcliffe-Smythe (111),D12,13670
-8835212.02444998,5416207.41170901,80757180,,2017,2017/07/08 04:00:00+00,2007,BAYVIEW AVE,BLOOR W BAYVIEW N RAMP,240 m North of,Major Arterial,Toronto and East York,11,43.680995,-79.36806,Mid-Block,Non Intersection,No Control,Clear,Daylight,Dry,Fatal,Turning Movement,Motorcycle Driver,45 to 49,Minimal,,North,Motorcycle,Going Ahead,Driving Properly,Normal,,,,,,,,,Yes,Yes,,,,,,,,,,98,Rosedale-Moore Park,98,Rosedale-Moore Park (98),D53,13671
-8835974.7856009,5411619.06169255,80774962,,2017,2017/01/10 05:00:00+00,2003,ADELAIDE ST E,CHURCH ST,,Major Arterial,Toronto and East York,13,43.651179,-79.374912,Intersection,At Intersection,Traffic Signal,Rain,"Dark, artificial",Wet,Non-Fatal Injury,Pedestrian Collisions,Driver,55 to 59,None,,East,"Automobile, Station Wagon",Going Ahead,Driving Properly,Normal,,,,,,,Yes,,Yes,,,,,Yes,,,,,,168,Downtown Yonge East,75,Church-Yonge Corridor (75),D51,13673
-8820964.24282335,5433542.01737809,80756969,,2017,2017/06/13 04:00:00+00,1606,5085 SHEPPARD AVE E,,,Major Arterial,Scarborough,23,43.793505,-79.24007,Mid-Block,Non Intersection,No Control,Clear,Daylight,Dry,Fatal,Turning Movement,Passenger,0 to 4,Fatal,27,,,,,,,,,,,,,,Yes,,,,,Yes,,,,,,128,Agincourt South-Malvern West,128,Agincourt South-Malvern West (128),D42,13674
-8854890.30479598,5427064.88393601,80914556,,2017,2017/08/21 04:00:00+00,118,FINCH AVE W,WESTON RD,213 m West of,Major Arterial,Etobicoke York,7,43.75149,-79.544833,Mid-Block,Non Intersection,No Control,Clear,"Dark, artificial",Dry,Non-Fatal Injury,Turning Movement,Driver,15 to 19,Major,,East,"Automobile, Station Wagon",Turning Left,Failed to Yield Right of Way,Unknown,,,,,,,,,Yes,,,,,,Yes,Yes,,,,22,Humbermede,22,Humbermede (22),D31,13675
-8835974.7856009,5411619.06169255,80774963,,2017,2017/01/10 05:00:00+00,2003,ADELAIDE ST E,CHURCH ST,,Major Arterial,Toronto and East York,13,43.651179,-79.374912,Intersection,At Intersection,Traffic Signal,Rain,"Dark, artificial",Wet,Non-Fatal Injury,Pedestrian Collisions,Pedestrian,50 to 54,Major,,North,,,,,Vehicle is going straight thru inter.while ped cross without ROW,Crossing without right of way,Normal,,,,Yes,,Yes,,,,,Yes,,,,,,168,Downtown Yonge East,75,Church-Yonge Corridor (75),D51,13676
-8820964.24282335,5433542.01737809,80756970,,2017,2017/06/13 04:00:00+00,1606,5085 SHEPPARD AVE E,,,Major Arterial,Scarborough,23,43.793505,-79.24007,Mid-Block,Non Intersection,No Control,Clear,Daylight,Dry,Fatal,Turning Movement,Driver,55 to 59,Minimal,,East,"Automobile, Station Wagon",Going Ahead,Driving Properly,Normal,,,,,,,,,Yes,,,,,Yes,,,,,,128,Agincourt South-Malvern West,128,Agincourt South-Malvern West (128),D42,13678
-8835974.7856009,5411619.06169255,80774964,,2017,2017/01/10 05:00:00+00,2003,ADELAIDE ST E,CHURCH ST,,Major Arterial,Toronto and East York,13,43.651179,-79.374912,Intersection,At Intersection,Traffic Signal,Rain,"Dark, artificial",Wet,Non-Fatal Injury,Pedestrian Collisions,Passenger,15 to 19,None,,,,,,,,,,,,,Yes,,Yes,,,,,Yes,,,,,,168,Downtown Yonge East,75,Church-Yonge Corridor (75),D51,13680
-8824540.60410407,5421263.76127504,80933992,,2017,2017/08/21 04:00:00+00,1414,ST CLAIR AVE E,BIRCHMOUNT RD,71 m West of,Major Arterial,Scarborough,20,43.713835,-79.272197,Mid-Block,At/Near Private Drive,No Control,Clear,Daylight,Dry,Non-Fatal Injury,Angle,Driver,35 to 39,Major,,East,"Automobile, Station Wagon",Going Ahead,Driving Properly,Normal,,,,,,,,,Yes,,,,,,,Yes,,,,120,Clairlea-Birchmount,120,Clairlea-Birchmount (120),D41,13681
-8854232.96320285,5424800.69489671,80734850,,2017,2017/01/12 05:00:00+00,2258,WESTON RD,VEROBEACH BLVD,252 m South of,Major Arterial,Etobicoke York,7,43.736796,-79.538928,Mid-Block,Non Intersection,No Control,Clear,"Dark, artificial",Dry,Non-Fatal Injury,SMV Other,Truck Driver,55 to 59,Major,,North,"Truck - Closed (Blazer, etc)",Going Ahead,Lost control,Medical or Physical Disability,,,,,,,,,,,Yes,,,,,,,,Yes,22,Humbermede,22,Humbermede (22),D31,13684
-8824540.60410407,5421263.76127504,80933993,,2017,2017/08/21 04:00:00+00,1414,ST CLAIR AVE E,BIRCHMOUNT RD,71 m West of,Major Arterial,Scarborough,20,43.713835,-79.272197,Mid-Block,At/Near Private Drive,No Control,Clear,Daylight,Dry,Non-Fatal Injury,Angle,Driver,25 to 29,None,,North,"Automobile, Station Wagon",Going Ahead,Failed to Yield Right of Way,Inattentive,,,,,,,,,Yes,,,,,,,Yes,,,,120,Clairlea-Birchmount,120,Clairlea-Birchmount (120),D41,13685
-8849465.03809268,5415618.50547547,80776910,,2017,2017/05/15 04:00:00+00,1806,JANE ST,DALRYMPLE DR,,Major Arterial,Etobicoke York,5,43.677169,-79.496097,Intersection,Non Intersection,No Control,Clear,Daylight,Dry,Non-Fatal Injury,Pedestrian Collisions,Pedestrian,15 to 19,Major,,West,,,,,Pedestrian hit at mid-block,"Crossing, no Traffic Control",Medical or Physical Disability,,,,Yes,,Yes,,,,,,,,,,,111,Rockcliffe-Smythe,111,Rockcliffe-Smythe (111),D12,13687
-8828946.74086916,5426509.95674139,80779712,,2017,2017/07/10 04:00:00+00,1200,LYNVALLEY CRES,VICTORIA PARK AVE,,Major Arterial,North York,1621,43.747889,-79.311778,Intersection,At Intersection,Traffic Signal,Clear,"Daylight, artificial",Dry,Non-Fatal Injury,Pedestrian Collisions,Driver,40 to 44,None,,East,"Automobile, Station Wagon",Turning Left,Failed to Yield Right of Way,Inattentive,,,,,,,Yes,,Yes,,,,,,,Yes,,,,119,Wexford/Maryvale,119,Wexford/Maryvale (119),D41,13688
-8845321.28136739,5424064.88376939,80741715,,2017,2017/04/11 04:00:00+00,1056,WILSON AVE,DUFFERIN ST,10 m west,Major Arterial,North York,6,43.73202,-79.458873,Intersection,At Intersection,Traffic Signal,Clear,Daylight,Dry,Fatal,Pedestrian Collisions,Truck Driver,60 to 64,None,,East,"Truck - Closed (Blazer, etc)",Turning Right,Failed to Yield Right of Way,Inattentive,,,,,,,Yes,,,,Yes,,,,,Yes,,,,33,Clanton Park,33,Clanton Park (33),D32,13689
-8838756.9936343,5412943.8106966,80920030,,2017,2017/08/21 04:00:00+00,1634,SPADINA CRES,RUSSELL ST,30 m South of,Major Arterial,Toronto and East York,11,43.659789,-79.399905,Intersection,At Intersection,No Control,Clear,Daylight,Dry,Non-Fatal Injury,Cyclist Collisions,Cyclist,35 to 39,Major,,North,Bicycle,Going Ahead,,,,,,Cyclist and Driver travelling in same direction. One vehicle sideswipes the other.,Driving Properly,Unknown,,Yes,Yes,,,,,,Yes,Yes,,,,79,University,79,University (79),D52,13691
-8828873.7152832,5428180.23294178,80741778,,2017,2017/05/16 04:00:00+00,1135,95 ELLESMERE RD,,,Major Arterial,Scarborough,21,43.758727,-79.311122,Mid-Block,Non Intersection,No Control,Clear,Daylight,Dry,Fatal,SMV Other,Driver,80 to 84,Fatal,23,East,"Automobile, Station Wagon",Going Ahead,Lost control,Medical or Physical Disability,,,,,,,,,Yes,,,,,,,,,,Yes,119,Wexford/Maryvale,119,Wexford/Maryvale (119),D41,13692
-8832867.96993235,5430694.07723302,80771399,,2017,2017/06/13 04:00:00+00,1719,SHEPPARD AVE E,DON MILLS RD,1 m West of,Major Arterial,North York,17,43.775035,-79.347003,Intersection,At Intersection,Traffic Controller,Clear,Daylight,Dry,Non-Fatal Injury,Rear End,Driver,70 to 74,Major,,East,"Automobile, Station Wagon",Going Ahead,Other,Medical or Physical Disability,,,,,,,,,Yes,,,,,Yes,,,,,Yes,53,Henry Farm,53,Henry Farm (53),D33,13694
-8834705.85472535,5413384.05099236,80774493,,2017,2017/04/11 04:00:00+00,1919,GERRARD ST E,SACKVILLE ST,37 m East of,Minor Arterial,Toronto and East York,13,43.66265,-79.363513,Mid-Block,Non Intersection,No Control,Clear,Daylight,Dry,Non-Fatal Injury,Pedestrian Collisions,Driver,40 to 44,None,,East,"Automobile, Station Wagon",Going Ahead,Driving Properly,Normal,,,,,,,Yes,,Yes,,,,,,,,,,,72,Regent Park,72,Regent Park (72),D51,13695
-8828946.74086916,5426509.95674139,80779713,,2017,2017/07/10 04:00:00+00,1200,LYNVALLEY CRES,VICTORIA PARK AVE,,Major Arterial,North York,1621,43.747889,-79.311778,Intersection,At Intersection,Traffic Signal,Clear,"Daylight, artificial",Dry,Non-Fatal Injury,Pedestrian Collisions,Pedestrian,50 to 54,Major,,West,,,,,Vehicle turns left while ped crosses with ROW at inter.,Crossing with right of way,Normal,,,,Yes,,Yes,,,,,,,Yes,,,,119,Wexford/Maryvale,119,Wexford/Maryvale (119),D41,13696
-8819365.80625505,5436417.5256116,80943362,,2017,2017/01/14 05:00:00+00,1902,NEILSON RD,CROW TRL,,Minor Arterial,Scarborough,2325,43.812148,-79.225711,Intersection,At Intersection,Traffic Signal,Clear,"Dark, artificial",Dry,Non-Fatal Injury,Turning Movement,Passenger,10 to 14,Major,,,,,,,,,,,,,,,Yes,,,,,Yes,,,,,,145,Malvern West,132,Malvern (132),D42,13698
-8838756.9936343,5412943.8106966,80920031,,2017,2017/08/21 04:00:00+00,1634,SPADINA CRES,RUSSELL ST,30 m South of,Major Arterial,Toronto and East York,11,43.659789,-79.399905,Intersection,At Intersection,No Control,Clear,Daylight,Dry,Non-Fatal Injury,Cyclist Collisions,Driver,25 to 29,None,,North,Delivery Van,Going Ahead,Other,Unknown,,,,,,,,Yes,Yes,,,,,,Yes,Yes,,,,79,University,79,University (79),D52,13699
-8848602.97995598,5414716.59433709,80903296,,2017,2017/05/16 04:00:00+00,1535,CORBETT  AVE,MOULD  AVE,,Local,Etobicoke York,5,43.671309,-79.488353,Intersection,At Intersection,No Control,Clear,Daylight,Dry,Non-Fatal Injury,Pedestrian Collisions,Pedestrian,5 to 9,Major,,North,,,,,Vehicle is going straight thru inter.while ped cross without ROW,Crossing without right of way,Inattentive,,,,Yes,,Yes,,,,,,,,,,,111,Rockcliffe-Smythe,111,Rockcliffe-Smythe (111),D12,13700
-8832867.96993235,5430694.07723302,80771400,,2017,2017/06/13 04:00:00+00,1719,SHEPPARD AVE E,DON MILLS RD,1 m West of,Major Arterial,North York,17,43.775035,-79.347003,Intersection,At Intersection,Traffic Controller,Clear,Daylight,Dry,Non-Fatal Injury,Rear End,Driver,25 to 29,None,,East,"Automobile, Station Wagon",Stopped,Driving Properly,Normal,,,,,,,,,Yes,,,,,Yes,,,,,Yes,53,Henry Farm,53,Henry Farm (53),D33,13702
-8834705.85472535,5413384.05099236,80774494,,2017,2017/04/11 04:00:00+00,1919,GERRARD ST E,SACKVILLE ST,37 m East of,Minor Arterial,Toronto and East York,13,43.66265,-79.363513,Mid-Block,Non Intersection,No Control,Clear,Daylight,Dry,Non-Fatal Injury,Pedestrian Collisions,Pedestrian,40 to 44,Major,,Unknown,,,,,Pedestrian hit at mid-block,"Crossing, no Traffic Control",Other,,,,Yes,,Yes,,,,,,,,,,,72,Regent Park,72,Regent Park (72),D51,13703
-8819365.80625505,5436417.5256116,80943363,,2017,2017/01/14 05:00:00+00,1902,NEILSON RD,CROW TRL,,Minor Arterial,Scarborough,2325,43.812148,-79.225711,Intersection,At Intersection,Traffic Signal,Clear,"Dark, artificial",Dry,Non-Fatal Injury,Turning Movement,Passenger,5 to 9,Major,,,,,,,,,,,,,,,Yes,,,,,Yes,,,,,,145,Malvern West,132,Malvern (132),D42,13704
-8819365.80625505,5436417.5256116,80943364,,2017,2017/01/14 05:00:00+00,1902,NEILSON RD,CROW TRL,,Minor Arterial,Scarborough,2325,43.812148,-79.225711,Intersection,At Intersection,Traffic Signal,Clear,"Dark, artificial",Dry,Non-Fatal Injury,Turning Movement,Passenger,10 to 14,Minor,,,,,,,,,,,,,,,Yes,,,,,Yes,,,,,,145,Malvern West,132,Malvern (132),D42,13705
-8827649.08956498,5416651.3480796,80894961,,2017,2017/08/23 04:00:00+00,1010,MAIN ST,GERRARD  ST E,,Minor Arterial,Toronto and East York,19,43.683879,-79.300121,Intersection,At Intersection,Traffic Signal,Clear,Daylight,Dry,Non-Fatal Injury,Cyclist Collisions,Driver,45 to 49,None,,South,"Automobile, Station Wagon",Going Ahead,Driving Properly,Normal,,,,,,,,Yes,Yes,,,,,,,,,,,62,East End-Danforth,62,East End-Danforth (62),D55,13707
-8836628.67628982,5433824.39225585,80741713,,2017,2017/04/13 04:00:00+00,144,CUMMER AVE,SNOWCREST AVE,150 m East,Collector,North York,17,43.795336,-79.380786,Mid-Block,Non Intersection,No Control,Clear,"Dark, artificial",Dry,Fatal,SMV Other,Passenger,25 to 29,Major,,,,,,,,,,,,,,,Yes,,,,,Yes,Yes,Yes,,,,49,Bayview Woods-Steeles,49,Bayview Woods-Steeles (49),D33,13709
-8848602.97995598,5414716.59433709,80903297,,2017,2017/05/16 04:00:00+00,1535,CORBETT  AVE,MOULD  AVE,,Local,Etobicoke York,5,43.671309,-79.488353,Intersection,At Intersection,No Control,Clear,Daylight,Dry,Non-Fatal Injury,Pedestrian Collisions,Driver,45 to 49,None,,East,"Automobile, Station Wagon",Going Ahead,Driving Properly,Normal,,,,,,,Yes,,Yes,,,,,,,,,,,111,Rockcliffe-Smythe,111,Rockcliffe-Smythe (111),D12,13710
-8833657.89303902,5434472.14448809,80913035,,2017,2017/07/10 04:00:00+00,1250,DON MILLS RD,MCNICOLL AVE,,Major Arterial,North York,17,43.799536,-79.354099,Intersection,At Intersection,Traffic Signal,Clear,Daylight,Dry,Non-Fatal Injury,Turning Movement,Passenger,10 to 14,Major,,,,,,,,,,,,,,,Yes,,,,,Yes,,,,,,48,Hillcrest Village,48,Hillcrest Village (48),D33,13712
-8827649.08956498,5416651.3480796,80894962,,2017,2017/08/23 04:00:00+00,1010,MAIN ST,GERRARD  ST E,,Minor Arterial,Toronto and East York,19,43.683879,-79.300121,Intersection,At Intersection,Traffic Signal,Clear,Daylight,Dry,Non-Fatal Injury,Cyclist Collisions,Cyclist,25 to 29,Major,,East,Bicycle,Going Ahead,,,,,,"Cyclist without ROW rides into path of motorist at inter, lnwy, dwy-Cyclist not turn.",Driving Properly,Normal,,Yes,Yes,,,,,,,,,,,62,East End-Danforth,62,East End-Danforth (62),D55,13713
-8833513.51165946,5419427.97386977,80777266,,2017,2017/05/17 04:00:00+00,752,MILLWOOD RD,OVERLEA BLVD,20 m South of,Major Arterial,North York,15,43.701914,-79.352802,Intersection,Intersection Related,Traffic Signal,Clear,Daylight,Dry,Non-Fatal Injury,Cyclist Collisions,Cyclist,10 to 14,Major,,North,Bicycle,Merging,,,,,,Cyclist and Driver travelling in same direction. One vehicle sideswipes the other.,Improper Lane Change,Normal,,Yes,Yes,,,,,,,,,,,55,Thorncliffe Park,55,Thorncliffe Park (55),D53,13714
-8832867.96993235,5430694.07723302,80771401,,2017,2017/06/13 04:00:00+00,1719,SHEPPARD AVE E,DON MILLS RD,1 m West of,Major Arterial,North York,17,43.775035,-79.347003,Intersection,At Intersection,Traffic Controller,Clear,Daylight,Dry,Non-Fatal Injury,Rear End,Driver,25 to 29,None,,East,"Automobile, Station Wagon",Stopped,Driving Properly,Normal,,,,,,,,,Yes,,,,,Yes,,,,,Yes,53,Henry Farm,53,Henry Farm (53),D33,13716
-8833657.89303902,5434472.14448809,80913036,,2017,2017/07/10 04:00:00+00,1250,DON MILLS RD,MCNICOLL AVE,,Major Arterial,North York,17,43.799536,-79.354099,Intersection,At Intersection,Traffic Signal,Clear,Daylight,Dry,Non-Fatal Injury,Turning Movement,Passenger,60 to 64,None,,,,,,,,,,,,,,,Yes,,,,,Yes,,,,,,48,Hillcrest Village,48,Hillcrest Village (48),D33,13718
-8819365.80625505,5436417.5256116,80943365,,2017,2017/01/14 05:00:00+00,1902,NEILSON RD,CROW TRL,,Minor Arterial,Scarborough,2325,43.812148,-79.225711,Intersection,At Intersection,Traffic Signal,Clear,"Dark, artificial",Dry,Non-Fatal Injury,Turning Movement,Passenger,15 to 19,Minimal,,,,,,,,,,,,,,,Yes,,,,,Yes,,,,,,145,Malvern West,132,Malvern (132),D42,13719
-8836628.67628982,5433824.39225585,80741716,,2017,2017/04/13 04:00:00+00,144,CUMMER AVE,SNOWCREST AVE,150 m East,Collector,North York,17,43.795336,-79.380786,Mid-Block,Non Intersection,No Control,Clear,"Dark, artificial",Dry,Fatal,SMV Other,Driver,25 to 29,Fatal,17,East,"Automobile, Station Wagon",Going Ahead,Lost control,Unknown,,,,,,,,,Yes,,,,,Yes,Yes,Yes,,,,49,Bayview Woods-Steeles,49,Bayview Woods-Steeles (49),D33,13720
-8819491.48596016,5441056.97079177,80788468,,2017,2017/08/23 04:00:00+00,1525,STEELES AVE E,NINTH LINE,84 m West of,Minor Arterial,Scarborough,25,43.842215,-79.22684,Mid-Block,Non Intersection,No Control,Clear,Daylight,Dry,Non-Fatal Injury,Rear End,Driver,35 to 39,Major,,East,"Automobile, Station Wagon",Going Ahead,Following too Close,Inattentive,,,,,,,,,Yes,,,,,,,Yes,,,,144,Morningside Heights,131,Rouge (131),D42,13721
-8838478.47226833,5411640.13925474,80741714,,2017,2017/04/14 04:00:00+00,1805,SPADINA AVE,SULLIVAN ST,50 m North,Major Arterial,Toronto and East York,10,43.651316,-79.397403,Mid-Block,Non Intersection,No Control,Clear,Daylight,Dry,Fatal,Pedestrian Collisions,Pedestrian,65 to 69,Fatal,18,East,,,,,Pedestrian involved in a collision with transit vehicle anywhere along roadway,"Crossing, no Traffic Control",Had Been Drinking,,,,Yes,,,,,Yes,,,,,,,,78,Kensington-Chinatown,78,Kensington-Chinatown (78),D52,13722
-8833513.51165946,5419427.97386977,80777267,,2017,2017/05/17 04:00:00+00,752,MILLWOOD RD,OVERLEA BLVD,20 m South of,Major Arterial,North York,15,43.701914,-79.352802,Intersection,Intersection Related,Traffic Signal,Clear,Daylight,Dry,Non-Fatal Injury,Cyclist Collisions,Driver,60 to 64,None,,North,"Automobile, Station Wagon",Going Ahead,Driving Properly,Normal,,,,,,,,Yes,Yes,,,,,,,,,,,55,Thorncliffe Park,55,Thorncliffe Park (55),D53,13723
-8832867.96993235,5430694.07723302,80771402,,2017,2017/06/13 04:00:00+00,1719,SHEPPARD AVE E,DON MILLS RD,1 m West of,Major Arterial,North York,17,43.775035,-79.347003,Intersection,At Intersection,Traffic Controller,Clear,Daylight,Dry,Non-Fatal Injury,Rear End,Passenger,25 to 29,None,,,,,,,,,,,,,,,Yes,,,,,Yes,,,,,Yes,53,Henry Farm,53,Henry Farm (53),D33,13725
-8819365.80625505,5436417.5256116,80943366,,2017,2017/01/14 05:00:00+00,1902,NEILSON RD,CROW TRL,,Minor Arterial,Scarborough,2325,43.812148,-79.225711,Intersection,At Intersection,Traffic Signal,Clear,"Dark, artificial",Dry,Non-Fatal Injury,Turning Movement,Driver,20 to 24,Minimal,,South,"Automobile, Station Wagon",Going Ahead,Driving Properly,Normal,,,,,,,,,Yes,,,,,Yes,,,,,,145,Malvern West,132,Malvern (132),D42,13727
-8831003.81373953,5423015.96136084,80771452,,2017,2017/06/13 04:00:00+00,2001,DON VALLEY PARKWAY  N,EGLINTON AVE E,80 m North of,,North York,16,43.725211,-79.330257,Mid-Block,Non Intersection,No Control,Clear,Daylight,Dry,Non-Fatal Injury,Sideswipe,Motorcycle Driver,25 to 29,Major,,North,Motorcycle,Changing Lanes,Lost control,Normal,,,,,,,,,Yes,Yes,,,,,,Yes,,,,42,Banbury-Don Mills,42,Banbury-Don Mills (42),D33,13728
-8819491.48596016,5441056.97079177,80788469,,2017,2017/08/23 04:00:00+00,1525,STEELES AVE E,NINTH LINE,84 m West of,Minor Arterial,Scarborough,25,43.842215,-79.22684,Mid-Block,Non Intersection,No Control,Clear,Daylight,Dry,Non-Fatal Injury,Rear End,Driver,40 to 44,None,,East,"Automobile, Station Wagon",Slowing or Stopping,Driving Properly,Normal,,,,,,,,,Yes,,,,,,,Yes,,,,144,Morningside Heights,131,Rouge (131),D42,13729
-8818604.82621599,5425773.39292677,80786998,,2017,2017/05/17 04:00:00+00,1134,MARKHAM RD,EGLINTON AVE E,,Major Arterial,Scarborough,2024,43.743109,-79.218875,Intersection,At Intersection,Traffic Signal,Clear,Daylight,Dry,Non-Fatal Injury,Pedestrian Collisions,Truck Driver,45 to 49,None,,South,Truck-Tractor,Turning Right,Failed to Yield Right of Way,Normal,,,,,,,Yes,,,,Yes,,,,,Yes,,,,139,Scarborough Village,139,Scarborough Village (139),D43,13730
-8819365.80625505,5436417.5256116,80943367,,2017,2017/01/14 05:00:00+00,1902,NEILSON RD,CROW TRL,,Minor Arterial,Scarborough,2325,43.812148,-79.225711,Intersection,At Intersection,Traffic Signal,Clear,"Dark, artificial",Dry,Non-Fatal Injury,Turning Movement,Driver,75 to 79,Minimal,,North,Pick Up Truck,Turning Left,Improper Turn,Inattentive,,,,,,,,,Yes,,,,,Yes,,,,,,145,Malvern West,132,Malvern (132),D42,13731