X,Y,INDEX_,ACCNUM,YEAR,DATE,TIME,STREET1,STREET2,OFFSET,ROAD_CLASS,DISTRICT,WARDNUM,LATITUDE,LONGITUDE,LOCCOORD,ACCLOC,TRAFFCTL,VISIBILITY,LIGHT,RDSFCOND,ACCLASS,IMPACTYPE,INVTYPE,INVAGE,INJURY,FATAL_NO,INITDIR,VEHTYPE,MANOEUVER,DRIVACT,DRIVCOND,PEDTYPE,PEDACT,PEDCOND,CYCLISTYPE,CYCACT,CYCCOND,PEDESTRIAN,CYCLIST,AUTOMOBILE,MOTORCYCLE,TRUCK,TRSN_CITY_VEH,EMERG_VEH,PASSENGER,SPEEDING,AG_DRIV,REDLIGHT,ALCOHOL,DISABILITY,HOOD_158,NEIGHBOURHOOD_158,HOOD_140,NEIGHBOURHOOD_140,DIVISION,ObjectId
-8845834.24158097,5418882.43608747,80734481,,2017,2017/01/20 05:00:00+00,527,CALEDONIA RD,CASTLEFIELD AVE,,Minor Arterial,North York,8,43.698371,-79.463481,Intersection,At Intersection,Traffic Signal,Clear,"Dark, artificial",Dry,Non-Fatal Injury,Angle,Driver,30 to 34,None,,West,"Automobile, Station Wagon",Going Ahead,Driving Properly,Normal,,,,,,,,,Yes,,,,,,,Yes,Yes,,,108,Briar Hill-Belgravia,108,Briar Hill-Belgravia (108),D13,13806
-8821533.1967408,5424868.3320723,80777006,,2017,2017/05/20 04:00:00+00,1740,EGLINTON AVE E,DANFORTH RD,,Major Arterial,Scarborough,2120,43.737235,-79.245181,Mid-Block,Non Intersection,No Control,Clear,Daylight,Dry,Non-Fatal Injury,Rear End,Passenger,65 to 69,Minor,,,,,,,,,,,,,,,Yes,,,,,Yes,,Yes,,,,138,Eglinton East,138,Eglinton East (138),D43,13807
-8854735.79334276,5408781.26078853,80787897,,2017,2017/08/28 04:00:00+00,849,5450 DUNDAS ST W,,5 m South of,Major Arterial,Etobicoke York,3,43.632731,-79.543445,Mid-Block,At/Near Private Drive,No Control,Clear,Daylight,Dry,Non-Fatal Injury,Pedestrian Collisions,Driver,30 to 34,None,,South,"Automobile, Station Wagon",Turning Left,Driving Properly,Inattentive,,,,,,,Yes,,Yes,,,,,,,,,,,159,Etobicoke City Centre,14,Islington-City Centre West (14),D22,13809
-8821533.1967408,5424868.3320723,80777007,,2017,2017/05/20 04:00:00+00,1740,EGLINTON AVE E,DANFORTH RD,,Major Arterial,Scarborough,2120,43.737235,-79.245181,Mid-Block,Non Intersection,No Control,Clear,Daylight,Dry,Non-Fatal Injury,Rear End,Passenger,80 to 84,Major,,,,,,,,,,,,,,,Yes,,,,,Yes,,Yes,,,,138,Eglinton East,138,Eglinton East (138),D43,13811
-8854735.79334276,5408781.26078853,80787898,,2017,2017/08/28 04:00:00+00,849,5450 DUNDAS ST W,,5 m South of,Major Arterial,Etobicoke York,3,43.632731,-79.543445,Mid-Block,At/Near Private Drive,No Control,Clear,Daylight,Dry,Non-Fatal Injury,Pedestrian Collisions,Pedestrian,25 to 29,Major,,,,,,,Pedestrian hit at mid-block,"Crossing, no Traffic Control",Other,,,,Yes,,Yes,,,,,,,,,,,159,Etobicoke City Centre,14,Islington-City Centre West (14),D22,13812
-8854583.73091834,5402622.2557625,80609330,,2017,2017/01/21 05:00:00+00,40,BROWNS LINE,LAKESHORE W BROWNS LI RAMP,20 m North,Major Arterial,Etobicoke York,3,43.592673,-79.542079,Mid-Block,Non Intersection,No Control,"Fog, Mist, Smoke, Dust","Dark, artificial",Wet,Fatal,SMV Other,Driver,20 to 24,Fatal,3,South,Delivery Van,Going Ahead,Lost control,Had Been Drinking,,,,,,,,,Yes,,,,,,Yes,Yes,,,,19,Long Branch,19,Long Branch (19),D22,13814
-8836366.29625002,5411489.36651041,80933881,,2017,2017/06/16 04:00:00+00,1820,YONGE  ST,ADELAIDE ST W,12 m South of,Major Arterial,Toronto and East York,13,43.650336,-79.378429,Intersection,Intersection Related,No Control,Clear,Daylight,Dry,Non-Fatal Injury,Sideswipe,Truck Driver,35 to 39,Major,,South,"Truck - Closed (Blazer, etc)",Changing Lanes,Improper Lane Change,Normal,,,,,,,,,Yes,,Yes,,,,,,,,,168,Downtown Yonge East,75,Church-Yonge Corridor (75),D51,13815
-8850823.02456087,5427830.37149081,80774161,,2017,2017/04/15 04:00:00+00,2002,61 TOPCLIFF  AVE,,47 m East of,Local,Etobicoke York,7,43.756457,-79.508296,Mid-Block,Non Intersection,No Control,Clear,"Dark, artificial",Dry,Non-Fatal Injury,Approaching,Passenger,5 to 9,Minimal,,,,,,,,,,,,,,,Yes,,,,,Yes,Yes,Yes,,,,25,Glenfield-Jane Heights,25,Glenfield-Jane Heights (25),D31,13816
-8821533.1967408,5424868.3320723,80777008,,2017,2017/05/20 04:00:00+00,1740,EGLINTON AVE E,DANFORTH RD,,Major Arterial,Scarborough,2120,43.737235,-79.245181,Mid-Block,Non Intersection,No Control,Clear,Daylight,Dry,Non-Fatal Injury,Rear End,Passenger,0 to 4,Minimal,,,,,,,,,,,,,,,Yes,,,,,Yes,,Yes,,,,138,Eglinton East,138,Eglinton East (138),D43,13817
-8837922.98800927,5420191.75013152,80907325,,2017,2017/01/24 05:00:00+00,1635,95 REDPATH  AVE,,10 m West of,Collector,Toronto and East York,12,43.706874,-79.392413,Mid-Block,Non Intersection,No Control,Freezing Rain,Daylight,Wet,Non-Fatal Injury,Pedestrian Collisions,Pedestrian,35 to 39,Major,,East,,,,,Pedestrian hit at mid-block,Running onto Roadway,Other,,,,Yes,,Yes,,,,,,,,,,,174,South Eglinton-Davisville,104,Mount Pleasant West (104),D53,13819
-8842880.37889277,5427701.06482481,80887250,,2017,2017/08/28 04:00:00+00,935,SHEPPARD  AVE W,CANYON AVE,6 m West of,Major Arterial,North York,6,43.755618,-79.436946,Intersection,At Intersection,No Control,Clear,Daylight,Dry,Non-Fatal Injury,Rear End,Passenger,35 to 39,Major,,,,,,,,,,,,,,,Yes,,,,,Yes,,Yes,,,,38,Lansing-Westgate,38,Lansing-Westgate (38),D32,13820
-8818354.3573617,5436153.27395457,80772896,,2017,2017/07/15 04:00:00+00,1335,538 MCLEVIN AVE,,107 m East of,Minor Arterial,Scarborough,25,43.810435,-79.216625,Mid-Block,At/Near Private Drive,No Control,Clear,Daylight,Dry,Non-Fatal Injury,Pedestrian Collisions,Pedestrian,unknown,Major,,Unknown,,,,,Pedestrian hit at private driveway,On Sidewalk or Shoulder,Normal,,,,Yes,,Yes,,,,,Yes,,Yes,,,,146,Malvern East,132,Malvern (132),D42,13821
-8860828.64303235,5426839.11808023,80770849,,2017,2017/06/16 04:00:00+00,2101,MARTIN GROVE RD,SILVERSTONE DR,101 m South of,Minor Arterial,Etobicoke York,1,43.750025,-79.598178,Mid-Block,Non Intersection,No Control,Rain,"Dark, artificial",Wet,Non-Fatal Injury,Pedestrian Collisions,Driver,70 to 74,None,,South,"Automobile, Station Wagon",Going Ahead,Driving Properly,Normal,,,,,,,Yes,,Yes,,,,,,,,,,,2,Mount Olive-Silverstone-Jamestown,2,Mount Olive-Silverstone-Jamestown (2),D23,13822
-8821533.1967408,5424868.3320723,80777009,,2017,2017/05/20 04:00:00+00,1740,EGLINTON AVE E,DANFORTH RD,,Major Arterial,Scarborough,2120,43.737235,-79.245181,Mid-Block,Non Intersection,No Control,Clear,Daylight,Dry,Non-Fatal Injury,Rear End,Passenger,25 to 29,Minimal,,,,,,,,,,,,,,,Yes,,,,,Yes,,Yes,,,,138,Eglinton East,138,Eglinton East (138),D43,13824
-8842880.37889277,5427701.06482481,80887251,,2017,2017/08/28 04:00:00+00,935,SHEPPARD  AVE W,CANYON AVE,6 m West of,Major Arterial,North York,6,43.755618,-79.436946,Intersection,At Intersection,No Control,Clear,Daylight,Dry,Non-Fatal Injury,Rear End,Passenger,10 to 14,None,,,,,,,,,,,,,,,Yes,,,,,Yes,,Yes,,,,38,Lansing-Westgate,38,Lansing-Westgate (38),D32,13825
-8837922.98800927,5420191.75013152,80907326,,2017,2017/01/24 05:00:00+00,1635,95 REDPATH  AVE,,10 m West of,Collector,Toronto and East York,12,43.706874,-79.392413,Mid-Block,Non Intersection,No Control,Freezing Rain,Daylight,Wet,Non-Fatal Injury,Pedestrian Collisions,Driver,60 to 64,None,,South,"Automobile, Station Wagon",Going Ahead,Driving Properly,Normal,,,,,,,Yes,,Yes,,,,,,,,,,,174,South Eglinton-Davisville,104,Mount Pleasant West (104),D53,13827
-8850823.02456087,5427830.37149081,80774217,,2017,2017/04/15 04:00:00+00,2002,61 TOPCLIFF  AVE,,47 m East of,Local,Etobicoke York,7,43.756457,-79.508296,Mid-Block,Non Intersection,No Control,Clear,"Dark, artificial",Dry,Non-Fatal Injury,Approaching,Passenger,5 to 9,Minimal,,,,,,,,,,,,,,,Yes,,,,,Yes,Yes,Yes,,,,25,Glenfield-Jane Heights,25,Glenfield-Jane Heights (25),D31,13829
-8821533.1967408,5424868.3320723,80777010,,2017,2017/05/20 04:00:00+00,1740,EGLINTON AVE E,DANFORTH RD,,Major Arterial,Scarborough,2120,43.737235,-79.245181,Mid-Block,Non Intersection,No Control,Clear,Daylight,Dry,Non-Fatal Injury,Rear End,Passenger,0 to 4,Minimal,,,,,,,,,,,,,,,Yes,,,,,Yes,,Yes,,,,138,Eglinton East,138,Eglinton East (138),D43,13831
-8842880.37889277,5427701.06482481,80887252,,2017,2017/08/28 04:00:00+00,935,SHEPPARD  AVE W,CANYON AVE,6 m West of,Major Arterial,North York,6,43.755618,-79.436946,Intersection,At Intersection,No Control,Clear,Daylight,Dry,Non-Fatal Injury,Rear End,Driver,70 to 74,Minimal,,East,"Automobile, Station Wagon",Going Ahead,Driving Properly,Normal,,,,,,,,,Yes,,,,,Yes,,Yes,,,,38,Lansing-Westgate,38,Lansing-Westgate (38),D32,13832
-8860828.64303235,5426839.11808023,80770850,,2017,2017/06/16 04:00:00+00,2101,MARTIN GROVE RD,SILVERSTONE DR,101 m South of,Minor Arterial,Etobicoke York,1,43.750025,-79.598178,Mid-Block,Non Intersection,No Control,Rain,"Dark, artificial",Wet,Non-Fatal Injury,Pedestrian Collisions,Pedestrian,10 to 14,Major,,East,,,,,Pedestrian hit at mid-block,"Crossing, no Traffic Control",Medical or Physical Disability,,,,Yes,,Yes,,,,,,,,,,,2,Mount Olive-Silverstone-Jamestown,2,Mount Olive-Silverstone-Jamestown (2),D23,13833
-8818354.3573617,5436153.27395457,80772897,,2017,2017/07/15 04:00:00+00,1335,538 MCLEVIN AVE,,107 m East of,Minor Arterial,Scarborough,25,43.810435,-79.216625,Mid-Block,At/Near Private Drive,No Control,Clear,Daylight,Dry,Non-Fatal Injury,Pedestrian Collisions,Passenger,30 to 34,None,,,,,,,,,,,,,Yes,,Yes,,,,,Yes,,Yes,,,,146,Malvern East,132,Malvern (132),D42,13834
-8821533.1967408,5424868.3320723,80777065,,2017,2017/05/20 04:00:00+00,1740,EGLINTON AVE E,DANFORTH RD,,Major Arterial,Scarborough,2120,43.737235,-79.245181,Mid-Block,Non Intersection,No Control,Clear,Daylight,Dry,Non-Fatal Injury,Rear End,Passenger,60 to 64,Minimal,,,,,,,,,,,,,,,Yes,,,,,Yes,,Yes,,,,138,Eglinton East,138,Eglinton East (138),D43,13836
-8850823.02456087,5427830.37149081,80774218,,2017,2017/04/15 04:00:00+00,2002,61 TOPCLIFF  AVE,,47 m East of,Local,Etobicoke York,7,43.756457,-79.508296,Mid-Block,Non Intersection,No Control,Clear,"Dark, artificial",Dry,Non-Fatal Injury,Approaching,Passenger,0 to 4,Minimal,,,,,,,,,,,,,,,Yes,,,,,Yes,Yes,Yes,,,,25,Glenfield-Jane Heights,25,Glenfield-Jane Heights (25),D31,13837
-8854611.78343002,5427146.09935309,80631721,,2017,2017/01/25 05:00:00+00,1440,FINCH AVE W,WESTON RD,,Major Arterial,Etobicoke York,7,43.752017,-79.542331,Intersection,At Intersection,Traffic Signal,Clear,Daylight,Wet,Fatal,Angle,Truck Driver,55 to 59,None,,North,Truck - Dump,Going Ahead,Driving Properly,Normal,,,,,,,,,Yes,,Yes,,,,,Yes,Yes,,Yes,22,Humbermede,22,Humbermede (22),D31,13839
-8821533.1967408,5424868.3320723,80777066,,2017,2017/05/20 04:00:00+00,1740,EGLINTON AVE E,DANFORTH RD,,Major Arterial,Scarborough,2120,43.737235,-79.245181,Mid-Block,Non Intersection,No Control,Clear,Daylight,Dry,Non-Fatal Injury,Rear End,Passenger,65 to 69,Minimal,,,,,,,,,,,,,,,Yes,,,,,Yes,,Yes,,,,138,Eglinton East,138,Eglinton East (138),D43,13841
-8850823.02456087,5427830.37149081,80774219,,2017,2017/04/15 04:00:00+00,2002,61 TOPCLIFF  AVE,,47 m East of,Local,Etobicoke York,7,43.756457,-79.508296,Mid-Block,Non Intersection,No Control,Clear,"Dark, artificial",Dry,Non-Fatal Injury,Approaching,Passenger,25 to 29,Minimal,,,,,,,,,,,,,,,Yes,,,,,Yes,Yes,Yes,,,,25,Glenfield-Jane Heights,25,Glenfield-Jane Heights (25),D31,13843
-8859760.19855972,5419533.14334119,80788534,,2017,2017/07/16 04:00:00+00,1045,HIGHWAY 27  N,BELFIELD RD,500 m North of,Major Arterial,Etobicoke York,1,43.702597,-79.58858,Mid-Block,Non Intersection,No Control,Clear,Daylight,Dry,Non-Fatal Injury,SMV Other,Motorcycle Driver,35 to 39,Major,,North,Motorcycle,Going Ahead,Lost control,Normal,,,,,,,,,,Yes,,,,,Yes,Yes,,,,1,West Humber-Clairville,1,West Humber-Clairville (1),D23,13844
-8842880.37889277,5427701.06482481,80887253,,2017,2017/08/28 04:00:00+00,935,SHEPPARD  AVE W,CANYON AVE,6 m West of,Major Arterial,North York,6,43.755618,-79.436946,Intersection,At Intersection,No Control,Clear,Daylight,Dry,Non-Fatal Injury,Rear End,Driver,45 to 49,None,,East,Pick Up Truck,Going Ahead,Following too Close,Normal,,,,,,,,,Yes,,,,,Yes,,Yes,,,,38,Lansing-Westgate,38,Lansing-Westgate (38),D32,13845
-8820272.0582296,5431717.35325384,80770311,,2017,2017/06/19 04:00:00+00,1543,MARKHAM RD,PROGRESS AVE,,Major Arterial,Scarborough,24,43.781672,-79.233852,Intersection,At Intersection,Traffic Signal,Clear,Daylight,Dry,Non-Fatal Injury,Turning Movement,Motorcycle Driver,20 to 24,Major,,South,Motorcycle,Turning Left,Improper Turn,Inattentive,,,,,,,,,Yes,Yes,,,,,,,,,,142,Woburn North,137,Woburn (137),D43,13846
-8821533.1967408,5424868.3320723,80777067,,2017,2017/05/20 04:00:00+00,1740,EGLINTON AVE E,DANFORTH RD,,Major Arterial,Scarborough,2120,43.737235,-79.245181,Mid-Block,Non Intersection,No Control,Clear,Daylight,Dry,Non-Fatal Injury,Rear End,Passenger,50 to 54,Minimal,,,,,,,,,,,,,,,Yes,,,,,Yes,,Yes,,,,138,Eglinton East,138,Eglinton East (138),D43,13848
-8854611.78343002,5427146.09935309,80631859,,2017,2017/01/25 05:00:00+00,1440,FINCH AVE W,WESTON RD,,Major Arterial,Etobicoke York,7,43.752017,-79.542331,Intersection,At Intersection,Traffic Signal,Clear,Daylight,Wet,Fatal,Angle,Driver,85 to 89,Fatal,6,South,"Automobile, Station Wagon",Going Ahead,Disobeyed Traffic Control,Medical or Physical Disability,,,,,,,,,Yes,,Yes,,,,,Yes,Yes,,Yes,22,Humbermede,22,Humbermede (22),D31,13849
-8854611.78343002,5427146.09935309,80632417,,2017,2017/01/25 05:00:00+00,1440,FINCH AVE W,WESTON RD,,Major Arterial,Etobicoke York,7,43.752017,-79.542331,Intersection,At Intersection,Traffic Signal,Clear,Daylight,Wet,Fatal,Angle,Driver,40 to 44,None,,,"Automobile, Station Wagon",Going Ahead,,,,,,,,,,,Yes,,Yes,,,,,Yes,Yes,,Yes,22,Humbermede,22,Humbermede (22),D31,13850
-8820272.0582296,5431717.35325384,80770312,,2017,2017/06/19 04:00:00+00,1543,MARKHAM RD,PROGRESS AVE,,Major Arterial,Scarborough,24,43.781672,-79.233852,Intersection,At Intersection,Traffic Signal,Clear,Daylight,Dry,Non-Fatal Injury,Turning Movement,Driver,55 to 59,None,,North,"Automobile, Station Wagon",Going Ahead,Driving Properly,Normal,,,,,,,,,Yes,Yes,,,,,,,,,,142,Woburn North,137,Woburn (137),D43,13851
-8832263.28245836,5413710.43631615,80776452,,2017,2017/05/23 04:00:00+00,900,DUNDAS ST E,CARLAW AVE,,Minor Arterial,Toronto and East York,14,43.664771,-79.341571,Intersection,At Intersection,Traffic Signal,Clear,Daylight,Dry,Non-Fatal Injury,Cyclist Collisions,Cyclist,20 to 24,Major,,West,Bicycle,Going Ahead,,,,,,"Cyclist without ROW rides into path of motorist at inter, lnwy, dwy-Cyclist not turn.",Disobeyed Traffic Control,Unknown,,Yes,Yes,,,,,,,,,,,70,South Riverdale,70,South Riverdale (70),D55,13854
-8846222.41264537,5418760.79926118,80901160,,2017,2017/07/16 04:00:00+00,2033,1450 CASTLEFIELD AVE,,20 m West of,Collector,Etobicoke York,5,43.697581,-79.466968,Mid-Block,Non Intersection,No Control,Clear,Daylight,Dry,Non-Fatal Injury,Sideswipe,Motorcycle Driver,25 to 29,Major,,West,Motorcycle,Going Ahead,Driving Properly,Normal,,,,,,,,,,Yes,,,,,Yes,Yes,,,,112,Beechborough-Greenbrook,112,Beechborough-Greenbrook (112),D12,13855
-8836644.03837955,5409858.56264087,80774367,,2017,2017/04/16 04:00:00+00,1649,QUEENS QUAY W,YORK ST,47 m West of,Minor Arterial,Toronto and East York,10,43.639735,-79.380924,Mid-Block,Non Intersection,No Control,Clear,Daylight,Dry,Non-Fatal Injury,Pedestrian Collisions,Driver,50 to 54,None,,East,"Bus (Other) (Go Bus, Gray Coach)",Going Ahead,Driving Properly,Normal,,,,,,,Yes,,,,,Yes,,,,,,,,165,Harbourfront-CityPlace,77,Waterfront Communities-The Island (77),D52,13856
-8832263.28245836,5413710.43631615,80776453,,2017,2017/05/23 04:00:00+00,900,DUNDAS ST E,CARLAW AVE,,Minor Arterial,Toronto and East York,14,43.664771,-79.341571,Intersection,At Intersection,Traffic Signal,Clear,Daylight,Dry,Non-Fatal Injury,Cyclist Collisions,Driver,35 to 39,None,,East,"Automobile, Station Wagon",Turning Left,Other,Normal,,,,,,,,Yes,Yes,,,,,,,,,,,70,South Riverdale,70,South Riverdale (70),D55,13858
-8820272.0582296,5431717.35325384,80770313,,2017,2017/06/19 04:00:00+00,1543,MARKHAM RD,PROGRESS AVE,,Major Arterial,Scarborough,24,43.781672,-79.233852,Intersection,At Intersection,Traffic Signal,Clear,Daylight,Dry,Non-Fatal Injury,Turning Movement,Other,unknown,None,,,,,,,,,,,,,,,Yes,Yes,,,,,,,,,,142,Woburn North,137,Woburn (137),D43,13860
-8836644.03837955,5409858.56264087,80774368,,2017,2017/04/16 04:00:00+00,1649,QUEENS QUAY W,YORK ST,47 m West of,Minor Arterial,Toronto and East York,10,43.639735,-79.380924,Mid-Block,Non Intersection,No Control,Clear,Daylight,Dry,Non-Fatal Injury,Pedestrian Collisions,Pedestrian,35 to 39,Major,,North,,,,,Pedestrian involved in a collision with transit vehicle anywhere along roadway,"Crossing, no Traffic Control",Inattentive,,,,Yes,,,,,Yes,,,,,,,,165,Harbourfront-CityPlace,77,Waterfront Communities-The Island (77),D52,13861
-8846222.41264537,5418760.79926118,80901161,,2017,2017/07/16 04:00:00+00,2033,1450 CASTLEFIELD AVE,,20 m West of,Collector,Etobicoke York,5,43.697581,-79.466968,Mid-Block,Non Intersection,No Control,Clear,Daylight,Dry,Non-Fatal Injury,Sideswipe,Motorcycle Driver,unknown,None,,West,Motorcycle,Going Ahead,Lost control,Unknown,,,,,,,,,,Yes,,,,,Yes,Yes,,,,112,Beechborough-Greenbrook,112,Beechborough-Greenbrook (112),D12,13862
-8854611.78343002,5427146.09935309,81070510,,2017,2017/01/25 05:00:00+00,1440,FINCH AVE W,WESTON RD,,Major Arterial,Etobicoke York,7,43.752017,-79.542331,Intersection,At Intersection,Traffic Signal,Clear,Daylight,Wet,Fatal,Angle,Driver,50 to 54,None,,East,Passenger Van,Going Ahead,Driving Properly,Normal,,,,,,,,,Yes,,Yes,,,,,Yes,Yes,,Yes,22,Humbermede,22,Humbermede (22),D31,13864
-8832263.28245836,5413710.43631615,80776454,,2017,2017/05/23 04:00:00+00,900,DUNDAS ST E,CARLAW AVE,,Minor Arterial,Toronto and East York,14,43.664771,-79.341571,Intersection,At Intersection,Traffic Signal,Clear,Daylight,Dry,Non-Fatal Injury,Cyclist Collisions,Driver,55 to 59,None,,East,"Automobile, Station Wagon",Turning Left,Driving Properly,Normal,,,,,,,,Yes,Yes,,,,,,,,,,,70,South Riverdale,70,South Riverdale (70),D55,13865
-8840635.73268041,5432213.22892915,80770536,,2017,2017/06/20 04:00:00+00,1227,5799 YONGE ST,,2 m East of,Major Arterial,North York,18,43.784888,-79.416782,Mid-Block,At/Near Private Drive,Stop Sign,Clear,Daylight,Dry,Non-Fatal Injury,Pedestrian Collisions,Driver,65 to 69,None,,West,"Automobile, Station Wagon",Turning Right,Failed to Yield Right of Way,Normal,,,,,,,Yes,,Yes,,,,,,,Yes,,,,50,Newtonbrook East,50,Newtonbrook East (50),D32,13867
-8857535.03325825,5417060.51499304,80774369,,2017,2017/04/16 04:00:00+00,1659,MARTIN GROVE RD,TOLLINGTON RD,2 m North of,Major Arterial,Etobicoke York,12,43.686537,-79.568591,Intersection,At Intersection,No Control,Clear,Daylight,Dry,Non-Fatal Injury,Rear End,Truck Driver,25 to 29,None,,South,Tow Truck,Slowing or Stopping,Failed to Yield Right of Way,Normal,,,,,,,,,Yes,,,,,,,Yes,,,,7,Willowridge-Martingrove-Richview,7,Willowridge-Martingrove-Richview (7),D23,13868
-8840635.73268041,5432213.22892915,80770537,,2017,2017/06/20 04:00:00+00,1227,5799 YONGE ST,,2 m East of,Major Arterial,North York,18,43.784888,-79.416782,Mid-Block,At/Near Private Drive,Stop Sign,Clear,Daylight,Dry,Non-Fatal Injury,Pedestrian Collisions,Pedestrian,70 to 74,Major,,South,,,,,Pedestrian hit at private driveway,On Sidewalk or Shoulder,Normal,,,,Yes,,Yes,,,,,,,Yes,,,,50,Newtonbrook East,50,Newtonbrook East (50),D32,13869
-8839956.23850861,5413554.24388084,80773786,,2017,2017/01/25 05:00:00+00,1934,BATHURST ST,LENNOX ST,,Major Arterial,Toronto and East York,11,43.663756,-79.410678,Intersection,At Intersection,Traffic Signal,Rain,"Dark, artificial",Wet,Non-Fatal Injury,Pedestrian Collisions,Driver,unknown,None,,West,"Automobile, Station Wagon",Turning Right,Failed to Yield Right of Way,Unknown,,,,,,,Yes,,Yes,,,,,,,Yes,,,,79,University,79,University (79),D14,13871
-8843372.96763953,5409196.69313022,80741779,,2017,2017/05/24 04:00:00+00,1815,1395 LAKE SHORE BLVD W,,,Major Arterial,Toronto and East York,4,43.635432,-79.441371,Mid-Block,Non Intersection,No Control,Clear,Daylight,Dry,Fatal,Cyclist Collisions,Cyclist,5 to 9,Fatal,24,West,Bicycle,Going Ahead,,,,,,Insufficient information (to determine cyclist crash type).,Lost control,Normal,,Yes,,,,,,,,,,,,85,South Parkdale,85,South Parkdale (85),D14,13872
-8857535.03325825,5417060.51499304,80774370,,2017,2017/04/16 04:00:00+00,1659,MARTIN GROVE RD,TOLLINGTON RD,2 m North of,Major Arterial,Etobicoke York,12,43.686537,-79.568591,Intersection,At Intersection,No Control,Clear,Daylight,Dry,Non-Fatal Injury,Rear End,Driver,40 to 44,Major,,South,Pick Up Truck,Going Ahead,Driving Properly,Normal,,,,,,,,,Yes,,,,,,,Yes,,,,7,Willowridge-Martingrove-Richview,7,Willowridge-Martingrove-Richview (7),D23,13874
-8839874.75264135,5428020.25059608,80773465,,2017,2017/07/18 04:00:00+00,737,YONGE ST,CAMERON AVE,40 m North of,Major Arterial,North York,18,43.757689,-79.409946,Mid-Block,Non Intersection,No Control,Clear,Daylight,Dry,Non-Fatal Injury,Cyclist Collisions,Truck Driver,55 to 59,None,,South,Truck - Dump,Changing Lanes,Improper Lane Change,Inattentive,,,,,,,,Yes,,,Yes,,,,,,,,,153,Avondale,51,Willowdale East (51),D32,13875
-8837370.95465443,5411529.21335366,80770541,,2017,2017/06/20 04:00:00+00,1550,SIMCOE ST,QUEEN ST W,7 m North of,Major Arterial,Toronto and East York,10,43.650595,-79.387454,Intersection,Laneway,No Control,Clear,Daylight,Dry,Non-Fatal Injury,Pedestrian Collisions,Driver,50 to 54,None,,West,"Automobile, Station Wagon",Turning Right,Driving Properly,Normal,,,,,,,Yes,,Yes,,,,,,,,,,,164,Wellington Place,77,Waterfront Communities-The Island (77),D52,13876
-8837786.28767458,5420836.08150824,80777025,,2017,2017/05/25 04:00:00+00,2150,MOUNT PLEASANT RD,BROADWAY AVE,,Major Arterial,North York,1215,43.711058,-79.391185,Intersection,At Intersection,Traffic Signal,Rain,"Dark, artificial",Wet,Non-Fatal Injury,Cyclist Collisions,Driver,15 to 19,None,,South,"Automobile, Station Wagon",Turning Left,Failed to Yield Right of Way,Inattentive,,,,,,,,Yes,Yes,,,,,Yes,,Yes,,,,99,Mount Pleasant East,99,Mount Pleasant East (99),D53,13879
-8839874.75264135,5428020.25059608,80773466,,2017,2017/07/18 04:00:00+00,737,YONGE ST,CAMERON AVE,40 m North of,Major Arterial,North York,18,43.757689,-79.409946,Mid-Block,Non Intersection,No Control,Clear,Daylight,Dry,Non-Fatal Injury,Cyclist Collisions,Cyclist,40 to 44,Major,,South,Bicycle,Going Ahead,,,,,,Cyclist and Driver travelling in same direction. One vehicle sideswipes the other.,Driving Properly,Normal,,Yes,,,Yes,,,,,,,,,153,Avondale,51,Willowdale East (51),D32,13880
-8839956.23850861,5413554.24388084,80773787,,2017,2017/01/25 05:00:00+00,1934,BATHURST ST,LENNOX ST,,Major Arterial,Toronto and East York,11,43.663756,-79.410678,Intersection,At Intersection,Traffic Signal,Rain,"Dark, artificial",Wet,Non-Fatal Injury,Pedestrian Collisions,Pedestrian,50 to 54,Major,,East,,,,,Vehicle turns right while ped crosses with ROW at inter.,Crossing with right of way,Normal,,,,Yes,,Yes,,,,,,,Yes,,,,79,University,79,University (79),D14,13881
-8855655.62629519,5412183.09536601,80774590,,2017,2017/04/17 04:00:00+00,1858,219 MARTIN GROVE RD,,100 m North of DONALBERT ROAD,Collector,Etobicoke York,2,43.654845,-79.551708,Mid-Block,Non Intersection,No Control,Clear,Daylight,Dry,Non-Fatal Injury,SMV Other,Motorcycle Driver,15 to 19,Major,,South,Motorcycle,Going Ahead,Lost control,Normal,,,,,,,,,,Yes,,,,,,,,,,158,Islington,14,Islington-City Centre West (14),D22,13882
-8837370.95465443,5411529.21335366,80770542,,2017,2017/06/20 04:00:00+00,1550,SIMCOE ST,QUEEN ST W,7 m North of,Major Arterial,Toronto and East York,10,43.650595,-79.387454,Intersection,Laneway,No Control,Clear,Daylight,Dry,Non-Fatal Injury,Pedestrian Collisions,Pedestrian,55 to 59,Major,,Unknown,,,,,Other / Undefined,Other,Other,,,,Yes,,Yes,,,,,,,,,,,164,Wellington Place,77,Waterfront Communities-The Island (77),D52,13883
-8836299.17059707,5410859.07076852,80733456,,2017,2017/01/27 05:00:00+00,1450,FRONT ST W,YONGE ST,100 m West of,Minor Arterial,Toronto and East York,1013,43.646239,-79.377826,Mid-Block,Non Intersection,No Control,Clear,Daylight,Dry,Non-Fatal Injury,Cyclist Collisions,Driver,45 to 49,None,,West,"Automobile, Station Wagon",Stopped,Other,Inattentive,,,,,,,,Yes,Yes,,,,,,,,,,,166,St Lawrence-East Bayfront-The Islands,77,Waterfront Communities-The Island (77),D52,13884