X,Y,INDEX_,ACCNUM,YEAR,DATE,TIME,STREET1,STREET2,OFFSET,ROAD_CLASS,DISTRICT,WARDNUM,LATITUDE,LONGITUDE,LOCCOORD,ACCLOC,TRAFFCTL,VISIBILITY,LIGHT,RDSFCOND,ACCLASS,IMPACTYPE,INVTYPE,INVAGE,INJURY,FATAL_NO,INITDIR,VEHTYPE,MANOEUVER,DRIVACT,DRIVCOND,PEDTYPE,PEDACT,PEDCOND,CYCLISTYPE,CYCACT,CYCCOND,PEDESTRIAN,CYCLIST,AUTOMOBILE,MOTORCYCLE,TRUCK,TRSN_CITY_VEH,EMERG_VEH,PASSENGER,SPEEDING,AG_DRIV,REDLIGHT,ALCOHOL,DISABILITY,HOOD_158,NEIGHBOURHOOD_158,HOOD_140,NEIGHBOURHOOD_140,DIVISION,ObjectId
-8842959.41573123,5416744.01710172,80945309,,2018,2018/06/17 04:00:00+00,1810,285 OAKWOOD AVE,,50 m North of,Minor Arterial,Etobicoke York,9,43.684481,-79.437656,Mid-Block,Non Intersection,No Control,Clear,Daylight,Dry,Non-Fatal Injury,Turning Movement,Motorcycle Driver,35 to 39,Major,,South,Motorcycle,Going Ahead,Driving Properly,Normal,,,,,,,,,Yes,Yes,,,,Yes,,,,,,107,Oakwood Village,107,Oakwood Village (107),D13,14167
-8842959.41573123,5416744.01710172,80945310,,2018,2018/06/17 04:00:00+00,1810,285 OAKWOOD AVE,,50 m North of,Minor Arterial,Etobicoke York,9,43.684481,-79.437656,Mid-Block,Non Intersection,No Control,Clear,Daylight,Dry,Non-Fatal Injury,Turning Movement,Passenger,10 to 14,None,,,,,,,,,,,,,,,Yes,Yes,,,,Yes,,,,,,107,Oakwood Village,107,Oakwood Village (107),D13,14168
-8842959.41573123,5416744.01710172,80945311,,2018,2018/06/17 04:00:00+00,1810,285 OAKWOOD AVE,,50 m North of,Minor Arterial,Etobicoke York,9,43.684481,-79.437656,Mid-Block,Non Intersection,No Control,Clear,Daylight,Dry,Non-Fatal Injury,Turning Movement,Passenger,45 to 49,None,,,,,,,,,,,,,,,Yes,Yes,,,,Yes,,,,,,107,Oakwood Village,107,Oakwood Village (107),D13,14169
-8842959.41573123,5416744.01710172,80945312,,2018,2018/06/17 04:00:00+00,1810,285 OAKWOOD AVE,,50 m North of,Minor Arterial,Etobicoke York,9,43.684481,-79.437656,Mid-Block,Non Intersection,No Control,Clear,Daylight,Dry,Non-Fatal Injury,Turning Movement,Passenger,25 to 29,None,,,,,,,,,,,,,,,Yes,Yes,,,,Yes,,,,,,107,Oakwood Village,107,Oakwood Village (107),D13,14170
-8853856.70332397,5410245.89288234,80945093,,2018,2018/06/18 04:00:00+00,844,KIPLING  AVE,BLOOR ST W,50 m North of,Major Arterial,Etobicoke York,23,43.642253,-79.535548,Mid-Block,Non Intersection,No Control,Clear,Daylight,Dry,Non-Fatal Injury,Approaching,Driver,65 to 69,Major,,South,Pick Up Truck,Stopped,Lost control,Medical or Physical Disability,,,,,,,,,Yes,,,,,,,,,,Yes,158,Islington,14,Islington-City Centre West (14),D22,14171
-8853856.70332397,5410245.89288234,80945094,,2018,2018/06/18 04:00:00+00,844,KIPLING  AVE,BLOOR ST W,50 m North of,Major Arterial,Etobicoke York,23,43.642253,-79.535548,Mid-Block,Non Intersection,No Control,Clear,Daylight,Dry,Non-Fatal Injury,Approaching,Driver,30 to 34,None,,North,Pick Up Truck,Going Ahead,Driving Properly,Normal,,,,,,,,,Yes,,,,,,,,,,Yes,158,Islington,14,Islington-City Centre West (14),D22,14172
-8840978.81935104,5433119.1652254,80946259,,2018,2018/06/18 04:00:00+00,1720,26 HOMEWOOD AVE,,8 m North of,Local,North York,18,43.790763,-79.419864,Mid-Block,At/Near Private Drive,No Control,Clear,Daylight,Dry,Non-Fatal Injury,SMV Other,Driver,25 to 29,Major,,North,"Automobile, Station Wagon",Going Ahead,Lost control,Unknown,,,,,,,,,Yes,,,,,,,,,,,36,Newtonbrook West,36,Newtonbrook West (36),D32,14173
-8854170.17901004,5430204.75801378,80973472,,2018,2018/06/19 04:00:00+00,1105,STEELES AVE W,HIGHWAY 400  S,,Major Arterial,North York,7,43.771861,-79.538364,Mid-Block,Non Intersection,No Control,Clear,Daylight,Dry,Non-Fatal Injury,Rear End,Motorcycle Driver,55 to 59,Major,,West,Motorcycle,Going Ahead,Lost control,Normal,,,,,,,,,Yes,Yes,,,,,,Yes,,,,21,Humber Summit,21,Humber Summit (21),D31,14174
-8854170.17901004,5430204.75801378,80973473,,2018,2018/06/19 04:00:00+00,1105,STEELES AVE W,HIGHWAY 400  S,,Major Arterial,North York,7,43.771861,-79.538364,Mid-Block,Non Intersection,No Control,Clear,Daylight,Dry,Non-Fatal Injury,Rear End,Driver,70 to 74,None,,West,Pick Up Truck,Going Ahead,Following too Close,Normal,,,,,,,,,Yes,Yes,,,,,,Yes,,,,21,Humber Summit,21,Humber Summit (21),D31,14175
-8854170.17901004,5430204.75801378,80973474,,2018,2018/06/19 04:00:00+00,1105,STEELES AVE W,HIGHWAY 400  S,,Major Arterial,North York,7,43.771861,-79.538364,Mid-Block,Non Intersection,No Control,Clear,Daylight,Dry,Non-Fatal Injury,Rear End,Driver,85 to 89,None,,West,"Automobile, Station Wagon",Stopped,Driving Properly,Normal,,,,,,,,,Yes,Yes,,,,,,Yes,,,,21,Humber Summit,21,Humber Summit (21),D31,14176
-8840182.21707492,5433783.21526024,80945201,,2018,2018/06/19 04:00:00+00,1700,MADAWASKA AVE,WILLOWDALE AVE,,Minor Arterial,North York,18,43.795069,-79.412708,Intersection,At Intersection,Stop Sign,Clear,Daylight,Dry,Non-Fatal Injury,Angle,Driver,45 to 49,Major,,East,"Automobile, Station Wagon",Going Ahead,Failed to Yield Right of Way,Inattentive,,,,,,,,,Yes,,,,,,,Yes,,,,50,Newtonbrook East,50,Newtonbrook East (50),D32,14177
-8840182.21707492,5433783.21526024,80945202,,2018,2018/06/19 04:00:00+00,1700,MADAWASKA AVE,WILLOWDALE AVE,,Minor Arterial,North York,18,43.795069,-79.412708,Intersection,At Intersection,Stop Sign,Clear,Daylight,Dry,Non-Fatal Injury,Angle,Driver,30 to 34,Minor,,South,Pick Up Truck,Going Ahead,Driving Properly,Normal,,,,,,,,,Yes,,,,,,,Yes,,,,50,Newtonbrook East,50,Newtonbrook East (50),D32,14178
-8840182.21707492,5433783.21526024,80945203,,2018,2018/06/19 04:00:00+00,1700,MADAWASKA AVE,WILLOWDALE AVE,,Minor Arterial,North York,18,43.795069,-79.412708,Intersection,At Intersection,Stop Sign,Clear,Daylight,Dry,Non-Fatal Injury,Angle,Driver,50 to 54,Major,,North,"Automobile, Station Wagon",Going Ahead,Driving Properly,Normal,,,,,,,,,Yes,,,,,,,Yes,,,,50,Newtonbrook East,50,Newtonbrook East (50),D32,14179
-8846647.09650274,5413356.35262725,80946679,,2018,2018/06/19 04:00:00+00,1717,ANNETTE ST,QUEBEC AVE,,Minor Arterial,Etobicoke York,4,43.66247,-79.470783,Intersection,At Intersection,Stop Sign,Clear,Daylight,Dry,Non-Fatal Injury,Angle,Driver,55 to 59,Minimal,,East,"Automobile, Station Wagon",Going Ahead,Speed too Fast For Condition,Normal,,,,,,,,,Yes,,,,,,Yes,Yes,,,,90,Junction Area,90,Junction Area (90),D11,14180
-8846647.09650274,5413356.35262725,80946680,,2018,2018/06/19 04:00:00+00,1717,ANNETTE ST,QUEBEC AVE,,Minor Arterial,Etobicoke York,4,43.66247,-79.470783,Intersection,At Intersection,Stop Sign,Clear,Daylight,Dry,Non-Fatal Injury,Angle,Driver,50 to 54,Major,,South,"Automobile, Station Wagon",Going Ahead,Driving Properly,Normal,,,,,,,,,Yes,,,,,,Yes,Yes,,,,90,Junction Area,90,Junction Area (90),D11,14181
-8846647.09650274,5413356.35262725,80946681,,2018,2018/06/19 04:00:00+00,1717,ANNETTE ST,QUEBEC AVE,,Minor Arterial,Etobicoke York,4,43.66247,-79.470783,Intersection,At Intersection,Stop Sign,Clear,Daylight,Dry,Non-Fatal Injury,Angle,Driver,50 to 54,Minimal,,West,"Automobile, Station Wagon",Going Ahead,Driving Properly,Normal,,,,,,,,,Yes,,,,,,Yes,Yes,,,,90,Junction Area,90,Junction Area (90),D11,14182
-8861806.2508005,5425742.88381137,80945716,,2018,2018/06/20 04:00:00+00,12,HIGHWAY 27  N,ALBION RD,158 m South of,Major Arterial,Etobicoke York,1,43.742911,-79.60696,Mid-Block,Non Intersection,No Control,Clear,"Dark, artificial",Dry,Non-Fatal Injury,Pedestrian Collisions,Driver,20 to 24,None,,North,"Automobile, Station Wagon",Going Ahead,Driving Properly,Normal,,,,,,,Yes,,Yes,,,,,Yes,,Yes,,,,1,West Humber-Clairville,1,West Humber-Clairville (1),D23,14183
-8861806.2508005,5425742.88381137,80945717,,2018,2018/06/20 04:00:00+00,12,HIGHWAY 27  N,ALBION RD,158 m South of,Major Arterial,Etobicoke York,1,43.742911,-79.60696,Mid-Block,Non Intersection,No Control,Clear,"Dark, artificial",Dry,Non-Fatal Injury,Pedestrian Collisions,Passenger,25 to 29,None,,,,,,,,,,,,,Yes,,Yes,,,,,Yes,,Yes,,,,1,West Humber-Clairville,1,West Humber-Clairville (1),D23,14184
-8861806.2508005,5425742.88381137,80945718,,2018,2018/06/20 04:00:00+00,12,HIGHWAY 27  N,ALBION RD,158 m South of,Major Arterial,Etobicoke York,1,43.742911,-79.60696,Mid-Block,Non Intersection,No Control,Clear,"Dark, artificial",Dry,Non-Fatal Injury,Pedestrian Collisions,Passenger,25 to 29,None,,,,,,,,,,,,,Yes,,Yes,,,,,Yes,,Yes,,,,1,West Humber-Clairville,1,West Humber-Clairville (1),D23,14185
-8861806.2508005,5425742.88381137,80945719,,2018,2018/06/20 04:00:00+00,12,HIGHWAY 27  N,ALBION RD,158 m South of,Major Arterial,Etobicoke York,1,43.742911,-79.60696,Mid-Block,Non Intersection,No Control,Clear,"Dark, artificial",Dry,Non-Fatal Injury,Pedestrian Collisions,Pedestrian,30 to 34,Major,,East,,,,,Pedestrian hit at mid-block,"Crossing, no Traffic Control",Had Been Drinking,,,,Yes,,Yes,,,,,Yes,,Yes,,,,1,West Humber-Clairville,1,West Humber-Clairville (1),D23,14186
-8817127.05997571,5428989.89714725,80945140,,2018,2018/06/20 04:00:00+00,1535,3930 LAWRENCE AVE E,,3 m South of,Major Arterial,Scarborough,24,43.76398,-79.2056,Intersection,At/Near Private Drive,No Control,Clear,Daylight,Dry,Non-Fatal Injury,Pedestrian Collisions,Passenger,20 to 24,None,,,,,,,,,,,,,Yes,,Yes,,,,,Yes,,Yes,,,,141,Golfdale-Cedarbrae-Woburn,137,Woburn (137),D43,14187
-8817127.05997571,5428989.89714725,80945141,,2018,2018/06/20 04:00:00+00,1535,3930 LAWRENCE AVE E,,3 m South of,Major Arterial,Scarborough,24,43.76398,-79.2056,Intersection,At/Near Private Drive,No Control,Clear,Daylight,Dry,Non-Fatal Injury,Pedestrian Collisions,Pedestrian,60 to 64,Major,,Unknown,,,,,Pedestrian hit on sidewalk or shoulder,On Sidewalk or Shoulder,Normal,,,,Yes,,Yes,,,,,Yes,,Yes,,,,141,Golfdale-Cedarbrae-Woburn,137,Woburn (137),D43,14188
-8817127.05997571,5428989.89714725,80945142,,2018,2018/06/20 04:00:00+00,1535,3930 LAWRENCE AVE E,,3 m South of,Major Arterial,Scarborough,24,43.76398,-79.2056,Intersection,At/Near Private Drive,No Control,Clear,Daylight,Dry,Non-Fatal Injury,Pedestrian Collisions,Driver,20 to 24,None,,South,"Automobile, Station Wagon",Going Ahead,Failed to Yield Right of Way,Inattentive,,,,,,,Yes,,Yes,,,,,Yes,,Yes,,,,141,Golfdale-Cedarbrae-Woburn,137,Woburn (137),D43,14189
-8817127.05997571,5428989.89714725,80945143,,2018,2018/06/20 04:00:00+00,1535,3930 LAWRENCE AVE E,,3 m South of,Major Arterial,Scarborough,24,43.76398,-79.2056,Intersection,At/Near Private Drive,No Control,Clear,Daylight,Dry,Non-Fatal Injury,Pedestrian Collisions,Driver,65 to 69,None,,West,"Automobile, Station Wagon",Going Ahead,Driving Properly,Normal,,,,,,,Yes,,Yes,,,,,Yes,,Yes,,,,141,Golfdale-Cedarbrae-Woburn,137,Woburn (137),D43,14190
-8848631.8117041,5422995.93609796,80945787,,2018,2018/06/22 04:00:00+00,1240,1196 WILSON AVE,,1 m West of,Major Arterial,North York,6,43.725081,-79.488612,Mid-Block,At/Near Private Drive,No Control,Clear,Daylight,Dry,Non-Fatal Injury,Turning Movement,Motorcycle Driver,60 to 64,Major,,West,Motorcycle,Overtaking,Improper Passing,Inattentive,,,,,,,,,Yes,Yes,,,,,,Yes,,,,154,Oakdale-Beverley Heights,26,Downsview-Roding-CFB (26),D31,14191
-8848631.8117041,5422995.93609796,80945788,,2018,2018/06/22 04:00:00+00,1240,1196 WILSON AVE,,1 m West of,Major Arterial,North York,6,43.725081,-79.488612,Mid-Block,At/Near Private Drive,No Control,Clear,Daylight,Dry,Non-Fatal Injury,Turning Movement,Driver,55 to 59,None,,South,"Automobile, Station Wagon",Turning Left,Driving Properly,Normal,,,,,,,,,Yes,Yes,,,,,,Yes,,,,154,Oakdale-Beverley Heights,26,Downsview-Roding-CFB (26),D31,14192
-8834758.50884449,5412127.85977844,80945507,,2018,2018/06/22 04:00:00+00,2314,RICHMOND ST E,PARLIAMENT ST,,Major Arterial,Toronto and East York,13,43.654486,-79.363986,Intersection,At Intersection,Traffic Signal,Rain,"Dark, artificial",Wet,Non-Fatal Injury,Angle,Driver,25 to 29,Major,,South,"Automobile, Station Wagon",Going Ahead,Other,Normal,,,,,,,,,Yes,,,,,,Yes,Yes,,,,73,Moss Park,73,Moss Park (73),D51,14193
-8834758.50884449,5412127.85977844,80945508,,2018,2018/06/22 04:00:00+00,2314,RICHMOND ST E,PARLIAMENT ST,,Major Arterial,Toronto and East York,13,43.654486,-79.363986,Intersection,At Intersection,Traffic Signal,Rain,"Dark, artificial",Wet,Non-Fatal Injury,Angle,Driver,40 to 44,None,,West,"Automobile, Station Wagon",Going Ahead,Other,Normal,,,,,,,,,Yes,,,,,,Yes,Yes,,,,73,Moss Park,73,Moss Park (73),D51,14194
-8816397.47203305,5434575.78907066,80945455,,2018,2018/06/23 04:00:00+00,15,MORNINGSIDE AVE,MILNER AVE,,Major Arterial,Scarborough,25,43.800208,-79.199046,Intersection,At Intersection,Traffic Signal,Clear,Dark,Wet,Non-Fatal Injury,Turning Movement,Driver,35 to 39,Major,,North,"Automobile, Station Wagon",Turning Left,Failed to Yield Right of Way,Inattentive,,,,,,,,,Yes,,,,,Yes,,Yes,,,,144,Morningside Heights,131,Rouge (131),D42,14195
-8816397.47203305,5434575.78907066,80945456,,2018,2018/06/23 04:00:00+00,15,MORNINGSIDE AVE,MILNER AVE,,Major Arterial,Scarborough,25,43.800208,-79.199046,Intersection,At Intersection,Traffic Signal,Clear,Dark,Wet,Non-Fatal Injury,Turning Movement,Driver,50 to 54,Minimal,,South,"Automobile, Station Wagon",Going Ahead,Driving Properly,Normal,,,,,,,,,Yes,,,,,Yes,,Yes,,,,144,Morningside Heights,131,Rouge (131),D42,14196
-8816397.47203305,5434575.78907066,80945457,,2018,2018/06/23 04:00:00+00,15,MORNINGSIDE AVE,MILNER AVE,,Major Arterial,Scarborough,25,43.800208,-79.199046,Intersection,At Intersection,Traffic Signal,Clear,Dark,Wet,Non-Fatal Injury,Turning Movement,Driver,15 to 19,Minimal,,East,"Automobile, Station Wagon",Stopped,Driving Properly,Normal,,,,,,,,,Yes,,,,,Yes,,Yes,,,,144,Morningside Heights,131,Rouge (131),D42,14197
-8816397.47203305,5434575.78907066,80945458,,2018,2018/06/23 04:00:00+00,15,MORNINGSIDE AVE,MILNER AVE,,Major Arterial,Scarborough,25,43.800208,-79.199046,Intersection,At Intersection,Traffic Signal,Clear,Dark,Wet,Non-Fatal Injury,Turning Movement,Passenger,25 to 29,Minor,,,,,,,,,,,,,,,Yes,,,,,Yes,,Yes,,,,144,Morningside Heights,131,Rouge (131),D42,14198
-8816397.47203305,5434575.78907066,80945459,,2018,2018/06/23 04:00:00+00,15,MORNINGSIDE AVE,MILNER AVE,,Major Arterial,Scarborough,25,43.800208,-79.199046,Intersection,At Intersection,Traffic Signal,Clear,Dark,Wet,Non-Fatal Injury,Turning Movement,Passenger,15 to 19,None,,,,,,,,,,,,,,,Yes,,,,,Yes,,Yes,,,,144,Morningside Heights,131,Rouge (131),D42,14199
-8816397.47203305,5434575.78907066,80945460,,2018,2018/06/23 04:00:00+00,15,MORNINGSIDE AVE,MILNER AVE,,Major Arterial,Scarborough,25,43.800208,-79.199046,Intersection,At Intersection,Traffic Signal,Clear,Dark,Wet,Non-Fatal Injury,Turning Movement,Passenger,15 to 19,None,,,,,,,,,,,,,,,Yes,,,,,Yes,,Yes,,,,144,Morningside Heights,131,Rouge (131),D42,14200
-8819915.27926161,5430445.86858636,81163427,,2018,2018/06/23 04:00:00+00,36,MARKHAM RD,BRIMORTON DR,,Major Arterial,Scarborough,24,43.773425,-79.230647,Intersection,Intersection Related,Traffic Signal,Rain,"Dark, artificial",Wet,Non-Fatal Injury,SMV Other,Driver,30 to 34,None,,North,"Automobile, Station Wagon",Turning Left,Lost control,"Ability Impaired, Alcohol Over .08",,,,,,,,,Yes,,,,,Yes,,Yes,,Yes,,141,Golfdale-Cedarbrae-Woburn,137,Woburn (137),D43,14201
-8819915.27926161,5430445.86858636,81163428,,2018,2018/06/23 04:00:00+00,36,MARKHAM RD,BRIMORTON DR,,Major Arterial,Scarborough,24,43.773425,-79.230647,Intersection,Intersection Related,Traffic Signal,Rain,"Dark, artificial",Wet,Non-Fatal Injury,SMV Other,Passenger,35 to 39,Major,,,,,,,,,,,,,,,Yes,,,,,Yes,,Yes,,Yes,,141,Golfdale-Cedarbrae-Woburn,137,Woburn (137),D43,14202
-8850777.16093066,5428254.8306683,80945641,,2018,2018/06/23 04:00:00+00,205,FINCH AVE W,TOBERMORY DR,,Major Arterial,North York,7,43.759211,-79.507884,Intersection,At Intersection,Traffic Signal,Rain,"Dark, artificial",Wet,Non-Fatal Injury,Pedestrian Collisions,Driver,unknown,None,,West,"Automobile, Station Wagon",Going Ahead,Speed too Fast For Condition,Unknown,,,,,,,Yes,,Yes,,,,,,Yes,Yes,,,,25,Glenfield-Jane Heights,25,Glenfield-Jane Heights (25),D31,14203
-8850777.16093066,5428254.8306683,80945642,,2018,2018/06/23 04:00:00+00,205,FINCH AVE W,TOBERMORY DR,,Major Arterial,North York,7,43.759211,-79.507884,Intersection,At Intersection,Traffic Signal,Rain,"Dark, artificial",Wet,Non-Fatal Injury,Pedestrian Collisions,Pedestrian,20 to 24,Major,,North,,,,,Vehicle is going straight thru inter.while ped cross without ROW,Crossing without right of way,Inattentive,,,,Yes,,Yes,,,,,,Yes,Yes,,,,25,Glenfield-Jane Heights,25,Glenfield-Jane Heights (25),D31,14204
-8840058.98639861,5419728.85721612,80945391,,2018,2018/06/23 04:00:00+00,1259,EGLINTON AVE W,CASTLE KNOCK RD,,Major Arterial,North York,812,43.703868,-79.411601,Intersection,At Intersection,Traffic Signal,Rain,Daylight,Wet,Fatal,Pedestrian Collisions,Driver,50 to 54,None,,West,"Automobile, Station Wagon",Going Ahead,Driving Properly,Normal,,,,,,,Yes,,Yes,,,,,,,,,,,101,Forest Hill South,101,Forest Hill South (101),D53,14205
-8840058.98639861,5419728.85721612,80945877,,2018,2018/06/23 04:00:00+00,1259,EGLINTON AVE W,CASTLE KNOCK RD,,Major Arterial,North York,812,43.703868,-79.411601,Intersection,At Intersection,Traffic Signal,Rain,Daylight,Wet,Fatal,Pedestrian Collisions,Pedestrian,70 to 74,Fatal,34,Unknown,,,,,Other / Undefined,Running onto Roadway,Had Been Drinking,,,,Yes,,Yes,,,,,,,,,,,101,Forest Hill South,101,Forest Hill South (101),D53,14206
-8836243.95612964,5411094.90741715,80945556,,2018,2018/06/24 04:00:00+00,1740,WELLINGTON ST E,YONGE ST,,Major Arterial,Toronto and East York,13,43.647772,-79.37733,Intersection,At Intersection,Traffic Signal,Clear,"Daylight, artificial",Dry,Non-Fatal Injury,Pedestrian Collisions,Driver,25 to 29,None,,West,Delivery Van,Turning Left,Failed to Yield Right of Way,Inattentive,,,,,,,Yes,,Yes,,,,,,,Yes,,,,168,Downtown Yonge East,75,Church-Yonge Corridor (75),D51,14207
-8836243.95612964,5411094.90741715,80945557,,2018,2018/06/24 04:00:00+00,1740,WELLINGTON ST E,YONGE ST,,Major Arterial,Toronto and East York,13,43.647772,-79.37733,Intersection,At Intersection,Traffic Signal,Clear,"Daylight, artificial",Dry,Non-Fatal Injury,Pedestrian Collisions,Driver,30 to 34,None,,North,"Automobile, Station Wagon",Stopped,Driving Properly,Normal,,,,,,,Yes,,Yes,,,,,,,Yes,,,,168,Downtown Yonge East,75,Church-Yonge Corridor (75),D51,14208
-8836243.95612964,5411094.90741715,80945558,,2018,2018/06/24 04:00:00+00,1740,WELLINGTON ST E,YONGE ST,,Major Arterial,Toronto and East York,13,43.647772,-79.37733,Intersection,At Intersection,Traffic Signal,Clear,"Daylight, artificial",Dry,Non-Fatal Injury,Pedestrian Collisions,Pedestrian,60 to 64,Major,,East,,,,,Vehicle turns left while ped crosses with ROW at inter.,Crossing with right of way,Normal,,,,Yes,,Yes,,,,,,,Yes,,,,168,Downtown Yonge East,75,Church-Yonge Corridor (75),D51,14209
-8845117.45537975,5422933.70401991,80946280,,2018,2018/06/27 04:00:00+00,100,DUFFERIN ST,JANE OSLER BLVD,15 m North of,Major Arterial,North York,8,43.724677,-79.457042,Intersection,Intersection Related,No Control,Clear,"Dark, artificial",Dry,Non-Fatal Injury,Pedestrian Collisions,Driver,45 to 49,None,,South,"Automobile, Station Wagon",Going Ahead,Driving Properly,Normal,,,,,,,Yes,,Yes,,,,,,,,,,,31,Yorkdale-Glen Park,31,Yorkdale-Glen Park (31),D32,14210
-8845117.45537975,5422933.70401991,80946281,,2018,2018/06/27 04:00:00+00,100,DUFFERIN ST,JANE OSLER BLVD,15 m North of,Major Arterial,North York,8,43.724677,-79.457042,Intersection,Intersection Related,No Control,Clear,"Dark, artificial",Dry,Non-Fatal Injury,Pedestrian Collisions,Pedestrian,25 to 29,Major,,West,,,,,Pedestrian hit at mid-block,"Crossing, no Traffic Control",Inattentive,,,,Yes,,Yes,,,,,,,,,,,31,Yorkdale-Glen Park,31,Yorkdale-Glen Park (31),D32,14211
-8837427.05967779,5428937.48954525,80946927,,2018,2018/06/28 04:00:00+00,1024,BAYVIEW S 401 C W RAMP,BAYVIEW AVE,20 m South of,Expressway Ramp,North York,1817,43.76364,-79.387958,Mid-Block,Non Intersection,No Control,Clear,Daylight,Dry,Non-Fatal Injury,Pedestrian Collisions,Driver,70 to 74,None,,South,"Automobile, Station Wagon",Going Ahead,Driving Properly,Normal,,,,,,,Yes,,Yes,,,,,,,,,,,153,Avondale,51,Willowdale East (51),D32,14212
-8837427.05967779,5428937.48954525,80946928,,2018,2018/06/28 04:00:00+00,1024,BAYVIEW S 401 C W RAMP,BAYVIEW AVE,20 m South of,Expressway Ramp,North York,1817,43.76364,-79.387958,Mid-Block,Non Intersection,No Control,Clear,Daylight,Dry,Non-Fatal Injury,Pedestrian Collisions,Pedestrian,75 to 79,Major,,North,,,,,Pedestrian hit at mid-block,"Crossing, no Traffic Control",Normal,,,,Yes,,Yes,,,,,,,,,,,153,Avondale,51,Willowdale East (51),D32,14213
-8836615.09531194,5415785.19937838,80946064,,2018,2018/06/28 04:00:00+00,1803,MOUNT PLEASANT RD,CRESCENT RD,11 m South of,Major Arterial,Toronto and East York,11,43.678252,-79.380664,Intersection,Intersection Related,Traffic Controller,Clear,Daylight,Dry,Non-Fatal Injury,SMV Other,Motorcycle Driver,50 to 54,Major,,North,Motorcycle,Going Ahead,Lost control,Normal,,,,,,,,,,Yes,,,,,,,,,,98,Rosedale-Moore Park,98,Rosedale-Moore Park (98),D53,14214
-8832206.39819857,5415996.53401625,81164299,,2018,2018/06/28 04:00:00+00,2020,811 DANFORTH AVE,,,Major Arterial,Toronto and East York,14,43.679625,-79.34106,Mid-Block,At/Near Private Drive,No Control,Clear,Daylight,Dry,Non-Fatal Injury,Cyclist Collisions,Driver,35 to 39,Major,,West,"Automobile, Station Wagon",Turning Left,Improper Turn,Inattentive,,,,,,,,Yes,Yes,,,,,,,,,,,69,Blake-Jones,69,Blake-Jones (69),D55,14215
-8832206.39819857,5415996.53401625,81514424,,2018,2018/06/28 04:00:00+00,2020,811 DANFORTH AVE,,,Major Arterial,Toronto and East York,14,43.679625,-79.34106,Mid-Block,At/Near Private Drive,No Control,Clear,Daylight,Dry,Non-Fatal Injury,Cyclist Collisions,Cyclist,35 to 39,Major,,East,Bicycle,Going Ahead,,,,,,Motorist turned left across cyclists path.,Driving Properly,Normal,,Yes,Yes,,,,,,,,,,,69,Blake-Jones,69,Blake-Jones (69),D55,14216
-8829984.57248182,5430079.42617233,80946403,,2018,2018/06/28 04:00:00+00,2234,VICTORIA PARK AVE,FARMCREST  DR,1 m North of,Major Arterial,North York,1722,43.771048,-79.321101,Intersection,Intersection Related,No Control,Clear,"Dark, artificial",Dry,Non-Fatal Injury,Cyclist Collisions,Cyclist,55 to 59,Major,,North,Bicycle,Going Ahead,,,,,,Insufficient information (to determine cyclist crash type).,Lost control,Had Been Drinking,,Yes,,,,,,,,,,,,118,Tam O'Shanter-Sullivan,118,Tam O'Shanter-Sullivan (118),D42,14217
-8859902.91014691,5428304.76832655,80945392,,2018,2018/06/29 04:00:00+00,123,STEELES AVE W,KIPLING AVE,,Major Arterial,Etobicoke York,1,43.759535,-79.589862,Intersection,At Intersection,Traffic Signal,Clear,"Dark, artificial",Dry,Fatal,Pedestrian Collisions,Driver,25 to 29,Minor,,East,"Automobile, Station Wagon",Going Ahead,Exceeding Speed Limit,"Ability Impaired, Drugs",,,,,,,Yes,,Yes,,,,,,Yes,Yes,,,,2,Mount Olive-Silverstone-Jamestown,2,Mount Olive-Silverstone-Jamestown (2),D23,14218
-8859902.91014691,5428304.76832655,80945875,,2018,2018/06/29 04:00:00+00,123,STEELES AVE W,KIPLING AVE,,Major Arterial,Etobicoke York,1,43.759535,-79.589862,Intersection,At Intersection,Traffic Signal,Clear,"Dark, artificial",Dry,Fatal,Pedestrian Collisions,Driver,25 to 29,None,,North,"Automobile, Station Wagon",Stopped,Driving Properly,Normal,,,,,,,Yes,,Yes,,,,,,Yes,Yes,,,,2,Mount Olive-Silverstone-Jamestown,2,Mount Olive-Silverstone-Jamestown (2),D23,14219
-8859902.91014691,5428304.76832655,80945876,,2018,2018/06/29 04:00:00+00,123,STEELES AVE W,KIPLING AVE,,Major Arterial,Etobicoke York,1,43.759535,-79.589862,Intersection,At Intersection,Traffic Signal,Clear,"Dark, artificial",Dry,Fatal,Pedestrian Collisions,Driver,55 to 59,Minor,,West,"Automobile, Station Wagon",Turning Left,Driving Properly,Normal,,,,,,,Yes,,Yes,,,,,,Yes,Yes,,,,2,Mount Olive-Silverstone-Jamestown,2,Mount Olive-Silverstone-Jamestown (2),D23,14220
-8859902.91014691,5428304.76832655,80948655,,2018,2018/06/29 04:00:00+00,123,STEELES AVE W,KIPLING AVE,,Major Arterial,Etobicoke York,1,43.759535,-79.589862,Intersection,At Intersection,Traffic Signal,Clear,"Dark, artificial",Dry,Fatal,Pedestrian Collisions,Pedestrian,15 to 19,Fatal,35,Unknown,,,,,Pedestrian hit on sidewalk or shoulder,On Sidewalk or Shoulder,Normal,,,,Yes,,Yes,,,,,,Yes,Yes,,,,2,Mount Olive-Silverstone-Jamestown,2,Mount Olive-Silverstone-Jamestown (2),D23,14221