X,Y,INDEX_,ACCNUM,YEAR,DATE,TIME,STREET1,STREET2,OFFSET,ROAD_CLASS,DISTRICT,WARDNUM,LATITUDE,LONGITUDE,LOCCOORD,ACCLOC,TRAFFCTL,VISIBILITY,LIGHT,RDSFCOND,ACCLASS,IMPACTYPE,INVTYPE,INVAGE,INJURY,FATAL_NO,INITDIR,VEHTYPE,MANOEUVER,DRIVACT,DRIVCOND,PEDTYPE,PEDACT,PEDCOND,CYCLISTYPE,CYCACT,CYCCOND,PEDESTRIAN,CYCLIST,AUTOMOBILE,MOTORCYCLE,TRUCK,TRSN_CITY_VEH,EMERG_VEH,PASSENGER,SPEEDING,AG_DRIV,REDLIGHT,ALCOHOL,DISABILITY,HOOD_158,NEIGHBOURHOOD_158,HOOD_140,NEIGHBOURHOOD_140,DIVISION,ObjectId
-8846401.63702554,5413805.5380284,81164130,,2018,2018/06/29 04:00:00+00,2215,PACIFIC AVE,DUNDAS ST W,3 m North of,Major Arterial,Etobicoke York,4,43.665389,-79.468578,Intersection,At Intersection,Traffic Signal,Clear,"Dark, artificial",Dry,Non-Fatal Injury,Pedestrian Collisions,Driver,55 to 59,Minimal,,East,"Automobile, Station Wagon",Turning Left,Lost control,"Ability Impaired, Alcohol",,,,,,,Yes,,Yes,,,,,,,,,Yes,,90,Junction Area,90,Junction Area (90),D11,14222
-8846401.63702554,5413805.5380284,81164131,,2018,2018/06/29 04:00:00+00,2215,PACIFIC AVE,DUNDAS ST W,3 m North of,Major Arterial,Etobicoke York,4,43.665389,-79.468578,Intersection,At Intersection,Traffic Signal,Clear,"Dark, artificial",Dry,Non-Fatal Injury,Pedestrian Collisions,Pedestrian,50 to 54,Major,,Unknown,,,,,Pedestrian hit on sidewalk or shoulder,On Sidewalk or Shoulder,Normal,,,,Yes,,Yes,,,,,,,,,Yes,,90,Junction Area,90,Junction Area (90),D11,14223
-8846401.63702554,5413805.5380284,81164132,,2018,2018/06/29 04:00:00+00,2215,PACIFIC AVE,DUNDAS ST W,3 m North of,Major Arterial,Etobicoke York,4,43.665389,-79.468578,Intersection,At Intersection,Traffic Signal,Clear,"Dark, artificial",Dry,Non-Fatal Injury,Pedestrian Collisions,Pedestrian,40 to 44,Minor,,Unknown,,,,,Pedestrian hit on sidewalk or shoulder,On Sidewalk or Shoulder,Normal,,,,Yes,,Yes,,,,,,,,,Yes,,90,Junction Area,90,Junction Area (90),D11,14224
-8821460.17115484,5426264.32620478,80946941,,2018,2018/07/04 04:00:00+00,1720,DANFORTH RD,CARSLAKE CRES,10 m South of,Major Arterial,Scarborough,21,43.746295,-79.244525,Intersection,Intersection Related,No Control,Clear,Daylight,Dry,Non-Fatal Injury,Approaching,Driver,70 to 74,Major,,South,"Automobile, Station Wagon",Going Ahead,Lost control,Normal,,,,,,,,,Yes,,,,,,Yes,Yes,,,,157,Bendale South,127,Bendale (127),D43,14225
-8821460.17115484,5426264.32620478,80946942,,2018,2018/07/04 04:00:00+00,1720,DANFORTH RD,CARSLAKE CRES,10 m South of,Major Arterial,Scarborough,21,43.746295,-79.244525,Intersection,Intersection Related,No Control,Clear,Daylight,Dry,Non-Fatal Injury,Approaching,Driver,50 to 54,Major,,North,"Automobile, Station Wagon",Going Ahead,Driving Properly,Normal,,,,,,,,,Yes,,,,,,Yes,Yes,,,,157,Bendale South,127,Bendale (127),D43,14226
-8829601.63343349,5431293.96808261,80946270,,2018,2018/07/04 04:00:00+00,2043,RAVENCLIFF CRES,BATTERSWOOD DR,40 m West of,Local,Scarborough,22,43.778926,-79.317661,Mid-Block,Non Intersection,No Control,Clear,"Daylight, artificial",Wet,Non-Fatal Injury,Other,Driver,25 to 29,None,,East,"Automobile, Station Wagon",Going Ahead,Driving Properly,Normal,,,,,,,,,Yes,,,,,Yes,,,,,,118,Tam O'Shanter-Sullivan,118,Tam O'Shanter-Sullivan (118),D42,14227
-8829601.63343349,5431293.96808261,80946271,,2018,2018/07/04 04:00:00+00,2043,RAVENCLIFF CRES,BATTERSWOOD DR,40 m West of,Local,Scarborough,22,43.778926,-79.317661,Mid-Block,Non Intersection,No Control,Clear,"Daylight, artificial",Wet,Non-Fatal Injury,Other,Passenger,25 to 29,Major,,,,,,,,,,,,,,,Yes,,,,,Yes,,,,,,118,Tam O'Shanter-Sullivan,118,Tam O'Shanter-Sullivan (118),D42,14228
-8829601.63343349,5431293.96808261,80946272,,2018,2018/07/04 04:00:00+00,2043,RAVENCLIFF CRES,BATTERSWOOD DR,40 m West of,Local,Scarborough,22,43.778926,-79.317661,Mid-Block,Non Intersection,No Control,Clear,"Daylight, artificial",Wet,Non-Fatal Injury,Other,Passenger,0 to 4,None,,,,,,,,,,,,,,,Yes,,,,,Yes,,,,,,118,Tam O'Shanter-Sullivan,118,Tam O'Shanter-Sullivan (118),D42,14229
-8852133.47760649,5419310.64126149,80972453,,2018,2018/07/05 04:00:00+00,830,WESTON RD,KING ST,60 m East of,Minor Arterial,Etobicoke York,5,43.701152,-79.520068,Mid-Block,Non Intersection,No Control,Clear,Daylight,Dry,Non-Fatal Injury,Pedestrian Collisions,Driver,30 to 34,None,,West,Delivery Van,Changing Lanes,Improper Lane Change,Normal,,,,,,,Yes,,Yes,,,,,,,,,,,113,Weston,113,Weston (113),D12,14230
-8856754.5723083,5426504.71737685,80951056,,2018,2018/09/05 04:00:00+00,2218,2592 FINCH AVE W,,100 m East of,Major Arterial,Etobicoke York,7,43.747855,-79.56158,Mid-Block,Non Intersection,No Control,Clear,"Dark, artificial",Dry,Non-Fatal Injury,Angle,Passenger,20 to 24,Minimal,,,,,,,,,,,,,,,Yes,,,,,Yes,,Yes,,,,22,Humbermede,22,Humbermede (22),D31,14231
-8824394.55293215,5417237.39524218,80790893,,2017,2017/12/21 05:00:00+00,1528,KINGSTON RD,WARDEN AVE,,Major Arterial,Scarborough,20,43.687686,-79.270885,Intersection,At Intersection,Traffic Signal,Clear,Daylight,Dry,Fatal,Pedestrian Collisions,Driver,25 to 29,None,,West,Passenger Van,Going Ahead,Disobeyed Traffic Control,"Ability Impaired, Alcohol",,,,,,,Yes,,Yes,,,,,,Yes,Yes,Yes,Yes,,122,Birchcliffe-Cliffside,122,Birchcliffe-Cliffside (122),D41,14232
-8823383.88327524,5418784.35664797,80912091,,2018,2018/05/01 04:00:00+00,1905,DANFORTH AVE,BIRCHMOUNT RD,180 m East of,Minor Arterial,Scarborough,20,43.697734,-79.261806,Mid-Block,Non Intersection,No Control,Clear,Daylight,Dry,Non-Fatal Injury,Rear End,Motorcycle Driver,25 to 29,Major,,East,Motorcycle,Going Ahead,Exceeding Speed Limit,Inattentive,,,,,,,,,,Yes,,,,,Yes,Yes,,,,122,Birchcliffe-Cliffside,122,Birchcliffe-Cliffside (122),D41,14233
-8860088.92501603,5414413.10411287,80946883,,2018,2018/07/05 04:00:00+00,2235,RENFORTH DR,HWY 401 WB ON RAMP AVE,,Major Arterial,Etobicoke York,1,43.669337,-79.591533,Intersection,At Intersection,Traffic Signal,Clear,"Dark, artificial",Dry,Non-Fatal Injury,Turning Movement,Passenger,20 to 24,Minor,,,,,,,,,,,,,,,Yes,,Yes,,,Yes,Yes,Yes,,,,1,West Humber-Clairville,1,West Humber-Clairville (1),D23,14234
-8839193.58867719,5413989.28100289,80784301,,2017,2017/10/04 04:00:00+00,1147,BLOOR ST W,SPADINA RD,,Major Arterial,Toronto and East York,11,43.666583,-79.403827,Intersection,At Intersection,Traffic Signal,Clear,Daylight,Dry,Non-Fatal Injury,Cyclist Collisions,Cyclist,25 to 29,None,,West,Bicycle,Overtaking,,,,,,Cyclist and Driver travelling in same direction. One vehicle sideswipes the other.,Improper Passing,Other,,Yes,Yes,,,,,,,,,,,79,University,79,University (79),D14,14235
-8853094.94404847,5411237.51997428,80891703,,2017,2017/12/28 05:00:00+00,1138,DUNDAS ST W,CORDOVA AVE,,Major Arterial,Etobicoke York,3,43.648699,-79.528705,Intersection,At Intersection,Traffic Signal,Clear,Daylight,Wet,Non-Fatal Injury,Pedestrian Collisions,Pedestrian,unknown,Major,,Unknown,,,,,Vehicle turns left while ped crosses with ROW at inter.,Crossing with right of way,Normal,,,,Yes,,Yes,,,,,,,Yes,,,,159,Etobicoke City Centre,14,Islington-City Centre West (14),D22,14236
-8839271.73495972,5415003.16474664,80946952,,2018,2018/07/09 04:00:00+00,2148,LN W HURON N BERNARD,BERNARD AVE,620 HURON ST,Laneway,Scarborough,11,43.673171,-79.404529,Mid-Block,Laneway,No Control,Clear,"Dark, artificial",Dry,Non-Fatal Injury,Pedestrian Collisions,Driver,unknown,None,,South,"Automobile, Station Wagon",Going Ahead,Lost control,Unknown,,,,,,,Yes,,Yes,,,,,Yes,Yes,Yes,,,,95,Annex,95,Annex (95),D53,14237
-8839193.58867719,5413989.28100289,80784302,,2017,2017/10/04 04:00:00+00,1147,BLOOR ST W,SPADINA RD,,Major Arterial,Toronto and East York,11,43.666583,-79.403827,Intersection,At Intersection,Traffic Signal,Clear,Daylight,Dry,Non-Fatal Injury,Cyclist Collisions,Driver,35 to 39,None,,West,"Automobile, Station Wagon",Going Ahead,Driving Properly,Normal,,,,,,,,Yes,Yes,,,,,,,,,,,79,University,79,University (79),D14,14238
-8810841.40492807,5434078.08978942,80943078,,2018,2018/05/02 04:00:00+00,1616,KINGSTON RD,RYLANDER BLVD,,Major Arterial,Scarborough,25,43.796981,-79.149135,Intersection,At Intersection,Traffic Signal,Clear,Daylight,Dry,Non-Fatal Injury,Turning Movement,Motorcycle Driver,15 to 19,Major,,West,Motorcycle,Going Ahead,Driving Properly,Normal,,,,,,,,,Yes,Yes,,,,,,Yes,,,,133,Centennial Scarborough,133,Centennial Scarborough (133),D42,14239
-8853094.94404847,5411237.51997428,80891704,,2017,2017/12/28 05:00:00+00,1138,DUNDAS ST W,CORDOVA AVE,,Major Arterial,Etobicoke York,3,43.648699,-79.528705,Intersection,At Intersection,Traffic Signal,Clear,Daylight,Wet,Non-Fatal Injury,Pedestrian Collisions,Driver,70 to 74,None,,West,"Automobile, Station Wagon",Turning Left,Failed to Yield Right of Way,Normal,,,,,,,Yes,,Yes,,,,,,,Yes,,,,159,Etobicoke City Centre,14,Islington-City Centre West (14),D22,14240
-8839271.73495972,5415003.16474664,80946953,,2018,2018/07/09 04:00:00+00,2148,LN W HURON N BERNARD,BERNARD AVE,620 HURON ST,Laneway,Scarborough,11,43.673171,-79.404529,Mid-Block,Laneway,No Control,Clear,"Dark, artificial",Dry,Non-Fatal Injury,Pedestrian Collisions,Driver,20 to 24,None,,North,"Automobile, Station Wagon",Reversing,Other,Unknown,,,,,,,Yes,,Yes,,,,,Yes,Yes,Yes,,,,95,Annex,95,Annex (95),D53,14241
-8839193.58867719,5413989.28100289,80784303,,2017,2017/10/04 04:00:00+00,1147,BLOOR ST W,SPADINA RD,,Major Arterial,Toronto and East York,11,43.666583,-79.403827,Intersection,At Intersection,Traffic Signal,Clear,Daylight,Dry,Non-Fatal Injury,Cyclist Collisions,Cyclist,50 to 54,Major,,West,Bicycle,Going Ahead,,,,,,Cyclist and Driver travelling in same direction. One vehicle sideswipes the other.,Driving Properly,Normal,,Yes,Yes,,,,,,,,,,,79,University,79,University (79),D14,14242
-8847367.22228868,5417951.41627984,80935881,,2017,2017/11/08 05:00:00+00,1838,TRETHEWEY DR,IRVING RD,20 m North of,Minor Arterial,Etobicoke York,5,43.692324,-79.477252,Intersection,Non Intersection,No Control,Clear,"Dark, artificial",Dry,Non-Fatal Injury,Cyclist Collisions,Driver,60 to 64,None,,West,"Automobile, Station Wagon",Going Ahead,Improper Passing,Inattentive,,,,,,,,Yes,Yes,,,,,,,Yes,,,,112,Beechborough-Greenbrook,112,Beechborough-Greenbrook (112),D12,14243
-8850807.77379063,5418542.93477433,81139701,,2018,2018/03/09 05:00:00+00,1745,WESTON RD,DENISON RD W,3 m East of,Minor Arterial,Etobicoke York,5,43.696166,-79.508159,Intersection,At Intersection,Traffic Signal,Clear,Daylight,Dry,Non-Fatal Injury,Turning Movement,Motorcycle Driver,35 to 39,Major,,South,Motorcycle,Going Ahead,Driving Properly,Normal,,,,,,,,,Yes,Yes,,,,,,,,,,113,Weston,113,Weston (113),D12,14244
-8842310.5344194,5409583.99563389,80885373,,2017,2017/12/28 05:00:00+00,1418,KING  ST W,COWAN AVE,4 m East of,Major Arterial,Toronto and East York,4,43.63795,-79.431827,Intersection,At Intersection,No Control,Clear,Daylight,Dry,Non-Fatal Injury,Pedestrian Collisions,Pedestrian,25 to 29,Major,,North,,,,,Pedestrian involved in a collision with transit vehicle anywhere along roadway,Running onto Roadway,Had Been Drinking,,,,Yes,,,,,Yes,,,,,,,,85,South Parkdale,85,South Parkdale (85),D14,14245
-8839271.73495972,5415003.16474664,80946954,,2018,2018/07/09 04:00:00+00,2148,LN W HURON N BERNARD,BERNARD AVE,620 HURON ST,Laneway,Scarborough,11,43.673171,-79.404529,Mid-Block,Laneway,No Control,Clear,"Dark, artificial",Dry,Non-Fatal Injury,Pedestrian Collisions,Pedestrian,25 to 29,Minor,,South,,,,,Pedestrian hit at mid-block,Walking on Roadway with Traffic,Had Been Drinking,,,,Yes,,Yes,,,,,Yes,Yes,Yes,,,,95,Annex,95,Annex (95),D53,14246
-8842310.5344194,5409583.99563389,80885374,,2017,2017/12/28 05:00:00+00,1418,KING  ST W,COWAN AVE,4 m East of,Major Arterial,Toronto and East York,4,43.63795,-79.431827,Intersection,At Intersection,No Control,Clear,Daylight,Dry,Non-Fatal Injury,Pedestrian Collisions,Driver,40 to 44,None,,West,Street Car,Going Ahead,Driving Properly,Normal,,,,,,,Yes,,,,,Yes,,,,,,,,85,South Parkdale,85,South Parkdale (85),D14,14247
-8836659.28914979,5424743.07272828,80950995,,2018,2018/09/06 04:00:00+00,1027,POST RD,BAYVIEW AVE,60 m East of,Collector,North York,15,43.736422,-79.381061,Mid-Block,At/Near Private Drive,No Control,Clear,Daylight,Dry,Non-Fatal Injury,Rear End,Driver,65 to 69,None,,West,"Automobile, Station Wagon",Going Ahead,Improper Turn,Normal,,,,,,,,,Yes,Yes,,,,,,,,,,41,Bridle Path-Sunnybrook-York Mills,41,Bridle Path-Sunnybrook-York Mills (41),D33,14248
-8832976.72907486,5427690.43062664,80783697,,2017,2017/10/04 04:00:00+00,2308,900 YORK MILLS RD,,,Major Arterial,North York,16,43.755549,-79.34798,Mid-Block,Non Intersection,No Control,Clear,Dark,Dry,Fatal,Pedestrian Collisions,Driver,unknown,None,,West,"Automobile, Station Wagon",Going Ahead,Lost control,"Ability Impaired, Alcohol Over .08",,,,,,,Yes,,Yes,,,,,,,,,Yes,,42,Banbury-Don Mills,42,Banbury-Don Mills (42),D33,14249
-8849283.25336422,5431692.06677627,80940787,,2017,2017/11/08 05:00:00+00,2009,KEELE ST,STEELES AVE W,,Major Arterial,Etobicoke York,76,43.781508,-79.494464,Intersection,At Intersection,Traffic Signal,Clear,"Dark, artificial",Dry,Non-Fatal Injury,Turning Movement,Driver,55 to 59,None,,South,"Automobile, Station Wagon",Turning Left,Failed to Yield Right of Way,Inattentive,,,,,,,,,Yes,,,,,,,Yes,,,,27,York University Heights,27,York University Heights (27),D31,14250
-8810841.40492807,5434078.08978942,80943079,,2018,2018/05/02 04:00:00+00,1616,KINGSTON RD,RYLANDER BLVD,,Major Arterial,Scarborough,25,43.796981,-79.149135,Intersection,At Intersection,Traffic Signal,Clear,Daylight,Dry,Non-Fatal Injury,Turning Movement,Driver,55 to 59,None,,North,"Automobile, Station Wagon",Turning Left,Failed to Yield Right of Way,Inattentive,,,,,,,,,Yes,Yes,,,,,,Yes,,,,133,Centennial Scarborough,133,Centennial Scarborough (133),D42,14251
-8839271.73495972,5415003.16474664,80946955,,2018,2018/07/09 04:00:00+00,2148,LN W HURON N BERNARD,BERNARD AVE,620 HURON ST,Laneway,Scarborough,11,43.673171,-79.404529,Mid-Block,Laneway,No Control,Clear,"Dark, artificial",Dry,Non-Fatal Injury,Pedestrian Collisions,Passenger,20 to 24,Major,,,,,,,,,,,,,Yes,,Yes,,,,,Yes,Yes,Yes,,,,95,Annex,95,Annex (95),D53,14252
-8823327.77825188,5421666.81792655,80892809,,2017,2017/12/29 05:00:00+00,1515,ST CLAIR AVE E,KENNEDY  RD,2 m East of,Major Arterial,Scarborough,20,43.716452,-79.261302,Intersection,At Intersection,Traffic Signal,Snow,Daylight,Loose Snow,Non-Fatal Injury,Other,Passenger,65 to 69,Major,,,,,,,,,,,,,,,Yes,,,Yes,,Yes,,Yes,,,,120,Clairlea-Birchmount,120,Clairlea-Birchmount (120),D41,14253
-8838360.47360809,5411236.44306431,80942968,,2018,2018/02/08 05:00:00+00,313,SPADINA AVE,QUEEN ST W,,Major Arterial,Toronto and East York,10,43.648692,-79.396343,Intersection,At Intersection,Traffic Signal,Clear,"Dark, artificial",Slush,Non-Fatal Injury,Pedestrian Collisions,Pedestrian,20 to 24,Major,,East,,,,,Vehicle is going straight thru inter.while ped cross with ROW,Crossing with right of way,Normal,,,,Yes,,Yes,,,,,Yes,,Yes,Yes,,,164,Wellington Place,77,Waterfront Communities-The Island (77),D52,14254
-8836659.28914979,5424743.07272828,80950996,,2018,2018/09/06 04:00:00+00,1027,POST RD,BAYVIEW AVE,60 m East of,Collector,North York,15,43.736422,-79.381061,Mid-Block,At/Near Private Drive,No Control,Clear,Daylight,Dry,Non-Fatal Injury,Rear End,Motorcycle Driver,40 to 44,Major,,West,Motorcycle,Going Ahead,Driving Properly,Normal,,,,,,,,,Yes,Yes,,,,,,,,,,41,Bridle Path-Sunnybrook-York Mills,41,Bridle Path-Sunnybrook-York Mills (41),D33,14255
-8832976.72907486,5427690.43062664,80783698,,2017,2017/10/04 04:00:00+00,2308,900 YORK MILLS RD,,,Major Arterial,North York,16,43.755549,-79.34798,Mid-Block,Non Intersection,No Control,Clear,Dark,Dry,Fatal,Pedestrian Collisions,Pedestrian,60 to 64,Fatal,48,East,,,,,Pedestrian hit on sidewalk or shoulder,On Sidewalk or Shoulder,Unknown,,,,Yes,,Yes,,,,,,,,,Yes,,42,Banbury-Don Mills,42,Banbury-Don Mills (42),D33,14256
-8849283.25336422,5431692.06677627,80940788,,2017,2017/11/08 05:00:00+00,2009,KEELE ST,STEELES AVE W,,Major Arterial,Etobicoke York,76,43.781508,-79.494464,Intersection,At Intersection,Traffic Signal,Clear,"Dark, artificial",Dry,Non-Fatal Injury,Turning Movement,Driver,20 to 24,Major,,North,"Automobile, Station Wagon",Going Ahead,Driving Properly,Inattentive,,,,,,,,,Yes,,,,,,,Yes,,,,27,York University Heights,27,York University Heights (27),D31,14257
-8840324.81734263,5430489.34315852,80787358,,2017,2017/11/10 05:00:00+00,900,YONGE ST,CHURCH AVE,,Major Arterial,North York,18,43.773707,-79.413989,Intersection,At Intersection,Traffic Signal,Clear,Daylight,Wet,Non-Fatal Injury,Pedestrian Collisions,Driver,25 to 29,None,,South,"Automobile, Station Wagon",Turning Left,Improper Turn,Inattentive,,,,,,,Yes,,Yes,,,,,Yes,,,,,,151,Yonge-Doris,51,Willowdale East (51),D32,14258
-8840324.81734263,5430489.34315852,80787359,,2017,2017/11/10 05:00:00+00,900,YONGE ST,CHURCH AVE,,Major Arterial,North York,18,43.773707,-79.413989,Intersection,At Intersection,Traffic Signal,Clear,Daylight,Wet,Non-Fatal Injury,Pedestrian Collisions,Driver,35 to 39,None,,North,"Automobile, Station Wagon",Going Ahead,Driving Properly,Normal,,,,,,,Yes,,Yes,,,,,Yes,,,,,,151,Yonge-Doris,51,Willowdale East (51),D32,14259
-8840324.81734263,5430489.34315852,80787360,,2017,2017/11/10 05:00:00+00,900,YONGE ST,CHURCH AVE,,Major Arterial,North York,18,43.773707,-79.413989,Intersection,At Intersection,Traffic Signal,Clear,Daylight,Wet,Non-Fatal Injury,Pedestrian Collisions,Driver,45 to 49,None,,West,"Automobile, Station Wagon",Stopped,Driving Properly,Normal,,,,,,,Yes,,Yes,,,,,Yes,,,,,,151,Yonge-Doris,51,Willowdale East (51),D32,14260
-8840324.81734263,5430489.34315852,80787361,,2017,2017/11/10 05:00:00+00,900,YONGE ST,CHURCH AVE,,Major Arterial,North York,18,43.773707,-79.413989,Intersection,At Intersection,Traffic Signal,Clear,Daylight,Wet,Non-Fatal Injury,Pedestrian Collisions,Pedestrian,65 to 69,Major,,Unknown,,,,,Pedestrian hit on sidewalk or shoulder,On Sidewalk or Shoulder,Normal,,,,Yes,,Yes,,,,,Yes,,,,,,151,Yonge-Doris,51,Willowdale East (51),D32,14261
-8840324.81734263,5430489.34315852,80787362,,2017,2017/11/10 05:00:00+00,900,YONGE ST,CHURCH AVE,,Major Arterial,North York,18,43.773707,-79.413989,Intersection,At Intersection,Traffic Signal,Clear,Daylight,Wet,Non-Fatal Injury,Pedestrian Collisions,Passenger,35 to 39,None,,,,,,,,,,,,,Yes,,Yes,,,,,Yes,,,,,,151,Yonge-Doris,51,Willowdale East (51),D32,14262
-8840324.81734263,5430489.34315852,80787363,,2017,2017/11/10 05:00:00+00,900,YONGE ST,CHURCH AVE,,Major Arterial,North York,18,43.773707,-79.413989,Intersection,At Intersection,Traffic Signal,Clear,Daylight,Wet,Non-Fatal Injury,Pedestrian Collisions,Passenger,45 to 49,None,,,,,,,,,,,,,Yes,,Yes,,,,,Yes,,,,,,151,Yonge-Doris,51,Willowdale East (51),D32,14263
-8833229.75827743,5418081.8180638,80891695,,2017,2017/11/10 05:00:00+00,1850,O CONNOR DR,PAPE AVE,,Major Arterial,Toronto and East York,14,43.693171,-79.350253,Intersection,At Intersection,Traffic Signal,Clear,"Dark, artificial",Dry,Non-Fatal Injury,Pedestrian Collisions,Pedestrian,50 to 54,Major,,West,,,,,Vehicle turns left while ped crosses with ROW at inter.,Crossing with right of way,Normal,,,,Yes,,Yes,,,,,,,Yes,,,,58,Old East York,58,Old East York (58),D55,14264
-8833229.75827743,5418081.8180638,80891696,,2017,2017/11/10 05:00:00+00,1850,O CONNOR DR,PAPE AVE,,Major Arterial,Toronto and East York,14,43.693171,-79.350253,Intersection,At Intersection,Traffic Signal,Clear,"Dark, artificial",Dry,Non-Fatal Injury,Pedestrian Collisions,Driver,unknown,None,,West,"Automobile, Station Wagon",Turning Left,Failed to Yield Right of Way,Unknown,,,,,,,Yes,,Yes,,,,,,,Yes,,,,58,Old East York,58,Old East York (58),D55,14265
-8826756.41856831,5425125.78927453,80787041,,2017,2017/11/10 05:00:00+00,2233,WARDEN AVE,WAYNE AVE,147 M North,Major Arterial,Scarborough,21,43.738906,-79.292102,Mid-Block,Non Intersection,No Control,Clear,"Dark, artificial",Dry,Fatal,Pedestrian Collisions,Pedestrian,55 to 59,Fatal,53,West,,,,,Pedestrian hit at mid-block,"Crossing, no Traffic Control",Normal,,,,Yes,,Yes,,,,,,,,,,,119,Wexford/Maryvale,119,Wexford/Maryvale (119),D41,14266
-8829823.27053966,5415092.89297009,80891673,,2018,2018/03/10 05:00:00+00,1555,COXWELL AVE,EASTWOOD RD,107 m North of,Minor Arterial,Scarborough,1419,43.673754,-79.319652,Mid-Block,Non Intersection,No Control,Clear,Daylight,Dry,Non-Fatal Injury,Pedestrian Collisions,Pedestrian,40 to 44,Major,,East,,,,,Pedestrian involved in a collision with transit vehicle anywhere along roadway,"Crossing, no Traffic Control",Inattentive,,,,Yes,,,,,Yes,,,,,,,,64,Woodbine Corridor,64,Woodbine Corridor (64),D55,14267
-8826756.41856831,5425125.78927453,80789132,,2017,2017/11/10 05:00:00+00,2233,WARDEN AVE,WAYNE AVE,147 M North,Major Arterial,Scarborough,21,43.738906,-79.292102,Mid-Block,Non Intersection,No Control,Clear,"Dark, artificial",Dry,Fatal,Pedestrian Collisions,Driver,20 to 24,None,,South,Passenger Van,Going Ahead,Driving Properly,Normal,,,,,,,Yes,,Yes,,,,,,,,,,,119,Wexford/Maryvale,119,Wexford/Maryvale (119),D41,14268
-8842460.81573197,5410457.71616745,80918084,,2017,2017/11/12 05:00:00+00,138,BROCK AVE,SEAFORTH  AVE,21 m North of,Collector,Toronto and East York,4,43.64363,-79.433177,Intersection,At Intersection,No Control,Clear,"Dark, artificial",Dry,Non-Fatal Injury,Pedestrian Collisions,Pedestrian,65 to 69,Major,,Unknown,,,,,Pedestrian hit at mid-block,Walking on Roadway with Traffic,Had Been Drinking,,,,Yes,,Yes,,,,,,,,,,,86,Roncesvalles,86,Roncesvalles (86),D11,14269
-8842460.81573197,5410457.71616745,80918085,,2017,2017/11/12 05:00:00+00,138,BROCK AVE,SEAFORTH  AVE,21 m North of,Collector,Toronto and East York,4,43.64363,-79.433177,Intersection,At Intersection,No Control,Clear,"Dark, artificial",Dry,Non-Fatal Injury,Pedestrian Collisions,Driver,25 to 29,None,,South,"Automobile, Station Wagon",Going Ahead,Other,Had Been Drinking,,,,,,,Yes,,Yes,,,,,,,,,,,86,Roncesvalles,86,Roncesvalles (86),D11,14270
-8823306.62754863,5439824.78324414,80940842,,2017,2017/11/14 05:00:00+00,1054,STEELES AVE E,SHADLOCK ST,20 m East of,Major Arterial,Scarborough,23,43.834231,-79.261112,Intersection,At Intersection,Traffic Signal,Clear,Daylight,Dry,Non-Fatal Injury,Rear End,Driver,40 to 44,Major,,West,"Automobile, Station Wagon",Going Ahead,Following too Close,Normal,,,,,,,,,Yes,,,Yes,,,,Yes,,,,130,Milliken,130,Milliken (130),D42,14271
-8823306.62754863,5439824.78324414,80940843,,2017,2017/11/14 05:00:00+00,1054,STEELES AVE E,SHADLOCK ST,20 m East of,Major Arterial,Scarborough,23,43.834231,-79.261112,Intersection,At Intersection,Traffic Signal,Clear,Daylight,Dry,Non-Fatal Injury,Rear End,Driver,50 to 54,None,,West,"Bus (Other) (Go Bus, Gray Coach)",Stopped,Driving Properly,Normal,,,,,,,,,Yes,,,Yes,,,,Yes,,,,130,Milliken,130,Milliken (130),D42,14272
-8850042.56361092,5429107.50705599,80894480,,2017,2017/11/15 05:00:00+00,2100,MURRAY ROSS PKWY,SENTINEL RD,,Minor Arterial,Etobicoke York,7,43.764743,-79.501285,Intersection,At Intersection,Traffic Signal,Clear,"Dark, artificial",Dry,Non-Fatal Injury,Pedestrian Collisions,Pedestrian,15 to 19,Major,,North,,,,,Vehicle turns left while ped crosses with ROW at inter.,Crossing with right of way,Normal,,,,Yes,,Yes,,,,,,,Yes,,,,27,York University Heights,27,York University Heights (27),D31,14273
-8850042.56361092,5429107.50705599,80894481,,2017,2017/11/15 05:00:00+00,2100,MURRAY ROSS PKWY,SENTINEL RD,,Minor Arterial,Etobicoke York,7,43.764743,-79.501285,Intersection,At Intersection,Traffic Signal,Clear,"Dark, artificial",Dry,Non-Fatal Injury,Pedestrian Collisions,Driver,unknown,None,,North,"Automobile, Station Wagon",Turning Left,Failed to Yield Right of Way,Unknown,,,,,,,Yes,,Yes,,,,,,,Yes,,,,27,York University Heights,27,York University Heights (27),D31,14274
-8834904.6713359,5433043.14025481,80943064,,2017,2017/11/16 05:00:00+00,1120,FINCH AVE E,RAVEL RD,,Major Arterial,North York,17,43.79027,-79.365299,Intersection,At Intersection,No Control,Clear,Daylight,Dry,Non-Fatal Injury,Pedestrian Collisions,Pedestrian,80 to 84,Major,,North,,,,,Vehicle is going straight thru inter.while ped cross without ROW,"Crossing, no Traffic Control",Normal,,,,Yes,,Yes,,,,,,,,,,,47,Don Valley Village,47,Don Valley Village (47),D33,14275