X,Y,INDEX_,ACCNUM,YEAR,DATE,TIME,STREET1,STREET2,OFFSET,ROAD_CLASS,DISTRICT,WARDNUM,LATITUDE,LONGITUDE,LOCCOORD,ACCLOC,TRAFFCTL,VISIBILITY,LIGHT,RDSFCOND,ACCLASS,IMPACTYPE,INVTYPE,INVAGE,INJURY,FATAL_NO,INITDIR,VEHTYPE,MANOEUVER,DRIVACT,DRIVCOND,PEDTYPE,PEDACT,PEDCOND,CYCLISTYPE,CYCACT,CYCCOND,PEDESTRIAN,CYCLIST,AUTOMOBILE,MOTORCYCLE,TRUCK,TRSN_CITY_VEH,EMERG_VEH,PASSENGER,SPEEDING,AG_DRIV,REDLIGHT,ALCOHOL,DISABILITY,HOOD_158,NEIGHBOURHOOD_158,HOOD_140,NEIGHBOURHOOD_140,DIVISION,ObjectId
-8834904.6713359,5433043.14025481,80943065,,2017,2017/11/16 05:00:00+00,1120,FINCH AVE E,RAVEL RD,,Major Arterial,North York,17,43.79027,-79.365299,Intersection,At Intersection,No Control,Clear,Daylight,Dry,Non-Fatal Injury,Pedestrian Collisions,Pedestrian,80 to 84,Major,,North,,,,,Vehicle is going straight thru inter.while ped cross without ROW,"Crossing, no Traffic Control",Normal,,,,Yes,,Yes,,,,,,,,,,,47,Don Valley Village,47,Don Valley Village (47),D33,14276
-8834904.6713359,5433043.14025481,80943066,,2017,2017/11/16 05:00:00+00,1120,FINCH AVE E,RAVEL RD,,Major Arterial,North York,17,43.79027,-79.365299,Intersection,At Intersection,No Control,Clear,Daylight,Dry,Non-Fatal Injury,Pedestrian Collisions,Driver,70 to 74,None,,West,"Automobile, Station Wagon",Going Ahead,Driving Properly,Normal,,,,,,,Yes,,Yes,,,,,,,,,,,47,Don Valley Village,47,Don Valley Village (47),D33,14277
-8820364.56472645,5432053.1765886,80790482,,2017,2017/11/19 05:00:00+00,145,MARKHAM RD,HIGHWAY 401 C E,,Major Arterial,Scarborough,24,43.78385,-79.234683,Intersection,At Intersection,Traffic Signal,Rain,"Dark, artificial",Wet,Non-Fatal Injury,Turning Movement,Driver,30 to 34,Minor,,South,"Automobile, Station Wagon",Going Ahead,Disobeyed Traffic Control,Normal,,,,,,,,,Yes,,,,,,,Yes,Yes,,,142,Woburn North,137,Woburn (137),D43,14278
-8820364.56472645,5432053.1765886,80790483,,2017,2017/11/19 05:00:00+00,145,MARKHAM RD,HIGHWAY 401 C E,,Major Arterial,Scarborough,24,43.78385,-79.234683,Intersection,At Intersection,Traffic Signal,Rain,"Dark, artificial",Wet,Non-Fatal Injury,Turning Movement,Driver,30 to 34,Minimal,,East,"Automobile, Station Wagon",Turning Left,Driving Properly,Normal,,,,,,,,,Yes,,,,,,,Yes,Yes,,,142,Woburn North,137,Woburn (137),D43,14279
-8820364.56472645,5432053.1765886,80790484,,2017,2017/11/19 05:00:00+00,145,MARKHAM RD,HIGHWAY 401 C E,,Major Arterial,Scarborough,24,43.78385,-79.234683,Intersection,At Intersection,Traffic Signal,Rain,"Dark, artificial",Wet,Non-Fatal Injury,Turning Movement,Driver,35 to 39,None,,East,"Automobile, Station Wagon",Turning Left,Driving Properly,Normal,,,,,,,,,Yes,,,,,,,Yes,Yes,,,142,Woburn North,137,Woburn (137),D43,14280
-8820364.56472645,5432053.1765886,80790485,,2017,2017/11/19 05:00:00+00,145,MARKHAM RD,HIGHWAY 401 C E,,Major Arterial,Scarborough,24,43.78385,-79.234683,Intersection,At Intersection,Traffic Signal,Rain,"Dark, artificial",Wet,Non-Fatal Injury,Turning Movement,Other,5 to 9,Minor,,,,,,,,,,,,,,,Yes,,,,,,,Yes,Yes,,,142,Woburn North,137,Woburn (137),D43,14281
-8820364.56472645,5432053.1765886,80790486,,2017,2017/11/19 05:00:00+00,145,MARKHAM RD,HIGHWAY 401 C E,,Major Arterial,Scarborough,24,43.78385,-79.234683,Intersection,At Intersection,Traffic Signal,Rain,"Dark, artificial",Wet,Non-Fatal Injury,Turning Movement,Other,0 to 4,Major,,,,,,,,,,,,,,,Yes,,,,,,,Yes,Yes,,,142,Woburn North,137,Woburn (137),D43,14282
-8816802.67497954,5435910.77997844,80894766,,2017,2017/11/20 05:00:00+00,1809,MORNINGSIDE AVE,CASEBRIDGE CRT,10 m North of,Major Arterial,Scarborough,25,43.808863,-79.202686,Intersection,At Intersection,Traffic Signal,Clear,"Dark, artificial",Dry,Non-Fatal Injury,Turning Movement,Passenger,60 to 64,Major,,,,,,,,,,,,,,,Yes,,,,,Yes,,Yes,,,,144,Morningside Heights,131,Rouge (131),D42,14283
-8816802.67497954,5435910.77997844,80894767,,2017,2017/11/20 05:00:00+00,1809,MORNINGSIDE AVE,CASEBRIDGE CRT,10 m North of,Major Arterial,Scarborough,25,43.808863,-79.202686,Intersection,At Intersection,Traffic Signal,Clear,"Dark, artificial",Dry,Non-Fatal Injury,Turning Movement,Driver,25 to 29,None,,North,"Automobile, Station Wagon",Going Ahead,Driving Properly,Normal,,,,,,,,,Yes,,,,,Yes,,Yes,,,,144,Morningside Heights,131,Rouge (131),D42,14284
-8816802.67497954,5435910.77997844,80894768,,2017,2017/11/20 05:00:00+00,1809,MORNINGSIDE AVE,CASEBRIDGE CRT,10 m North of,Major Arterial,Scarborough,25,43.808863,-79.202686,Intersection,At Intersection,Traffic Signal,Clear,"Dark, artificial",Dry,Non-Fatal Injury,Turning Movement,Driver,60 to 64,Minimal,,South,"Automobile, Station Wagon",Turning Left,Failed to Yield Right of Way,Normal,,,,,,,,,Yes,,,,,Yes,,Yes,,,,144,Morningside Heights,131,Rouge (131),D42,14285
-8836891.94688555,5409939.01154994,80788717,,2017,2017/11/21 05:00:00+00,2319,LAKE SHORE BLVD W,LOWER SIMCOE ST,,Expressway,Toronto and East York,10,43.640258,-79.383151,Intersection,At Intersection,Traffic Signal,Clear,"Dark, artificial",Dry,Non-Fatal Injury,Pedestrian Collisions,Driver,55 to 59,None,,North,"Automobile, Station Wagon",Turning Left,Failed to Yield Right of Way,Normal,,,,,,,Yes,,Yes,,,,,,,Yes,,,,165,Harbourfront-CityPlace,77,Waterfront Communities-The Island (77),D52,14286
-8836891.94688555,5409939.01154994,80788718,,2017,2017/11/21 05:00:00+00,2319,LAKE SHORE BLVD W,LOWER SIMCOE ST,,Expressway,Toronto and East York,10,43.640258,-79.383151,Intersection,At Intersection,Traffic Signal,Clear,"Dark, artificial",Dry,Non-Fatal Injury,Pedestrian Collisions,Pedestrian,60 to 64,Major,,North,,,,,Vehicle turns left while ped crosses with ROW at inter.,Crossing with right of way,Normal,,,,Yes,,Yes,,,,,,,Yes,,,,165,Harbourfront-CityPlace,77,Waterfront Communities-The Island (77),D52,14287
-8836891.94688555,5409939.01154994,80788719,,2017,2017/11/21 05:00:00+00,2319,LAKE SHORE BLVD W,LOWER SIMCOE ST,,Expressway,Toronto and East York,10,43.640258,-79.383151,Intersection,At Intersection,Traffic Signal,Clear,"Dark, artificial",Dry,Non-Fatal Injury,Pedestrian Collisions,Pedestrian,25 to 29,None,,North,,,,,Vehicle turns left while ped crosses with ROW at inter.,Crossing with right of way,Normal,,,,Yes,,Yes,,,,,,,Yes,,,,165,Harbourfront-CityPlace,77,Waterfront Communities-The Island (77),D52,14288
-8836696.6924987,5423774.02654204,80790060,178057130,2017,2017/11/22 05:00:00+00,1110,BAYVIEW AVE,LAWRENCE AVE E,,Major Arterial,North York,15,43.730132,-79.381397,Mid-Block,Non Intersection,No Control,Clear,Daylight,Dry,Non-Fatal Injury,SMV Other,Driver,30 to 34,Major,,South,"Automobile, Station Wagon",Going Ahead,Driving Properly,Normal,,,,,,,,,Yes,,,,,,,,,,,41,Bridle Path-Sunnybrook-York Mills,41,Bridle Path-Sunnybrook-York Mills (41),D53,14289
-8821194.34021082,5432482.61038616,80927502,,2017,2017/11/23 05:00:00+00,1630,MILNER  AVE,EXECUTIVE CRT,18 m East of,Minor Arterial,Scarborough,23,43.786635,-79.242137,Intersection,Intersection Related,No Control,Clear,Dusk,Dry,Non-Fatal Injury,Pedestrian Collisions,Pedestrian,50 to 54,Major,,North,,,,,Pedestrian hit at mid-block,"Crossing, no Traffic Control",Inattentive,,,,Yes,,Yes,,,,,,,,,,,128,Agincourt South-Malvern West,128,Agincourt South-Malvern West (128),D42,14290
-8821194.34021082,5432482.61038616,80927503,,2017,2017/11/23 05:00:00+00,1630,MILNER  AVE,EXECUTIVE CRT,18 m East of,Minor Arterial,Scarborough,23,43.786635,-79.242137,Intersection,Intersection Related,No Control,Clear,Dusk,Dry,Non-Fatal Injury,Pedestrian Collisions,Driver,55 to 59,None,,East,"Automobile, Station Wagon",Going Ahead,Driving Properly,Normal,,,,,,,Yes,,Yes,,,,,,,,,,,128,Agincourt South-Malvern West,128,Agincourt South-Malvern West (128),D42,14291
-8826429.47322385,5416099.35553061,80901586,,2017,2017/11/23 05:00:00+00,1856,KINGSTON RD,BALSAM AVE,,Major Arterial,Toronto and East York,19,43.680293,-79.289165,Intersection,At Intersection,No Control,Clear,Dark,Dry,Non-Fatal Injury,Cyclist Collisions,Cyclist,55 to 59,Major,,East,Bicycle,Going Ahead,,,,,,Motorist turned left across cyclists path.,Driving Properly,Normal,,Yes,Yes,,,,,,,,,,,63,The Beaches,63,The Beaches (63),D55,14292
-8826429.47322385,5416099.35553061,80901587,,2017,2017/11/23 05:00:00+00,1856,KINGSTON RD,BALSAM AVE,,Major Arterial,Toronto and East York,19,43.680293,-79.289165,Intersection,At Intersection,No Control,Clear,Dark,Dry,Non-Fatal Injury,Cyclist Collisions,Driver,15 to 19,None,,West,"Automobile, Station Wagon",Turning Left,Improper Turn,Inattentive,,,,,,,,Yes,Yes,,,,,,,,,,,63,The Beaches,63,The Beaches (63),D55,14293
-8854587.96105899,5424952.30146542,80788907,,2017,2017/11/24 05:00:00+00,840,VEROBEACH BLVD,INDRIO RD,,Local,Etobicoke York,7,43.73778,-79.542117,Intersection,At Intersection,Stop Sign,Clear,Daylight,Dry,Non-Fatal Injury,Pedestrian Collisions,Driver,40 to 44,None,,South,Pick Up Truck,Turning Left,Failed to Yield Right of Way,Inattentive,,,,,,,Yes,,Yes,,,,,,,Yes,,,,22,Humbermede,22,Humbermede (22),D31,14294
-8854587.96105899,5424952.30146542,80788908,,2017,2017/11/24 05:00:00+00,840,VEROBEACH BLVD,INDRIO RD,,Local,Etobicoke York,7,43.73778,-79.542117,Intersection,At Intersection,Stop Sign,Clear,Daylight,Dry,Non-Fatal Injury,Pedestrian Collisions,Pedestrian,80 to 84,Major,,North,,,,,Vehicle turns left while ped crosses with ROW at inter.,Crossing with right of way,Normal,,,,Yes,,Yes,,,,,,,Yes,,,,22,Humbermede,22,Humbermede (22),D31,14295
-8854587.96105899,5424952.30146542,80788909,,2017,2017/11/24 05:00:00+00,840,VEROBEACH BLVD,INDRIO RD,,Local,Etobicoke York,7,43.73778,-79.542117,Intersection,At Intersection,Stop Sign,Clear,Daylight,Dry,Non-Fatal Injury,Pedestrian Collisions,Pedestrian,75 to 79,Major,,North,,,,,Vehicle turns left while ped crosses with ROW at inter.,Crossing with right of way,Normal,,,,Yes,,Yes,,,,,,,Yes,,,,22,Humbermede,22,Humbermede (22),D31,14296
-8830111.14274285,5430743.41142473,80785464,,2017,2017/11/24 05:00:00+00,1148,SHEPPARD AVE E,VICTORIA PARK AVE,,Major Arterial,Scarborough,22,43.775355,-79.322238,Mid-Block,Non Intersection,No Control,Clear,Daylight,Dry,Fatal,Pedestrian Collisions,Truck Driver,25 to 29,None,,West,Truck-Tractor,Going Ahead,Driving Properly,Unknown,,,,,,,Yes,,Yes,,Yes,,,,,,,,,118,Tam O'Shanter-Sullivan,118,Tam O'Shanter-Sullivan (118),D42,14297
-8830111.14274285,5430743.41142473,80789133,,2017,2017/11/24 05:00:00+00,1148,SHEPPARD AVE E,VICTORIA PARK AVE,,Major Arterial,Scarborough,22,43.775355,-79.322238,Mid-Block,Non Intersection,No Control,Clear,Daylight,Dry,Fatal,Pedestrian Collisions,Pedestrian,70 to 74,Fatal,54,South,Passenger Van,,,,Pedestrian hit at mid-block,"Crossing, no Traffic Control",Unknown,,,,Yes,,Yes,,Yes,,,,,,,,,118,Tam O'Shanter-Sullivan,118,Tam O'Shanter-Sullivan (118),D42,14298
-8855863.68242348,5408250.34667019,80788857,,2017,2017/11/25 05:00:00+00,2351,DUNDAS ST W,THE EAST MALL,,Major Arterial,Etobicoke York,3,43.629279,-79.553577,Mid-Block,Non Intersection,No Control,Clear,"Dark, artificial",Dry,Non-Fatal Injury,Cyclist Collisions,Cyclist,35 to 39,None,,West,Bicycle,Changing Lanes,,,,,,"Cyclist without ROW rides into path of motorist at inter, lnwy, dwy-Cyclist not turn.",Improper Lane Change,Normal,,Yes,Yes,,,,,,,,,,,159,Etobicoke City Centre,14,Islington-City Centre West (14),D22,14299
-8855863.68242348,5408250.34667019,80788858,,2017,2017/11/25 05:00:00+00,2351,DUNDAS ST W,THE EAST MALL,,Major Arterial,Etobicoke York,3,43.629279,-79.553577,Mid-Block,Non Intersection,No Control,Clear,"Dark, artificial",Dry,Non-Fatal Injury,Cyclist Collisions,Driver,55 to 59,Major,,North,"Automobile, Station Wagon",Going Ahead,Driving Properly,Normal,,,,,,,,Yes,Yes,,,,,,,,,,,159,Etobicoke City Centre,14,Islington-City Centre West (14),D22,14300
-8821821.95949992,5438234.32596304,80935083,,2017,2017/11/26 05:00:00+00,327,MARKHAM  RD,MCNICOLL AVE,,Major Arterial,Scarborough,23,43.823924,-79.247775,Intersection,At Intersection,Traffic Signal,Clear,"Dark, artificial",Dry,Non-Fatal Injury,Turning Movement,Passenger,55 to 59,Major,,,,,,,,,,,,,,,Yes,,,,,Yes,,Yes,,,,144,Morningside Heights,131,Rouge (131),D42,14301
-8821821.95949992,5438234.32596304,80935084,,2017,2017/11/26 05:00:00+00,327,MARKHAM  RD,MCNICOLL AVE,,Major Arterial,Scarborough,23,43.823924,-79.247775,Intersection,At Intersection,Traffic Signal,Clear,"Dark, artificial",Dry,Non-Fatal Injury,Turning Movement,Passenger,85 to 89,Minor,,,,,,,,,,,,,,,Yes,,,,,Yes,,Yes,,,,144,Morningside Heights,131,Rouge (131),D42,14302
-8821821.95949992,5438234.32596304,80935085,,2017,2017/11/26 05:00:00+00,327,MARKHAM  RD,MCNICOLL AVE,,Major Arterial,Scarborough,23,43.823924,-79.247775,Intersection,At Intersection,Traffic Signal,Clear,"Dark, artificial",Dry,Non-Fatal Injury,Turning Movement,Driver,60 to 64,Minor,,North,"Automobile, Station Wagon",Going Ahead,Driving Properly,Normal,,,,,,,,,Yes,,,,,Yes,,Yes,,,,144,Morningside Heights,131,Rouge (131),D42,14303
-8821821.95949992,5438234.32596304,80935086,,2017,2017/11/26 05:00:00+00,327,MARKHAM  RD,MCNICOLL AVE,,Major Arterial,Scarborough,23,43.823924,-79.247775,Intersection,At Intersection,Traffic Signal,Clear,"Dark, artificial",Dry,Non-Fatal Injury,Turning Movement,Driver,unknown,None,,South,"Automobile, Station Wagon",Turning Left,Improper Turn,Unknown,,,,,,,,,Yes,,,,,Yes,,Yes,,,,144,Morningside Heights,131,Rouge (131),D42,14304
-8852598.12516106,5427738.05343567,80927971,,2017,2017/11/28 05:00:00+00,558,FINCH  AVE W,NORFINCH  DR,,Major Arterial,Etobicoke York,7,43.755858,-79.524242,Intersection,At Intersection,Traffic Signal,Clear,"Dark, artificial",Dry,Non-Fatal Injury,Turning Movement,Driver,20 to 24,None,,West,"Automobile, Station Wagon",Going Ahead,Driving Properly,Normal,,,,,,,,,Yes,,,,,Yes,,Yes,,,,25,Glenfield-Jane Heights,25,Glenfield-Jane Heights (25),D31,14305
-8852598.12516106,5427738.05343567,80927972,,2017,2017/11/28 05:00:00+00,558,FINCH  AVE W,NORFINCH  DR,,Major Arterial,Etobicoke York,7,43.755858,-79.524242,Intersection,At Intersection,Traffic Signal,Clear,"Dark, artificial",Dry,Non-Fatal Injury,Turning Movement,Driver,35 to 39,Major,,East,"Automobile, Station Wagon",Turning Left,Failed to Yield Right of Way,Inattentive,,,,,,,,,Yes,,,,,Yes,,Yes,,,,25,Glenfield-Jane Heights,25,Glenfield-Jane Heights (25),D31,14306
-8852598.12516106,5427738.05343567,80927973,,2017,2017/11/28 05:00:00+00,558,FINCH  AVE W,NORFINCH  DR,,Major Arterial,Etobicoke York,7,43.755858,-79.524242,Intersection,At Intersection,Traffic Signal,Clear,"Dark, artificial",Dry,Non-Fatal Injury,Turning Movement,Passenger,50 to 54,None,,,,,,,,,,,,,,,Yes,,,,,Yes,,Yes,,,,25,Glenfield-Jane Heights,25,Glenfield-Jane Heights (25),D31,14307
-8852598.12516106,5427738.05343567,80927974,,2017,2017/11/28 05:00:00+00,558,FINCH  AVE W,NORFINCH  DR,,Major Arterial,Etobicoke York,7,43.755858,-79.524242,Intersection,At Intersection,Traffic Signal,Clear,"Dark, artificial",Dry,Non-Fatal Injury,Turning Movement,Other,35 to 39,None,,,,,,,,,,,,,,,Yes,,,,,Yes,,Yes,,,,25,Glenfield-Jane Heights,25,Glenfield-Jane Heights (25),D31,14308
-8839131.58372082,5420237.48632033,80789141,,2017,2017/11/28 05:00:00+00,1212,EDITH DR,ORCHARD VIEW BLVD,,Collector,North York,8,43.707171,-79.40327,Intersection,At Intersection,Stop Sign,Clear,Daylight,Dry,Fatal,Pedestrian Collisions,Driver,50 to 54,None,,West,Pick Up Truck,Turning Left,Disobeyed Traffic Control,Inattentive,,,,,,,Yes,,Yes,,,,,,,Yes,,,,100,Yonge-Eglinton,100,Yonge-Eglinton (100),D53,14309
-8839131.58372082,5420237.48632033,81070509,,2017,2017/11/28 05:00:00+00,1212,EDITH DR,ORCHARD VIEW BLVD,,Collector,North York,8,43.707171,-79.40327,Intersection,At Intersection,Stop Sign,Clear,Daylight,Dry,Fatal,Pedestrian Collisions,Pedestrian,80 to 84,Fatal,56,East,,,,,Vehicle turns left while ped crosses with ROW at inter.,Crossing with right of way,Unknown,,,,Yes,,Yes,,,,,,,Yes,,,,100,Yonge-Eglinton,100,Yonge-Eglinton (100),D53,14310
-8851900.81987073,5403842.41475087,80789073,,2017,2017/11/28 05:00:00+00,1431,KIPLING AVE,BIRMINGHAM ST,,Major Arterial,Etobicoke York,3,43.600611,-79.517978,Intersection,At Intersection,Traffic Signal,Clear,Daylight,Dry,Non-Fatal Injury,Pedestrian Collisions,Driver,50 to 54,None,,West,"Automobile, Station Wagon",Turning Left,Failed to Yield Right of Way,Normal,,,,,,,Yes,,Yes,,,,,,,Yes,,,,18,New Toronto,18,New Toronto (18),D22,14311
-8851900.81987073,5403842.41475087,80789074,,2017,2017/11/28 05:00:00+00,1431,KIPLING AVE,BIRMINGHAM ST,,Major Arterial,Etobicoke York,3,43.600611,-79.517978,Intersection,At Intersection,Traffic Signal,Clear,Daylight,Dry,Non-Fatal Injury,Pedestrian Collisions,Pedestrian,30 to 34,Major,,East,,,,,Vehicle turns left while ped crosses with ROW at inter.,Crossing with right of way,Normal,,,,Yes,,Yes,,,,,,,Yes,,,,18,New Toronto,18,New Toronto (18),D22,14312
-8830237.71300389,5436327.43546195,80900384,,2017,2017/11/30 05:00:00+00,1709,WARDEN  AVE,BAMBURGH  CRCL,,Major Arterial,Scarborough,22,43.811564,-79.323375,Intersection,At Intersection,Traffic Signal,Rain,Dusk,Wet,Non-Fatal Injury,Cyclist Collisions,Cyclist,60 to 64,Major,,South,Bicycle,Going Ahead,,,,,,Motorist turned left across cyclists path.,Disobeyed Traffic Control,Inattentive,,Yes,Yes,,,,,,,,,,,116,Steeles,116,Steeles (116),D42,14313
-8830237.71300389,5436327.43546195,80900385,,2017,2017/11/30 05:00:00+00,1709,WARDEN  AVE,BAMBURGH  CRCL,,Major Arterial,Scarborough,22,43.811564,-79.323375,Intersection,At Intersection,Traffic Signal,Rain,Dusk,Wet,Non-Fatal Injury,Cyclist Collisions,Driver,60 to 64,None,,North,"Automobile, Station Wagon",Turning Left,Improper Turn,Inattentive,,,,,,,,Yes,Yes,,,,,,,,,,,116,Steeles,116,Steeles (116),D42,14314
-8842433.65377622,5421970.08461208,80885074,,2017,2017/11/30 05:00:00+00,1825,LAWRENCE  AVE W,GLENMOUNT AVE,,Major Arterial,North York,8,43.718421,-79.432933,Intersection,At Intersection,Traffic Signal,Clear,"Dark, artificial",Dry,Non-Fatal Injury,Pedestrian Collisions,Pedestrian,65 to 69,Major,,South,,,,,Vehicle turns left while ped crosses with ROW at inter.,Crossing with right of way,Normal,,,,Yes,,Yes,,,,,,,Yes,,,,32,Englemount-Lawrence,32,Englemount-Lawrence (32),D13,14315
-8842433.65377622,5421970.08461208,80885075,,2017,2017/11/30 05:00:00+00,1825,LAWRENCE  AVE W,GLENMOUNT AVE,,Major Arterial,North York,8,43.718421,-79.432933,Intersection,At Intersection,Traffic Signal,Clear,"Dark, artificial",Dry,Non-Fatal Injury,Pedestrian Collisions,Driver,70 to 74,None,,North,"Automobile, Station Wagon",Turning Left,Failed to Yield Right of Way,Inattentive,,,,,,,Yes,,Yes,,,,,,,Yes,,,,32,Englemount-Lawrence,32,Englemount-Lawrence (32),D13,14316
-8826144.05004946,5427123.13704691,80790062,,2017,2017/12/01 05:00:00+00,2330,BIRCHMOUNT RD,MERRYFIELD DR,,Major Arterial,Scarborough,21,43.751868,-79.286601,Intersection,At Intersection,No Control,Clear,Dark,Dry,Fatal,Pedestrian Collisions,Driver,55 to 59,None,,North,Passenger Van,Going Ahead,Driving Properly,Normal,,,,,,,Yes,,Yes,,,,,,,,,,,126,Dorset Park,126,Dorset Park (126),D41,14317
-8826144.05004946,5427123.13704691,80790894,,2017,2017/12/01 05:00:00+00,2330,BIRCHMOUNT RD,MERRYFIELD DR,,Major Arterial,Scarborough,21,43.751868,-79.286601,Intersection,At Intersection,No Control,Clear,Dark,Dry,Fatal,Pedestrian Collisions,Pedestrian,65 to 69,Fatal,55,East,,,,,Vehicle is going straight thru inter.while ped cross without ROW,"Crossing, no Traffic Control",Normal,,,,Yes,,Yes,,,,,,,,,,,126,Dorset Park,126,Dorset Park (126),D41,14318
-8837638.5667103,5416048.25247918,80793709,,2017,2017/12/03 05:00:00+00,1253,PRICE ST,YONGE ST,75 m East,Local,Toronto and East York,11,43.679961,-79.389858,Mid-Block,Non Intersection,No Control,Clear,Daylight,Dry,Fatal,Pedestrian Collisions,Pedestrian,75 to 79,Fatal,63,South,,,,,Vehicle is reversing and hits pedestrian,Other,Normal,,,,Yes,,Yes,,,,,,,,,,,98,Rosedale-Moore Park,98,Rosedale-Moore Park (98),D53,14319
-8837638.5667103,5416048.25247918,80973937,,2017,2017/12/03 05:00:00+00,1253,PRICE ST,YONGE ST,75 m East,Local,Toronto and East York,11,43.679961,-79.389858,Mid-Block,Non Intersection,No Control,Clear,Daylight,Dry,Fatal,Pedestrian Collisions,Driver,45 to 49,None,,North,"Automobile, Station Wagon",Reversing,Other,Normal,,,,,,,Yes,,Yes,,,,,,,,,,,98,Rosedale-Moore Park,98,Rosedale-Moore Park (98),D53,14320
-8842387.79014601,5411821.53135749,80891415,,2017,2017/12/05 05:00:00+00,557,DUFFERIN ST,COLLEGE ST,,Major Arterial,Toronto and East York,9,43.652495,-79.432521,Intersection,At Intersection,Traffic Signal,Rain,"Dark, artificial",Wet,Non-Fatal Injury,Angle,Passenger,55 to 59,Major,,,,,,,,,,,,,,,Yes,,,,,Yes,,Yes,,,,84,Little Portugal,84,Little Portugal (84),D14,14321
-8842387.79014601,5411821.53135749,80891416,,2017,2017/12/05 05:00:00+00,557,DUFFERIN ST,COLLEGE ST,,Major Arterial,Toronto and East York,9,43.652495,-79.432521,Intersection,At Intersection,Traffic Signal,Rain,"Dark, artificial",Wet,Non-Fatal Injury,Angle,Driver,35 to 39,None,,East,"Automobile, Station Wagon",Going Ahead,Driving Properly,Normal,,,,,,,,,Yes,,,,,Yes,,Yes,,,,84,Little Portugal,84,Little Portugal (84),D14,14322
-8842387.79014601,5411821.53135749,80891417,,2017,2017/12/05 05:00:00+00,557,DUFFERIN ST,COLLEGE ST,,Major Arterial,Toronto and East York,9,43.652495,-79.432521,Intersection,At Intersection,Traffic Signal,Rain,"Dark, artificial",Wet,Non-Fatal Injury,Angle,Driver,20 to 24,None,,North,"Automobile, Station Wagon",Going Ahead,Failed to Yield Right of Way,Normal,,,,,,,,,Yes,,,,,Yes,,Yes,,,,84,Little Portugal,84,Little Portugal (84),D14,14323
-8834770.42003001,5430160.0515034,80892961,,2017,2017/12/05 05:00:00+00,1232,SHEPPARD AVE E,LESLIE ST,31 m East of,Major Arterial,North York,17,43.771571,-79.364093,Intersection,At Intersection,Traffic Signal,Clear,Daylight,Dry,Non-Fatal Injury,Pedestrian Collisions,Pedestrian,55 to 59,Major,,Unknown,,,,,Pedestrian hit on sidewalk or shoulder,On Sidewalk or Shoulder,Normal,,,,Yes,,Yes,,,,,Yes,Yes,Yes,,,,52,Bayview Village,52,Bayview Village (52),D33,14324
-8834770.42003001,5430160.0515034,80892962,,2017,2017/12/05 05:00:00+00,1232,SHEPPARD AVE E,LESLIE ST,31 m East of,Major Arterial,North York,17,43.771571,-79.364093,Intersection,At Intersection,Traffic Signal,Clear,Daylight,Dry,Non-Fatal Injury,Pedestrian Collisions,Passenger,50 to 54,None,,,,,,,,,,,,,Yes,,Yes,,,,,Yes,Yes,Yes,,,,52,Bayview Village,52,Bayview Village (52),D33,14325
-8834770.42003001,5430160.0515034,80892963,,2017,2017/12/05 05:00:00+00,1232,SHEPPARD AVE E,LESLIE ST,31 m East of,Major Arterial,North York,17,43.771571,-79.364093,Intersection,At Intersection,Traffic Signal,Clear,Daylight,Dry,Non-Fatal Injury,Pedestrian Collisions,Passenger,15 to 19,None,,,,,,,,,,,,,Yes,,Yes,,,,,Yes,Yes,Yes,,,,52,Bayview Village,52,Bayview Village (52),D33,14326
-8834770.42003001,5430160.0515034,80892964,,2017,2017/12/05 05:00:00+00,1232,SHEPPARD AVE E,LESLIE ST,31 m East of,Major Arterial,North York,17,43.771571,-79.364093,Intersection,At Intersection,Traffic Signal,Clear,Daylight,Dry,Non-Fatal Injury,Pedestrian Collisions,Driver,35 to 39,Minor,,West,Delivery Van,Stopped,Driving Properly,Normal,,,,,,,Yes,,Yes,,,,,Yes,Yes,Yes,,,,52,Bayview Village,52,Bayview Village (52),D33,14327
-8834770.42003001,5430160.0515034,80892965,,2017,2017/12/05 05:00:00+00,1232,SHEPPARD AVE E,LESLIE ST,31 m East of,Major Arterial,North York,17,43.771571,-79.364093,Intersection,At Intersection,Traffic Signal,Clear,Daylight,Dry,Non-Fatal Injury,Pedestrian Collisions,Driver,50 to 54,None,,West,Passenger Van,Stopped,Driving Properly,Normal,,,,,,,Yes,,Yes,,,,,Yes,Yes,Yes,,,,52,Bayview Village,52,Bayview Village (52),D33,14328
-8834770.42003001,5430160.0515034,80892966,,2017,2017/12/05 05:00:00+00,1232,SHEPPARD AVE E,LESLIE ST,31 m East of,Major Arterial,North York,17,43.771571,-79.364093,Intersection,At Intersection,Traffic Signal,Clear,Daylight,Dry,Non-Fatal Injury,Pedestrian Collisions,Driver,15 to 19,None,,East,"Automobile, Station Wagon",Going Ahead,Speed too Fast For Condition,Inattentive,,,,,,,Yes,,Yes,,,,,Yes,Yes,Yes,,,,52,Bayview Village,52,Bayview Village (52),D33,14329