X,Y,INDEX_,ACCNUM,YEAR,DATE,TIME,STREET1,STREET2,OFFSET,ROAD_CLASS,DISTRICT,WARDNUM,LATITUDE,LONGITUDE,LOCCOORD,ACCLOC,TRAFFCTL,VISIBILITY,LIGHT,RDSFCOND,ACCLASS,IMPACTYPE,INVTYPE,INVAGE,INJURY,FATAL_NO,INITDIR,VEHTYPE,MANOEUVER,DRIVACT,DRIVCOND,PEDTYPE,PEDACT,PEDCOND,CYCLISTYPE,CYCACT,CYCCOND,PEDESTRIAN,CYCLIST,AUTOMOBILE,MOTORCYCLE,TRUCK,TRSN_CITY_VEH,EMERG_VEH,PASSENGER,SPEEDING,AG_DRIV,REDLIGHT,ALCOHOL,DISABILITY,HOOD_158,NEIGHBOURHOOD_158,HOOD_140,NEIGHBOURHOOD_140,DIVISION,ObjectId
-8826196.7041686,5423210.36271,80920315,,2017,2017/10/05 04:00:00+00,1310,WARDEN AVE,CIVIC  RD,37 m South of,Major Arterial,Scarborough,20,43.726473,-79.287074,Mid-Block,Non Intersection,No Control,Clear,Daylight,Dry,Non-Fatal Injury,Pedestrian Collisions,Pedestrian,65 to 69,Minor,,South,,,,,Pedestrian hit on sidewalk or shoulder,On Sidewalk or Shoulder,Normal,,,,Yes,,Yes,,,,,,,,,,,120,Clairlea-Birchmount,120,Clairlea-Birchmount (120),D41,14382
-8841896.87119161,5414188.87864343,80889002,,2018,2018/02/08 05:00:00+00,943,HALLAM ST,OSSINGTON AVE,,Minor Arterial,Toronto and East York,911,43.66788,-79.428111,Intersection,At Intersection,Traffic Signal,Clear,Daylight,Wet,Non-Fatal Injury,Pedestrian Collisions,Driver,60 to 64,None,,East,"Automobile, Station Wagon",Turning Left,Failed to Yield Right of Way,Inattentive,,,,,,,Yes,,Yes,,,,,,,Yes,,,,172,Dovercourt Village,93,Dovercourt-Wallace Emerson-Junction (93),D14,14383
-8845370.59590182,5423860.91301609,80951039,,2018,2018/09/06 04:00:00+00,1310,ANTHONY RD,NAJIB ABBOUD LANE,,Local,North York,6,43.730696,-79.459316,Mid-Block,Non Intersection,No Control,Clear,Daylight,Dry,Non-Fatal Injury,Cyclist Collisions,Driver,30 to 34,None,,East,"Automobile, Station Wagon",Going Ahead,Driving Properly,Normal,,,,,,,,Yes,Yes,,,,,Yes,,,,,,155,Downsview,26,Downsview-Roding-CFB (26),D32,14384
-8858744.51952572,5411643.06242409,80946710,,2018,2018/07/11 04:00:00+00,1720,RATHBURN  RD,RENFORTH DR,,Minor Arterial,Etobicoke York,2,43.651335,-79.579456,Intersection,At Intersection,Traffic Signal,Clear,Daylight,Dry,Non-Fatal Injury,Turning Movement,Motorcycle Driver,40 to 44,Major,,East,Motorcycle,Going Ahead,Driving Properly,Normal,,,,,,,,,Yes,Yes,,,,,,Yes,,,,13,Etobicoke West Mall,13,Etobicoke West Mall (13),D22,14385
-8834535.9811824,5417902.76626309,80792372,,2018,2018/01/01 05:00:00+00,125,BAYVIEW AVE,POTTERY RD,403 m N of,Major Arterial,North York,1115,43.692008,-79.361987,Mid-Block,Non Intersection,No Control,Clear,"Dark, artificial",Dry,Fatal,SMV Other,Driver,35 to 39,Fatal,1,South,"Automobile, Station Wagon",Going Ahead,Speed too Fast For Condition,Unknown,,,,,,,,,Yes,,,,,,Yes,Yes,,,,56,Leaside-Bennington,56,Leaside-Bennington (56),D53,14386
-8826196.7041686,5423210.36271,80920316,,2017,2017/10/05 04:00:00+00,1310,WARDEN AVE,CIVIC  RD,37 m South of,Major Arterial,Scarborough,20,43.726473,-79.287074,Mid-Block,Non Intersection,No Control,Clear,Daylight,Dry,Non-Fatal Injury,Pedestrian Collisions,Driver,65 to 69,None,,East,"Automobile, Station Wagon",Turning Right,Lost control,Unknown,,,,,,,Yes,,Yes,,,,,,,,,,,120,Clairlea-Birchmount,120,Clairlea-Birchmount (120),D41,14387
-8824841.2780487,5426746.96404951,80945992,,2018,2018/05/05 04:00:00+00,407,LAWRENCE AVE E,KENNEDY RD,,Major Arterial,Scarborough,21,43.749427,-79.274898,Intersection,At Intersection,Traffic Signal,Clear,"Dark, artificial",Dry,Non-Fatal Injury,Angle,Passenger,25 to 29,Major,,,,,,,,,,,,,,,Yes,,,,,Yes,,Yes,,,,126,Dorset Park,126,Dorset Park (126),D41,14388
-8835552.66209181,5411231.05851633,80892162,,2018,2018/02/09 05:00:00+00,1125,LOWER JARVIS ST,FRONT ST E,74 m South of,Major Arterial,Toronto and East York,13,43.648657,-79.37112,Mid-Block,Non Intersection,No Control,Snow,Daylight,Loose Snow,Non-Fatal Injury,Pedestrian Collisions,Pedestrian,75 to 79,Major,,East,,,,,Vehicle is reversing and hits pedestrian,Other,Inattentive,,,,Yes,,Yes,,,,,,,,,,,166,St Lawrence-East Bayfront-The Islands,77,Waterfront Communities-The Island (77),D51,14389
-8841172.40394553,5425263.22598285,80947524,,2018,2018/07/11 04:00:00+00,1820,WILSON AVE,AVENUE RD,,Major Arterial,North York,8,43.739798,-79.421603,Intersection,At Intersection,Traffic Signal,Clear,Daylight,Dry,Non-Fatal Injury,Pedestrian Collisions,Motorcycle Driver,55 to 59,None,,North,Motorcycle,Going Ahead,Driving Properly,Normal,,,,,,,Yes,,,Yes,,,,,,,,,,39,Bedford Park-Nortown,39,Bedford Park-Nortown (39),D32,14390
-8845370.59590182,5423860.91301609,80951040,,2018,2018/09/06 04:00:00+00,1310,ANTHONY RD,NAJIB ABBOUD LANE,,Local,North York,6,43.730696,-79.459316,Mid-Block,Non Intersection,No Control,Clear,Daylight,Dry,Non-Fatal Injury,Cyclist Collisions,Passenger,45 to 49,None,,,,,,,,,,,,,,Yes,Yes,,,,,Yes,,,,,,155,Downsview,26,Downsview-Roding-CFB (26),D32,14391
-8835552.66209181,5411231.05851633,80892163,,2018,2018/02/09 05:00:00+00,1125,LOWER JARVIS ST,FRONT ST E,74 m South of,Major Arterial,Toronto and East York,13,43.648657,-79.37112,Mid-Block,Non Intersection,No Control,Snow,Daylight,Loose Snow,Non-Fatal Injury,Pedestrian Collisions,Driver,25 to 29,None,,North,"Automobile, Station Wagon",Reversing,Other,Inattentive,,,,,,,Yes,,Yes,,,,,,,,,,,166,St Lawrence-East Bayfront-The Islands,77,Waterfront Communities-The Island (77),D51,14392
-8838920.07668831,5411073.83109862,80912807,,2017,2017/10/05 04:00:00+00,1330,QUEEN ST W,PORTLAND ST,3 m East of,Major Arterial,Toronto and East York,10,43.647635,-79.40137,Mid-Block,At Intersection,Traffic Signal,Clear,Daylight,Dry,Non-Fatal Injury,Turning Movement,Motorcycle Driver,30 to 34,Major,,West,Motorcycle,Going Ahead,Driving Properly,Normal,,,,,,,,,Yes,Yes,,,,,,,,,,164,Wellington Place,77,Waterfront Communities-The Island (77),D14,14393
-8818320.29359752,5433775.04157138,80942458,,2018,2018/01/01 05:00:00+00,137,NEILSON RD,401 C W NEILSON RAMP RD,,Minor Arterial,Scarborough,2325,43.795016,-79.216319,Intersection,At Intersection,Traffic Signal,Clear,"Dark, artificial",Dry,Non-Fatal Injury,Angle,Passenger,20 to 24,Major,,,,,,,,,,,,,,,Yes,,,,,Yes,Yes,Yes,Yes,,,146,Malvern East,132,Malvern (132),D42,14394
-8847433.45738571,5420347.90088176,80917076,,2018,2018/05/05 04:00:00+00,1803,KEELE ST,COLVILLE RD,77 m South of,Major Arterial,Etobicoke York,5,43.707888,-79.477847,Mid-Block,Non Intersection,Stop Sign,Clear,Daylight,Dry,Non-Fatal Injury,Pedestrian Collisions,Pedestrian,80 to 84,Major,,East,,,,,Pedestrian hit at mid-block,"Crossing, no Traffic Control",Normal,,,,Yes,,Yes,,,,,,,,,,,30,Brookhaven-Amesbury,30,Brookhaven-Amesbury (30),D12,14395
-8841172.40394553,5425263.22598285,80947525,,2018,2018/07/11 04:00:00+00,1820,WILSON AVE,AVENUE RD,,Major Arterial,North York,8,43.739798,-79.421603,Intersection,At Intersection,Traffic Signal,Clear,Daylight,Dry,Non-Fatal Injury,Pedestrian Collisions,Pedestrian,55 to 59,Major,,North,,,,,Vehicle is going straight thru inter.while ped cross without ROW,Crossing without right of way,Inattentive,,,,Yes,,,Yes,,,,,,,,,,39,Bedford Park-Nortown,39,Bedford Park-Nortown (39),D32,14396
-8838562.51848388,5412697.30991304,80875494,,2018,2018/03/15 04:00:00+00,226,COLLEGE ST,HURON ST,,Major Arterial,Toronto and East York,11,43.658187,-79.398158,Intersection,At Intersection,Traffic Signal,Clear,"Dark, artificial",Dry,Fatal,Pedestrian Collisions,Driver,15 to 19,None,,North,"Automobile, Station Wagon",Going Ahead,Failed to Yield Right of Way,"Ability Impaired, Alcohol Over .08",,,,,,,Yes,,Yes,,,,,,Yes,Yes,,Yes,,78,Kensington-Chinatown,78,Kensington-Chinatown (78),D52,14397
-8832867.96993235,5430694.07723302,80950737,,2018,2018/09/07 04:00:00+00,729,DON MILLS RD,SHEPPARD AVE E,,Major Arterial,North York,17,43.775035,-79.347003,Intersection,At Intersection,Traffic Signal,Clear,Daylight,Dry,Non-Fatal Injury,Pedestrian Collisions,Driver,55 to 59,Minimal,,East,"Automobile, Station Wagon",Going Ahead,Lost control,Unknown,,,,,,,Yes,,Yes,,,,,,,,,,,53,Henry Farm,53,Henry Farm (53),D33,14398
-8818320.29359752,5433775.04157138,80942459,,2018,2018/01/01 05:00:00+00,137,NEILSON RD,401 C W NEILSON RAMP RD,,Minor Arterial,Scarborough,2325,43.795016,-79.216319,Intersection,At Intersection,Traffic Signal,Clear,"Dark, artificial",Dry,Non-Fatal Injury,Angle,Passenger,75 to 79,Minimal,,,,,,,,,,,,,,,Yes,,,,,Yes,Yes,Yes,Yes,,,146,Malvern East,132,Malvern (132),D42,14399
-8838920.07668831,5411073.83109862,80912808,,2017,2017/10/05 04:00:00+00,1330,QUEEN ST W,PORTLAND ST,3 m East of,Major Arterial,Toronto and East York,10,43.647635,-79.40137,Mid-Block,At Intersection,Traffic Signal,Clear,Daylight,Dry,Non-Fatal Injury,Turning Movement,Driver,30 to 34,None,,West,"Automobile, Station Wagon",Making U Turn,Improper Turn,Normal,,,,,,,,,Yes,Yes,,,,,,,,,,164,Wellington Place,77,Waterfront Communities-The Island (77),D14,14400
-8847433.45738571,5420347.90088176,80917077,,2018,2018/05/05 04:00:00+00,1803,KEELE ST,COLVILLE RD,77 m South of,Major Arterial,Etobicoke York,5,43.707888,-79.477847,Mid-Block,Non Intersection,Stop Sign,Clear,Daylight,Dry,Non-Fatal Injury,Pedestrian Collisions,Driver,40 to 44,None,,South,"Automobile, Station Wagon",Going Ahead,Driving Properly,Normal,,,,,,,Yes,,Yes,,,,,,,,,,,30,Brookhaven-Amesbury,30,Brookhaven-Amesbury (30),D12,14401
-8820035.0590337,5430898.66168185,80888708,,2018,2018/05/05 04:00:00+00,2215,MARKHAM RD,ELLESMERE RD,7 m West of,Major Arterial,Scarborough,24,43.776362,-79.231723,Intersection,At Intersection,Traffic Signal,Clear,"Dark, artificial",Dry,Non-Fatal Injury,Turning Movement,Passenger,5 to 9,Major,,,,,,,,,,,,,,,Yes,,,,,Yes,,Yes,,,,141,Golfdale-Cedarbrae-Woburn,137,Woburn (137),D43,14402
-8838562.51848388,5412697.30991304,80875495,,2018,2018/03/15 04:00:00+00,226,COLLEGE ST,HURON ST,,Major Arterial,Toronto and East York,11,43.658187,-79.398158,Intersection,At Intersection,Traffic Signal,Clear,"Dark, artificial",Dry,Fatal,Pedestrian Collisions,Pedestrian,20 to 24,Fatal,15,West,,,,,Vehicle is going straight thru inter.while ped cross with ROW,Crossing with right of way,Normal,,,,Yes,,Yes,,,,,,Yes,Yes,,Yes,,78,Kensington-Chinatown,78,Kensington-Chinatown (78),D52,14403
-8832867.96993235,5430694.07723302,80950738,,2018,2018/09/07 04:00:00+00,729,DON MILLS RD,SHEPPARD AVE E,,Major Arterial,North York,17,43.775035,-79.347003,Intersection,At Intersection,Traffic Signal,Clear,Daylight,Dry,Non-Fatal Injury,Pedestrian Collisions,Driver,40 to 44,None,,South,"Automobile, Station Wagon",Going Ahead,Driving Properly,Normal,,,,,,,Yes,,Yes,,,,,,,,,,,53,Henry Farm,53,Henry Farm (53),D33,14404
-8839433.03690188,5411782.14481369,80942703,,2018,2018/02/10 05:00:00+00,34,BATHURST ST,DUNDAS ST W,25 m South of,Major Arterial,Toronto and East York,1110,43.652239,-79.405978,Intersection,Intersection Related,No Control,Drifting Snow,"Dark, artificial",Wet,Non-Fatal Injury,Pedestrian Collisions,Pedestrian,40 to 44,Major,,West,,,,,Pedestrian hit at mid-block,"Crossing, no Traffic Control",Inattentive,,,,Yes,,Yes,,,,,,Yes,Yes,,Yes,,78,Kensington-Chinatown,78,Kensington-Chinatown (78),D14,14405
-8818320.29359752,5433775.04157138,80942460,,2018,2018/01/01 05:00:00+00,137,NEILSON RD,401 C W NEILSON RAMP RD,,Minor Arterial,Scarborough,2325,43.795016,-79.216319,Intersection,At Intersection,Traffic Signal,Clear,"Dark, artificial",Dry,Non-Fatal Injury,Angle,Passenger,75 to 79,Minimal,,,,,,,,,,,,,,,Yes,,,,,Yes,Yes,Yes,Yes,,,146,Malvern East,132,Malvern (132),D42,14406
-8835564.57327733,5429961.80386594,80886170,,2017,2017/10/06 04:00:00+00,1825,SHEPPARD  AVE E,PROVOST DR,,Major Arterial,North York,17,43.770285,-79.371227,Intersection,At Intersection,Traffic Signal,Clear,Daylight,Dry,Non-Fatal Injury,Pedestrian Collisions,Pedestrian,60 to 64,Major,,Unknown,,,,,Pedestrian hit on sidewalk or shoulder,On Sidewalk or Shoulder,Normal,,,,Yes,,Yes,,,,,Yes,,Yes,Yes,,,52,Bayview Village,52,Bayview Village (52),D33,14407
-8818320.29359752,5433775.04157138,80942461,,2018,2018/01/01 05:00:00+00,137,NEILSON RD,401 C W NEILSON RAMP RD,,Minor Arterial,Scarborough,2325,43.795016,-79.216319,Intersection,At Intersection,Traffic Signal,Clear,"Dark, artificial",Dry,Non-Fatal Injury,Angle,Passenger,75 to 79,Minimal,,,,,,,,,,,,,,,Yes,,,,,Yes,Yes,Yes,Yes,,,146,Malvern East,132,Malvern (132),D42,14408
-8851647.67934867,5426249.53310651,80947212,,2018,2018/07/13 04:00:00+00,740,FRITH RD,ROSEGLEN CRES,31.8 m East of,Local,Etobicoke York,7,43.746199,-79.515704,Mid-Block,Non Intersection,No Control,Clear,Daylight,Dry,Non-Fatal Injury,Pedestrian Collisions,Driver,75 to 79,None,,East,"Automobile, Station Wagon",Going Ahead,Driving Properly,Normal,,,,,,,Yes,,Yes,,,,,,,,,,,25,Glenfield-Jane Heights,25,Glenfield-Jane Heights (25),D31,14409
-8832867.96993235,5430694.07723302,80950739,,2018,2018/09/07 04:00:00+00,729,DON MILLS RD,SHEPPARD AVE E,,Major Arterial,North York,17,43.775035,-79.347003,Intersection,At Intersection,Traffic Signal,Clear,Daylight,Dry,Non-Fatal Injury,Pedestrian Collisions,Pedestrian,35 to 39,Major,,Unknown,,,,,Pedestrian hit on sidewalk or shoulder,On Sidewalk or Shoulder,Normal,,,,Yes,,Yes,,,,,,,,,,,53,Henry Farm,53,Henry Farm (53),D33,14410
-8839433.03690188,5411782.14481369,80942704,,2018,2018/02/10 05:00:00+00,34,BATHURST ST,DUNDAS ST W,25 m South of,Major Arterial,Toronto and East York,1110,43.652239,-79.405978,Intersection,Intersection Related,No Control,Drifting Snow,"Dark, artificial",Wet,Non-Fatal Injury,Pedestrian Collisions,Driver,30 to 34,None,,South,"Automobile, Station Wagon",Going Ahead,Speed too Fast For Condition,"Ability Impaired, Alcohol Over .08",,,,,,,Yes,,Yes,,,,,,Yes,Yes,,Yes,,78,Kensington-Chinatown,78,Kensington-Chinatown (78),D14,14411
-8835564.57327733,5429961.80386594,80886171,,2017,2017/10/06 04:00:00+00,1825,SHEPPARD  AVE E,PROVOST DR,,Major Arterial,North York,17,43.770285,-79.371227,Intersection,At Intersection,Traffic Signal,Clear,Daylight,Dry,Non-Fatal Injury,Pedestrian Collisions,Passenger,70 to 74,Minimal,,,,,,,,,,,,,Yes,,Yes,,,,,Yes,,Yes,Yes,,,52,Bayview Village,52,Bayview Village (52),D33,14412
-8820035.0590337,5430898.66168185,80888709,,2018,2018/05/05 04:00:00+00,2215,MARKHAM RD,ELLESMERE RD,7 m West of,Major Arterial,Scarborough,24,43.776362,-79.231723,Intersection,At Intersection,Traffic Signal,Clear,"Dark, artificial",Dry,Non-Fatal Injury,Turning Movement,Passenger,0 to 4,Major,,,,,,,,,,,,,,,Yes,,,,,Yes,,Yes,,,,141,Golfdale-Cedarbrae-Woburn,137,Woburn (137),D43,14413
-8835564.57327733,5429961.80386594,80886172,,2017,2017/10/06 04:00:00+00,1825,SHEPPARD  AVE E,PROVOST DR,,Major Arterial,North York,17,43.770285,-79.371227,Intersection,At Intersection,Traffic Signal,Clear,Daylight,Dry,Non-Fatal Injury,Pedestrian Collisions,Passenger,75 to 79,Minimal,,,,,,,,,,,,,Yes,,Yes,,,,,Yes,,Yes,Yes,,,52,Bayview Village,52,Bayview Village (52),D33,14414
-8818320.29359752,5433775.04157138,80942462,,2018,2018/01/01 05:00:00+00,137,NEILSON RD,401 C W NEILSON RAMP RD,,Minor Arterial,Scarborough,2325,43.795016,-79.216319,Intersection,At Intersection,Traffic Signal,Clear,"Dark, artificial",Dry,Non-Fatal Injury,Angle,Passenger,30 to 34,Major,,,,,,,,,,,,,,,Yes,,,,,Yes,Yes,Yes,Yes,,,146,Malvern East,132,Malvern (132),D42,14415
-8833030.16243044,5412840.40881806,80950972,,2018,2018/09/08 04:00:00+00,2317,QUEEN ST E,GRANT ST,30 m East of,Minor Arterial,Toronto and East York,14,43.659117,-79.34846,Intersection,At Intersection,No Control,Clear,"Dark, artificial",Dry,Non-Fatal Injury,Pedestrian Collisions,Driver,30 to 34,None,,West,Street Car,Going Ahead,Driving Properly,Normal,,,,,,,Yes,,,,,Yes,,,,,,,,70,South Riverdale,70,South Riverdale (70),D55,14416
-8851647.67934867,5426249.53310651,80947213,,2018,2018/07/13 04:00:00+00,740,FRITH RD,ROSEGLEN CRES,31.8 m East of,Local,Etobicoke York,7,43.746199,-79.515704,Mid-Block,Non Intersection,No Control,Clear,Daylight,Dry,Non-Fatal Injury,Pedestrian Collisions,Pedestrian,20 to 24,Major,,North,,,,,Pedestrian hit at mid-block,Running onto Roadway,Normal,,,,Yes,,Yes,,,,,,,,,,,25,Glenfield-Jane Heights,25,Glenfield-Jane Heights (25),D31,14417
-8850432.40446767,5420145.86017657,81118093,,2018,2018/02/11 05:00:00+00,1225,JANE ST,JOHN ST,,Major Arterial,Etobicoke York,5,43.706576,-79.504787,Intersection,At Intersection,Traffic Signal,Rain,Daylight,Wet,Non-Fatal Injury,Other,Driver,55 to 59,None,,North,Municipal Transit Bus (TTC),Slowing or Stopping,Other,Normal,,,,,,,,,,,,Yes,,Yes,,,,,,28,Rustic,28,Rustic (28),D12,14418
-8835564.57327733,5429961.80386594,80886173,,2017,2017/10/06 04:00:00+00,1825,SHEPPARD  AVE E,PROVOST DR,,Major Arterial,North York,17,43.770285,-79.371227,Intersection,At Intersection,Traffic Signal,Clear,Daylight,Dry,Non-Fatal Injury,Pedestrian Collisions,Driver,30 to 34,Minimal,,North,"Automobile, Station Wagon",Stopped,Driving Properly,Normal,,,,,,,Yes,,Yes,,,,,Yes,,Yes,Yes,,,52,Bayview Village,52,Bayview Village (52),D33,14419
-8842409.83140519,5414458.34999454,80906082,,2018,2018/03/15 04:00:00+00,2150,DOVERCOURT RD,DUPONT ST,,Major Arterial,Etobicoke York,9,43.669631,-79.432719,Intersection,At Intersection,Traffic Signal,Clear,"Dark, artificial",Dry,Non-Fatal Injury,Pedestrian Collisions,Pedestrian,20 to 24,Major,,West,,,,,Vehicle is going straight thru inter.while ped cross without ROW,Crossing without right of way,Medical or Physical Disability,,,,Yes,,Yes,,,,,,,,,,,172,Dovercourt Village,93,Dovercourt-Wallace Emerson-Junction (93),D14,14420
-8850432.40446767,5420145.86017657,81118094,,2018,2018/02/11 05:00:00+00,1225,JANE ST,JOHN ST,,Major Arterial,Etobicoke York,5,43.706576,-79.504787,Intersection,At Intersection,Traffic Signal,Rain,Daylight,Wet,Non-Fatal Injury,Other,Passenger,55 to 59,Major,,,,,,,,,,,,,,,,,,Yes,,Yes,,,,,,28,Rustic,28,Rustic (28),D12,14421
-8820035.0590337,5430898.66168185,80888710,,2018,2018/05/05 04:00:00+00,2215,MARKHAM RD,ELLESMERE RD,7 m West of,Major Arterial,Scarborough,24,43.776362,-79.231723,Intersection,At Intersection,Traffic Signal,Clear,"Dark, artificial",Dry,Non-Fatal Injury,Turning Movement,Passenger,0 to 4,None,,,,,,,,,,,,,,,Yes,,,,,Yes,,Yes,,,,141,Golfdale-Cedarbrae-Woburn,137,Woburn (137),D43,14422
-8818320.29359752,5433775.04157138,80942463,,2018,2018/01/01 05:00:00+00,137,NEILSON RD,401 C W NEILSON RAMP RD,,Minor Arterial,Scarborough,2325,43.795016,-79.216319,Intersection,At Intersection,Traffic Signal,Clear,"Dark, artificial",Dry,Non-Fatal Injury,Angle,Driver,75 to 79,Minimal,,North,"Automobile, Station Wagon",Going Ahead,Driving Properly,Normal,,,,,,,,,Yes,,,,,Yes,Yes,Yes,Yes,,,146,Malvern East,132,Malvern (132),D42,14423
-8833030.16243044,5412840.40881806,80950973,,2018,2018/09/08 04:00:00+00,2317,QUEEN ST E,GRANT ST,30 m East of,Minor Arterial,Toronto and East York,14,43.659117,-79.34846,Intersection,At Intersection,No Control,Clear,"Dark, artificial",Dry,Non-Fatal Injury,Pedestrian Collisions,Pedestrian,40 to 44,Major,,North,,,,,Pedestrian involved in a collision with transit vehicle anywhere along roadway,"Crossing, no Traffic Control",Inattentive,,,,Yes,,,,,Yes,,,,,,,,70,South Riverdale,70,South Riverdale (70),D55,14424
-8847367.22228868,5417951.41627984,80947105,,2018,2018/07/13 04:00:00+00,2121,TRETHEWEY DR,YORKTOWN  DR,,Minor Arterial,Etobicoke York,5,43.692324,-79.477252,Intersection,At Intersection,Stop Sign,Clear,"Dark, artificial",Dry,Non-Fatal Injury,Angle,Motorcycle Driver,30 to 34,Major,,South,Motorcycle,Going Ahead,Other,Normal,,,,,,,,,Yes,Yes,,,,Yes,,,,,,112,Beechborough-Greenbrook,112,Beechborough-Greenbrook (112),D12,14425
-8845750.19536542,5426875.64091907,81270094,,2018,2018/09/09 04:00:00+00,105,1035 SHEPPARD AVE W,,20 m West of,Major Arterial,North York,6,43.750262,-79.462726,Intersection,Intersection Related,No Control,Clear,"Dark, artificial",Dry,Non-Fatal Injury,Pedestrian Collisions,Driver,unknown,None,,East,"Automobile, Station Wagon",Going Ahead,Other,Unknown,,,,,,,Yes,,Yes,,,,,,,,,,,155,Downsview,26,Downsview-Roding-CFB (26),D32,14426
-8835564.57327733,5429961.80386594,80886174,,2017,2017/10/06 04:00:00+00,1825,SHEPPARD  AVE E,PROVOST DR,,Major Arterial,North York,17,43.770285,-79.371227,Intersection,At Intersection,Traffic Signal,Clear,Daylight,Dry,Non-Fatal Injury,Pedestrian Collisions,Driver,20 to 24,Minimal,,East,"Automobile, Station Wagon",Going Ahead,Disobeyed Traffic Control,Normal,,,,,,,Yes,,Yes,,,,,Yes,,Yes,Yes,,,52,Bayview Village,52,Bayview Village (52),D33,14427
-8842409.83140519,5414458.34999454,80906083,,2018,2018/03/15 04:00:00+00,2150,DOVERCOURT RD,DUPONT ST,,Major Arterial,Etobicoke York,9,43.669631,-79.432719,Intersection,At Intersection,Traffic Signal,Clear,"Dark, artificial",Dry,Non-Fatal Injury,Pedestrian Collisions,Driver,50 to 54,None,,South,"Automobile, Station Wagon",Going Ahead,Driving Properly,Normal,,,,,,,Yes,,Yes,,,,,,,,,,,172,Dovercourt Village,93,Dovercourt-Wallace Emerson-Junction (93),D14,14428
-8839458.52906528,5425569.53848012,81141566,,2018,2018/02/11 05:00:00+00,1330,YONGE ST,MCGLASHAN RD,16 m North of,Major Arterial,North York,815,43.741786,-79.406207,Intersection,At Intersection,No Control,Freezing Rain,Daylight,Slush,Non-Fatal Injury,SMV Other,Driver,40 to 44,Minor,,North,"Automobile, Station Wagon",Going Ahead,Lost control,Medical or Physical Disability,,,,,,,,,Yes,,,,,Yes,,,,,Yes,41,Bridle Path-Sunnybrook-York Mills,41,Bridle Path-Sunnybrook-York Mills (41),D32,14429
-8820035.0590337,5430898.66168185,80888711,,2018,2018/05/05 04:00:00+00,2215,MARKHAM RD,ELLESMERE RD,7 m West of,Major Arterial,Scarborough,24,43.776362,-79.231723,Intersection,At Intersection,Traffic Signal,Clear,"Dark, artificial",Dry,Non-Fatal Injury,Turning Movement,Passenger,30 to 34,None,,,,,,,,,,,,,,,Yes,,,,,Yes,,Yes,,,,141,Golfdale-Cedarbrae-Woburn,137,Woburn (137),D43,14430
-8818320.29359752,5433775.04157138,80942464,,2018,2018/01/01 05:00:00+00,137,NEILSON RD,401 C W NEILSON RAMP RD,,Minor Arterial,Scarborough,2325,43.795016,-79.216319,Intersection,At Intersection,Traffic Signal,Clear,"Dark, artificial",Dry,Non-Fatal Injury,Angle,Driver,20 to 24,Major,,West,"Automobile, Station Wagon",Going Ahead,Disobeyed Traffic Control,Had Been Drinking,,,,,,,,,Yes,,,,,Yes,Yes,Yes,Yes,,,146,Malvern East,132,Malvern (132),D42,14431
-8820035.0590337,5430898.66168185,80888712,,2018,2018/05/05 04:00:00+00,2215,MARKHAM RD,ELLESMERE RD,7 m West of,Major Arterial,Scarborough,24,43.776362,-79.231723,Intersection,At Intersection,Traffic Signal,Clear,"Dark, artificial",Dry,Non-Fatal Injury,Turning Movement,Passenger,55 to 59,None,,,,,,,,,,,,,,,Yes,,,,,Yes,,Yes,,,,141,Golfdale-Cedarbrae-Woburn,137,Woburn (137),D43,14432
-8847367.22228868,5417951.41627984,80947106,,2018,2018/07/13 04:00:00+00,2121,TRETHEWEY DR,YORKTOWN  DR,,Minor Arterial,Etobicoke York,5,43.692324,-79.477252,Intersection,At Intersection,Stop Sign,Clear,"Dark, artificial",Dry,Non-Fatal Injury,Angle,Driver,50 to 54,None,,West,"Automobile, Station Wagon",Going Ahead,Driving Properly,Normal,,,,,,,,,Yes,Yes,,,,Yes,,,,,,112,Beechborough-Greenbrook,112,Beechborough-Greenbrook (112),D12,14433
-8845750.19536542,5426875.64091907,81270095,,2018,2018/09/09 04:00:00+00,105,1035 SHEPPARD AVE W,,20 m West of,Major Arterial,North York,6,43.750262,-79.462726,Intersection,Intersection Related,No Control,Clear,"Dark, artificial",Dry,Non-Fatal Injury,Pedestrian Collisions,Pedestrian,80 to 84,Major,,South,,,,,Pedestrian hit at mid-block,"Crossing, no Traffic Control",Other,,,,Yes,,Yes,,,,,,,,,,,155,Downsview,26,Downsview-Roding-CFB (26),D32,14434
-8820035.0590337,5430898.66168185,80888713,,2018,2018/05/05 04:00:00+00,2215,MARKHAM RD,ELLESMERE RD,7 m West of,Major Arterial,Scarborough,24,43.776362,-79.231723,Intersection,At Intersection,Traffic Signal,Clear,"Dark, artificial",Dry,Non-Fatal Injury,Turning Movement,Passenger,60 to 64,None,,,,,,,,,,,,,,,Yes,,,,,Yes,,Yes,,,,141,Golfdale-Cedarbrae-Woburn,137,Woburn (137),D43,14435
-8839458.52906528,5425569.53848012,81141567,,2018,2018/02/11 05:00:00+00,1330,YONGE ST,MCGLASHAN RD,16 m North of,Major Arterial,North York,815,43.741786,-79.406207,Intersection,At Intersection,No Control,Freezing Rain,Daylight,Slush,Non-Fatal Injury,SMV Other,Passenger,40 to 44,Minor,,,,,,,,,,,,,,,Yes,,,,,Yes,,,,,Yes,41,Bridle Path-Sunnybrook-York Mills,41,Bridle Path-Sunnybrook-York Mills (41),D32,14436