X,Y,INDEX_,ACCNUM,YEAR,DATE,TIME,STREET1,STREET2,OFFSET,ROAD_CLASS,DISTRICT,WARDNUM,LATITUDE,LONGITUDE,LOCCOORD,ACCLOC,TRAFFCTL,VISIBILITY,LIGHT,RDSFCOND,ACCLASS,IMPACTYPE,INVTYPE,INVAGE,INJURY,FATAL_NO,INITDIR,VEHTYPE,MANOEUVER,DRIVACT,DRIVCOND,PEDTYPE,PEDACT,PEDCOND,CYCLISTYPE,CYCACT,CYCCOND,PEDESTRIAN,CYCLIST,AUTOMOBILE,MOTORCYCLE,TRUCK,TRSN_CITY_VEH,EMERG_VEH,PASSENGER,SPEEDING,AG_DRIV,REDLIGHT,ALCOHOL,DISABILITY,HOOD_158,NEIGHBOURHOOD_158,HOOD_140,NEIGHBOURHOOD_140,DIVISION,ObjectId
-8834557.24320514,5433147.38560735,81138334,,2018,2018/01/02 05:00:00+00,1900,FINCH AVE E,TRUDY RD,70 m East of,Major Arterial,North York,17,43.790946,-79.362178,Mid-Block,Non Intersection,No Control,Clear,"Dark, artificial",Dry,Non-Fatal Injury,Approaching,Passenger,15 to 19,None,,,,,,,,,,,,,,,Yes,,,,,Yes,,,,,,47,Don Valley Village,47,Don Valley Village (47),D33,14491
-8836383.21681262,5412492.97467356,80975887,,2018,2018/05/10 04:00:00+00,955,111 BOND ST,,75 m North of,Local,Toronto and East York,13,43.656859,-79.378581,Mid-Block,Non Intersection,No Control,Clear,Daylight,Dry,Non-Fatal Injury,Pedestrian Collisions,Driver,55 to 59,None,,North,"Automobile, Station Wagon",Reversing,Other,Inattentive,,,,,,,Yes,,Yes,,,,,,,,,,,168,Downtown Yonge East,75,Church-Yonge Corridor (75),D51,14492
-8837833.82109715,5411610.29221005,80949667,,2018,2018/07/18 04:00:00+00,259,JOHN ST,STEPHANIE ST,10 m South of,Local,Toronto and East York,10,43.651122,-79.391612,Intersection,Intersection Related,No Control,Clear,"Dark, artificial",Dry,Non-Fatal Injury,Pedestrian Collisions,Pedestrian,35 to 39,Major,,Unknown,,,,,Other / Undefined,Other,Normal,,,,Yes,,Yes,,,,,,,,,,,78,Kensington-Chinatown,78,Kensington-Chinatown (78),D52,14493
-8843998.02658033,5410063.91640639,81473670,,2018,2018/09/11 04:00:00+00,1339,RONCESVALLES AVE,MARION ST,7 m North of,Minor Arterial,Toronto and East York,4,43.64107,-79.446986,Intersection,Intersection Related,No Control,Clear,Daylight,Dry,Non-Fatal Injury,Other,Driver,45 to 49,Minor,,North,Street Car,Going Ahead,Driving Properly,Normal,,,,,,,,,,,,Yes,,Yes,,,,,,86,Roncesvalles,86,Roncesvalles (86),D11,14494
-8837465.24226313,5415125.21381302,80913662,,2017,2017/10/09 04:00:00+00,1628,YONGE ST,FRICHOT AVE,95 m South of,Major Arterial,Toronto and East York,11,43.673964,-79.388301,Mid-Block,Non Intersection,No Control,Clear,Daylight,Dry,Non-Fatal Injury,Sideswipe,Driver,30 to 34,None,,North,"Automobile, Station Wagon",Going Ahead,Driving Properly,Normal,,,,,,,,,Yes,,,,,,,,,,,98,Rosedale-Moore Park,98,Rosedale-Moore Park (98),D53,14495
-8859223.5272946,5426333.66916916,80905768,,2018,2018/02/14 05:00:00+00,1545,KIPLING AVE,MOUNT OLIVE DR,,Major Arterial,Etobicoke York,1,43.746745,-79.583759,Intersection,At Intersection,Traffic Signal,Clear,Daylight,Dry,Non-Fatal Injury,Pedestrian Collisions,Pedestrian,85 to 89,Major,,West,,,,,Vehicle turns left while ped crosses with ROW at inter.,Crossing with right of way,Normal,,,,Yes,,Yes,,,,,,,Yes,,,,2,Mount Olive-Silverstone-Jamestown,2,Mount Olive-Silverstone-Jamestown (2),D23,14496
-8848035.6958309,5424027.29365418,81450010,,2018,2018/03/21 04:00:00+00,232,KEELE ST,WANDLE AVE,45 m North of,Major Arterial,North York,6,43.731776,-79.483257,Mid-Block,Non Intersection,No Control,Clear,"Dark, artificial",Dry,Non-Fatal Injury,Sideswipe,Driver,35 to 39,None,,North,"Automobile, Station Wagon",Going Ahead,Driving Properly,Normal,,,,,,,,,Yes,,,,,,Yes,Yes,,Yes,,155,Downsview,26,Downsview-Roding-CFB (26),D31,14497
-8837465.24226313,5415125.21381302,80913663,,2017,2017/10/09 04:00:00+00,1628,YONGE ST,FRICHOT AVE,95 m South of,Major Arterial,Toronto and East York,11,43.673964,-79.388301,Mid-Block,Non Intersection,No Control,Clear,Daylight,Dry,Non-Fatal Injury,Sideswipe,Driver,60 to 64,Major,,North,"Automobile, Station Wagon",Changing Lanes,Improper Lane Change,Inattentive,,,,,,,,,Yes,,,,,,,,,,,98,Rosedale-Moore Park,98,Rosedale-Moore Park (98),D53,14498
-8836773.94822531,5411367.21162159,80792381,,2018,2018/01/05 05:00:00+00,1145,SHEPPARD ST,ADELAIDE ST W,,Major Arterial,Toronto and East York,10,43.649542,-79.382091,Intersection,At Intersection,Traffic Signal,Other,Daylight,Other,Fatal,Pedestrian Collisions,Driver,50 to 54,None,,South,Delivery Van,Turning Left,Failed to Yield Right of Way,Unknown,,,,,,,Yes,,Yes,,,,,,,Yes,,,,170,Yonge-Bay Corridor,76,Bay Street Corridor (76),D52,14499
-8836383.21681262,5412492.97467356,80975888,,2018,2018/05/10 04:00:00+00,955,111 BOND ST,,75 m North of,Local,Toronto and East York,13,43.656859,-79.378581,Mid-Block,Non Intersection,No Control,Clear,Daylight,Dry,Non-Fatal Injury,Pedestrian Collisions,Pedestrian,55 to 59,Major,,East,,,,,Vehicle is reversing and hits pedestrian,Other,Normal,,,,Yes,,Yes,,,,,,,,,,,168,Downtown Yonge East,75,Church-Yonge Corridor (75),D51,14500
-8843998.02658033,5410063.91640639,81473671,,2018,2018/09/11 04:00:00+00,1339,RONCESVALLES AVE,MARION ST,7 m North of,Minor Arterial,Toronto and East York,4,43.64107,-79.446986,Intersection,Intersection Related,No Control,Clear,Daylight,Dry,Non-Fatal Injury,Other,Passenger,75 to 79,Major,,,,,,,,,,,,,,,,,,Yes,,Yes,,,,,,86,Roncesvalles,86,Roncesvalles (86),D11,14501
-8833771.66155861,5417624.88104952,80947090,,2018,2018/07/19 04:00:00+00,711,BROADVIEW AVE,TORRENS AVE,,Minor Arterial,Toronto and East York,14,43.690203,-79.355121,Intersection,At Intersection,Pedestrian Crossover,Clear,Daylight,Dry,Non-Fatal Injury,Pedestrian Collisions,Driver,45 to 49,None,,North,"Automobile, Station Wagon",Overtaking,Disobeyed Traffic Control,Inattentive,,,,,,,Yes,,Yes,,,,,,,Yes,,,,57,Broadview North,57,Broadview North (57),D55,14502
-8859223.5272946,5426333.66916916,80905769,,2018,2018/02/14 05:00:00+00,1545,KIPLING AVE,MOUNT OLIVE DR,,Major Arterial,Etobicoke York,1,43.746745,-79.583759,Intersection,At Intersection,Traffic Signal,Clear,Daylight,Dry,Non-Fatal Injury,Pedestrian Collisions,Driver,75 to 79,None,,West,Pick Up Truck,Turning Left,Failed to Yield Right of Way,Inattentive,,,,,,,Yes,,Yes,,,,,,,Yes,,,,2,Mount Olive-Silverstone-Jamestown,2,Mount Olive-Silverstone-Jamestown (2),D23,14503
-8824862.54007144,5438402.04630314,80784451,,2017,2017/10/10 04:00:00+00,2100,3358 MCCOWAN RD,,,Major Arterial,Scarborough,23,43.825011,-79.275089,Mid-Block,At/Near Private Drive,Traffic Signal,Clear,"Dark, artificial",Dry,Non-Fatal Injury,Pedestrian Collisions,Driver,20 to 24,None,,South,"Automobile, Station Wagon",Going Ahead,Driving Properly,Normal,,,,,,,Yes,,Yes,,,,,,,,,,,130,Milliken,130,Milliken (130),D42,14504
-8849894.73132714,5407301.1752862,80875488,,2018,2018/03/21 04:00:00+00,331,F G GARDINER XY  W,ROYAL YORK RD,,,Etobicoke York,3,43.623107,-79.499957,Mid-Block,Non Intersection,No Control,Clear,"Dark, artificial",Dry,Fatal,Rear End,Passenger,25 to 29,Minimal,,,,,,,,,,,,,,,Yes,,,,,Yes,Yes,Yes,,,,160,Mimico-Queensway,17,Mimico (includes Humber Bay Shores) (17),D22,14505
-8836773.94822531,5411367.21162159,80792943,,2018,2018/01/05 05:00:00+00,1145,SHEPPARD ST,ADELAIDE ST W,,Major Arterial,Toronto and East York,10,43.649542,-79.382091,Intersection,At Intersection,Traffic Signal,Other,Daylight,Other,Fatal,Pedestrian Collisions,Pedestrian,85 to 89,Fatal,6,North,,,,,Vehicle turns left while ped crosses with ROW at inter.,Crossing with right of way,Unknown,,,,Yes,,Yes,,,,,,,Yes,,,,170,Yonge-Bay Corridor,76,Bay Street Corridor (76),D52,14506
-8829436.76926763,5413810.15464129,80944130,,2018,2018/05/10 04:00:00+00,1845,EASTERN AVE,COXWELL AVE,,Minor Arterial,Toronto and East York,1419,43.665419,-79.31618,Intersection,At Intersection,Traffic Signal,Clear,Daylight,Dry,Non-Fatal Injury,Turning Movement,Driver,25 to 29,None,,West,"Automobile, Station Wagon",Turning Left,Failed to Yield Right of Way,Inattentive,,,,,,,,,Yes,Yes,,,,,,Yes,,,,63,The Beaches,63,The Beaches (63),D55,14507
-8850353.36762921,5403888.22380402,80950559,,2018,2018/09/11 04:00:00+00,1708,LAKE SHORE BLVD W,SIXTH ST,,Major Arterial,Etobicoke York,3,43.600909,-79.504077,Intersection,Non Intersection,No Control,Clear,Daylight,Dry,Fatal,Pedestrian Collisions,Pedestrian,70 to 74,Fatal,45,North,Other,,,,Vehicle is going straight thru inter.while ped cross without ROW,"Crossing, no Traffic Control",Inattentive,,,,Yes,,Yes,,,,,,,,,,,18,New Toronto,18,New Toronto (18),D22,14508
-8850353.36762921,5403888.22380402,80950560,,2018,2018/09/11 04:00:00+00,1708,LAKE SHORE BLVD W,SIXTH ST,,Major Arterial,Etobicoke York,3,43.600909,-79.504077,Intersection,Non Intersection,No Control,Clear,Daylight,Dry,Fatal,Pedestrian Collisions,Driver,25 to 29,None,,West,"Automobile, Station Wagon",Going Ahead,Driving Properly,Normal,,,,,,,Yes,,Yes,,,,,,,,,,,18,New Toronto,18,New Toronto (18),D22,14509
-8832180.01547925,5423381.50706579,80897179,,2018,2018/02/16 05:00:00+00,1800,DON MILLS RD,BARBER GREENE RD,,Major Arterial,North York,16,43.727584,-79.340823,Intersection,At Intersection,Traffic Signal,Clear,"Dark, artificial",Dry,Non-Fatal Injury,Turning Movement,Passenger,35 to 39,Major,,,,,,,,,,,,,,,Yes,,,,,Yes,,Yes,Yes,,,42,Banbury-Don Mills,42,Banbury-Don Mills (42),D33,14510
-8824862.54007144,5438402.04630314,80784452,,2017,2017/10/10 04:00:00+00,2100,3358 MCCOWAN RD,,,Major Arterial,Scarborough,23,43.825011,-79.275089,Mid-Block,At/Near Private Drive,Traffic Signal,Clear,"Dark, artificial",Dry,Non-Fatal Injury,Pedestrian Collisions,Pedestrian,65 to 69,Major,,East,,,,,Vehicle is going straight thru inter.while ped cross without ROW,Crossing without right of way,Normal,,,,Yes,,Yes,,,,,,,,,,,130,Milliken,130,Milliken (130),D42,14511
-8849894.73132714,5407301.1752862,80875489,,2018,2018/03/21 04:00:00+00,331,F G GARDINER XY  W,ROYAL YORK RD,,,Etobicoke York,3,43.623107,-79.499957,Mid-Block,Non Intersection,No Control,Clear,"Dark, artificial",Dry,Fatal,Rear End,Passenger,25 to 29,Fatal,16,,,,,,,,,,,,,,Yes,,,,,Yes,Yes,Yes,,,,160,Mimico-Queensway,17,Mimico (includes Humber Bay Shores) (17),D22,14512
-8841000.86061022,5424654.9454021,80937665,,2018,2018/01/05 05:00:00+00,1412,AVENUE RD,DUNBLAINE AVE,,Major Arterial,North York,8,43.73585,-79.420062,Intersection,At Intersection,Traffic Controller,Clear,Daylight,Dry,Non-Fatal Injury,Pedestrian Collisions,Driver,25 to 29,None,,West,"Automobile, Station Wagon",Turning Left,Failed to Yield Right of Way,Unknown,,,,,,,Yes,,Yes,,,,,,,Yes,,,,39,Bedford Park-Nortown,39,Bedford Park-Nortown (39),D32,14513
-8829436.76926763,5413810.15464129,80944131,,2018,2018/05/10 04:00:00+00,1845,EASTERN AVE,COXWELL AVE,,Minor Arterial,Toronto and East York,1419,43.665419,-79.31618,Intersection,At Intersection,Traffic Signal,Clear,Daylight,Dry,Non-Fatal Injury,Turning Movement,Motorcycle Driver,40 to 44,Major,,East,Motorcycle,Going Ahead,Driving Properly,Normal,,,,,,,,,Yes,Yes,,,,,,Yes,,,,63,The Beaches,63,The Beaches (63),D55,14514
-8841000.86061022,5424654.9454021,80937666,,2018,2018/01/05 05:00:00+00,1412,AVENUE RD,DUNBLAINE AVE,,Major Arterial,North York,8,43.73585,-79.420062,Intersection,At Intersection,Traffic Controller,Clear,Daylight,Dry,Non-Fatal Injury,Pedestrian Collisions,Pedestrian,30 to 34,Major,,East,,,,,Vehicle turns left while ped crosses with ROW at inter.,Crossing with right of way,Normal,,,,Yes,,Yes,,,,,,,Yes,,,,39,Bedford Park-Nortown,39,Bedford Park-Nortown (39),D32,14515
-8838079.28057435,5412014.62016336,81141506,,2018,2018/09/11 04:00:00+00,2200,DUNDAS ST W,BEVERLEY ST,,Major Arterial,Toronto and East York,1110,43.65375,-79.393817,Intersection,At Intersection,Traffic Signal,Clear,"Dark, artificial",Dry,Non-Fatal Injury,Angle,Driver,50 to 54,Major,,South,"Automobile, Station Wagon",Going Ahead,Failed to Yield Right of Way,Inattentive,,,,,,,,,Yes,,,,,Yes,,Yes,,,,78,Kensington-Chinatown,78,Kensington-Chinatown (78),D52,14516
-8832180.01547925,5423381.50706579,80897180,,2018,2018/02/16 05:00:00+00,1800,DON MILLS RD,BARBER GREENE RD,,Major Arterial,North York,16,43.727584,-79.340823,Intersection,At Intersection,Traffic Signal,Clear,"Dark, artificial",Dry,Non-Fatal Injury,Turning Movement,Passenger,35 to 39,Minor,,,,,,,,,,,,,,,Yes,,,,,Yes,,Yes,Yes,,,42,Banbury-Don Mills,42,Banbury-Don Mills (42),D33,14517
-8856047.91618074,5417107.00538303,80884911,,2017,2017/10/11 04:00:00+00,1140,KIPLING AVE,THE WESTWAY,153 m North of,Major Arterial,Etobicoke York,2,43.686839,-79.555232,Mid-Block,Non Intersection,No Control,Clear,Daylight,Dry,Non-Fatal Injury,Sideswipe,Passenger,20 to 24,Minimal,,,,,,,,,,,,,,,Yes,,,,,Yes,,,,,,6,Kingsview Village-The Westway,6,Kingsview Village-The Westway (6),D23,14518
-8833771.66155861,5417624.88104952,80947091,,2018,2018/07/19 04:00:00+00,711,BROADVIEW AVE,TORRENS AVE,,Minor Arterial,Toronto and East York,14,43.690203,-79.355121,Intersection,At Intersection,Pedestrian Crossover,Clear,Daylight,Dry,Non-Fatal Injury,Pedestrian Collisions,Pedestrian,40 to 44,Major,,West,,,,,Pedestrian hit a PXO/ped. Mid-block signal,"Crossing, Pedestrian Crossover",Normal,,,,Yes,,Yes,,,,,,,Yes,,,,57,Broadview North,57,Broadview North (57),D55,14519
-8856047.91618074,5417107.00538303,80884912,,2017,2017/10/11 04:00:00+00,1140,KIPLING AVE,THE WESTWAY,153 m North of,Major Arterial,Etobicoke York,2,43.686839,-79.555232,Mid-Block,Non Intersection,No Control,Clear,Daylight,Dry,Non-Fatal Injury,Sideswipe,Driver,55 to 59,Major,,South,Passenger Van,Going Ahead,Driving Properly,Normal,,,,,,,,,Yes,,,,,Yes,,,,,,6,Kingsview Village-The Westway,6,Kingsview Village-The Westway (6),D23,14520
-8849894.73132714,5407301.1752862,80875490,,2018,2018/03/21 04:00:00+00,331,F G GARDINER XY  W,ROYAL YORK RD,,,Etobicoke York,3,43.623107,-79.499957,Mid-Block,Non Intersection,No Control,Clear,"Dark, artificial",Dry,Fatal,Rear End,Driver,30 to 34,Minor,,West,"Automobile, Station Wagon",Going Ahead,Exceeding Speed Limit,Normal,,,,,,,,,Yes,,,,,Yes,Yes,Yes,,,,160,Mimico-Queensway,17,Mimico (includes Humber Bay Shores) (17),D22,14521
-8859931.85321452,5428397.70857716,80943342,,2018,2018/05/11 04:00:00+00,209,2955 KIPLING AVE,,23 m North of,Local,Etobicoke York,1,43.760138,-79.590122,Mid-Block,At/Near Private Drive,No Control,Clear,Dark,Dry,Non-Fatal Injury,SMV Other,Passenger,25 to 29,Minor,,,,,,,,,,,,,,,Yes,,,,,Yes,Yes,Yes,,,,2,Mount Olive-Silverstone-Jamestown,2,Mount Olive-Silverstone-Jamestown (2),D23,14522
-8841000.86061022,5424654.9454021,80937667,,2018,2018/01/05 05:00:00+00,1412,AVENUE RD,DUNBLAINE AVE,,Major Arterial,North York,8,43.73585,-79.420062,Intersection,At Intersection,Traffic Controller,Clear,Daylight,Dry,Non-Fatal Injury,Pedestrian Collisions,Pedestrian,25 to 29,Minimal,,East,,,,,Vehicle turns left while ped crosses with ROW at inter.,Crossing with right of way,Normal,,,,Yes,,Yes,,,,,,,Yes,,,,39,Bedford Park-Nortown,39,Bedford Park-Nortown (39),D32,14523
-8838079.28057435,5412014.62016336,81141507,,2018,2018/09/11 04:00:00+00,2200,DUNDAS ST W,BEVERLEY ST,,Major Arterial,Toronto and East York,1110,43.65375,-79.393817,Intersection,At Intersection,Traffic Signal,Clear,"Dark, artificial",Dry,Non-Fatal Injury,Angle,Driver,35 to 39,None,,West,"Automobile, Station Wagon",Going Ahead,Driving Properly,Normal,,,,,,,,,Yes,,,,,Yes,,Yes,,,,78,Kensington-Chinatown,78,Kensington-Chinatown (78),D52,14524
-8832180.01547925,5423381.50706579,80897181,,2018,2018/02/16 05:00:00+00,1800,DON MILLS RD,BARBER GREENE RD,,Major Arterial,North York,16,43.727584,-79.340823,Intersection,At Intersection,Traffic Signal,Clear,"Dark, artificial",Dry,Non-Fatal Injury,Turning Movement,Driver,35 to 39,Minor,,South,"Automobile, Station Wagon",Going Ahead,Disobeyed Traffic Control,Inattentive,,,,,,,,,Yes,,,,,Yes,,Yes,Yes,,,42,Banbury-Don Mills,42,Banbury-Don Mills (42),D33,14525
-8845063.13146824,5413668.11790783,80947783,,2018,2018/07/21 04:00:00+00,529,DUPONT ST,OSLER ST,23 m West of,Major Arterial,Toronto and East York,9,43.664496,-79.456554,Intersection,Intersection Related,No Control,Clear,"Dawn, artificial",Dry,Non-Fatal Injury,SMV Other,Driver,65 to 69,Major,,West,"Automobile, Station Wagon",Going Ahead,Lost control,Medical or Physical Disability,,,,,,,,,Yes,,,,,,Yes,Yes,,,Yes,171,Junction-Wallace Emerson,93,Dovercourt-Wallace Emerson-Junction (93),D11,14526
-8849894.73132714,5407301.1752862,80875563,,2018,2018/03/21 04:00:00+00,331,F G GARDINER XY  W,ROYAL YORK RD,,,Etobicoke York,3,43.623107,-79.499957,Mid-Block,Non Intersection,No Control,Clear,"Dark, artificial",Dry,Fatal,Rear End,Driver,20 to 24,Minor,,West,"Automobile, Station Wagon",Pulling Away from Shoulder or Curb,Improper Lane Change,Inattentive,,,,,,,,,Yes,,,,,Yes,Yes,Yes,,,,160,Mimico-Queensway,17,Mimico (includes Humber Bay Shores) (17),D22,14527
-8856047.91618074,5417107.00538303,80884913,,2017,2017/10/11 04:00:00+00,1140,KIPLING AVE,THE WESTWAY,153 m North of,Major Arterial,Etobicoke York,2,43.686839,-79.555232,Mid-Block,Non Intersection,No Control,Clear,Daylight,Dry,Non-Fatal Injury,Sideswipe,Driver,45 to 49,None,,North,Delivery Van,Going Ahead,Driving Properly,Normal,,,,,,,,,Yes,,,,,Yes,,,,,,6,Kingsview Village-The Westway,6,Kingsview Village-The Westway (6),D23,14528
-8828559.46036069,5421906.01118593,80900229,,2018,2018/01/05 05:00:00+00,1455,SUNRISE AVE,BERMONDSEY RD,408 m East of,Collector,North York,1619,43.718005,-79.308299,Mid-Block,At/Near Private Drive,No Control,Clear,Daylight,Dry,Non-Fatal Injury,Turning Movement,Driver,20 to 24,Major,,West,"Automobile, Station Wagon",Going Ahead,Driving Properly,Normal,,,,,,,,,Yes,,,,,,,Yes,,,,43,Victoria Village,43,Victoria Village (43),D55,14529
-8832180.01547925,5423381.50706579,80897182,,2018,2018/02/16 05:00:00+00,1800,DON MILLS RD,BARBER GREENE RD,,Major Arterial,North York,16,43.727584,-79.340823,Intersection,At Intersection,Traffic Signal,Clear,"Dark, artificial",Dry,Non-Fatal Injury,Turning Movement,Driver,50 to 54,Minor,,North,"Automobile, Station Wagon",Turning Left,Improper Turn,Inattentive,,,,,,,,,Yes,,,,,Yes,,Yes,Yes,,,42,Banbury-Don Mills,42,Banbury-Don Mills (42),D33,14530
-8832319.38748172,5424084.91135233,80947909,,2018,2018/07/21 04:00:00+00,1548,DON MILLS  RD,THE DONWAY W,20 m South of,Major Arterial,North York,16,43.73215,-79.342075,Intersection,At Intersection,Traffic Signal,Clear,Daylight,Dry,Non-Fatal Injury,Turning Movement,Passenger,70 to 74,Minor,,,,,,,,,,,,,,,Yes,,,,,Yes,,,,,,42,Banbury-Don Mills,42,Banbury-Don Mills (42),D33,14531
-8846767.65551127,5420708.72085548,80939416,,2018,2018/03/21 04:00:00+00,1720,LAWRENCE AVE W,BENTON RD,10 m East of,Major Arterial,Etobicoke York,5,43.710231,-79.471866,Intersection,At Intersection,Traffic Signal,Clear,Daylight,Dry,Non-Fatal Injury,Angle,Driver,40 to 44,None,,East,"Automobile, Station Wagon",Going Ahead,Disobeyed Traffic Control,Normal,,,,,,,,,Yes,,,,,,,Yes,Yes,,,30,Brookhaven-Amesbury,30,Brookhaven-Amesbury (30),D12,14532
-8856047.91618074,5417107.00538303,80884914,,2017,2017/10/11 04:00:00+00,1140,KIPLING AVE,THE WESTWAY,153 m North of,Major Arterial,Etobicoke York,2,43.686839,-79.555232,Mid-Block,Non Intersection,No Control,Clear,Daylight,Dry,Non-Fatal Injury,Sideswipe,Driver,15 to 19,None,,North,"Automobile, Station Wagon",Changing Lanes,Improper Lane Change,Inattentive,,,,,,,,,Yes,,,,,Yes,,,,,,6,Kingsview Village-The Westway,6,Kingsview Village-The Westway (6),D23,14533
-8828559.46036069,5421906.01118593,80900230,,2018,2018/01/05 05:00:00+00,1455,SUNRISE AVE,BERMONDSEY RD,408 m East of,Collector,North York,1619,43.718005,-79.308299,Mid-Block,At/Near Private Drive,No Control,Clear,Daylight,Dry,Non-Fatal Injury,Turning Movement,Driver,50 to 54,None,,East,"Automobile, Station Wagon",Turning Left,Failed to Yield Right of Way,Normal,,,,,,,,,Yes,,,,,,,Yes,,,,43,Victoria Village,43,Victoria Village (43),D55,14534
-8832319.38748172,5424084.91135233,80947910,,2018,2018/07/21 04:00:00+00,1548,DON MILLS  RD,THE DONWAY W,20 m South of,Major Arterial,North York,16,43.73215,-79.342075,Intersection,At Intersection,Traffic Signal,Clear,Daylight,Dry,Non-Fatal Injury,Turning Movement,Passenger,60 to 64,Major,,,,,,,,,,,,,,,Yes,,,,,Yes,,,,,,42,Banbury-Don Mills,42,Banbury-Don Mills (42),D33,14535
-8846767.65551127,5420708.72085548,80939417,,2018,2018/03/21 04:00:00+00,1720,LAWRENCE AVE W,BENTON RD,10 m East of,Major Arterial,Etobicoke York,5,43.710231,-79.471866,Intersection,At Intersection,Traffic Signal,Clear,Daylight,Dry,Non-Fatal Injury,Angle,Driver,55 to 59,Major,,North,Passenger Van,Going Ahead,Driving Properly,Normal,,,,,,,,,Yes,,,,,,,Yes,Yes,,,30,Brookhaven-Amesbury,30,Brookhaven-Amesbury (30),D12,14536
-8835672.44186391,5413153.84932536,80889982,,2017,2017/10/11 04:00:00+00,1847,GERRARD  ST E,SHERBOURNE ST,22 m West of,Minor Arterial,Toronto and East York,13,43.661154,-79.372196,Intersection,At Intersection,Traffic Signal,Clear,"Dark, artificial",Dry,Non-Fatal Injury,SMV Other,Driver,60 to 64,Major,,East,"Bus (Other) (Go Bus, Gray Coach)",Going Ahead,Lost control,Unknown,,,,,,,,,,,,Yes,,,,,,,,73,Moss Park,73,Moss Park (73),D51,14537
-8853207.93333163,5416303.61663548,80791524,,2018,2018/01/07 05:00:00+00,1816,EGLINTON AVE W,ROYAL YORK RD,,Major Arterial,Etobicoke York,2,43.68162,-79.52972,Mid-Block,Non Intersection,Traffic Signal,Other,Daylight,Other,Fatal,Approaching,Driver,25 to 29,None,,East,"Automobile, Station Wagon",Going Ahead,Failed to Yield Right of Way,"Ability Impaired, Alcohol Over .08",,,,,,,,,Yes,,,,,,,Yes,,Yes,,9,Edenbridge-Humber Valley,9,Edenbridge-Humber Valley (9),D22,14538
-8859931.85321452,5428397.70857716,80943343,,2018,2018/05/11 04:00:00+00,209,2955 KIPLING AVE,,23 m North of,Local,Etobicoke York,1,43.760138,-79.590122,Mid-Block,At/Near Private Drive,No Control,Clear,Dark,Dry,Non-Fatal Injury,SMV Other,Driver,35 to 39,Major,,North,"Automobile, Station Wagon",Going Ahead,Exceeding Speed Limit,Unknown,,,,,,,,,Yes,,,,,Yes,Yes,Yes,,,,2,Mount Olive-Silverstone-Jamestown,2,Mount Olive-Silverstone-Jamestown (2),D23,14539
-8839007.57380807,5422988.38812553,80877082,,2018,2018/05/15 04:00:00+00,935,YONGE ST,LAWRENCE AVE E,,Major Arterial,North York,815,43.725032,-79.402156,Intersection,At Intersection,Traffic Signal,,Daylight,,Fatal,Pedestrian Collisions,Driver,85 to 89,None,,North,"Automobile, Station Wagon",Turning Right,Failed to Yield Right of Way,,,,,,,,Yes,,Yes,,,,,,,Yes,,,,103,Lawrence Park South,103,Lawrence Park South (103),D53,14540
-8838079.28057435,5412014.62016336,81141508,,2018,2018/09/11 04:00:00+00,2200,DUNDAS ST W,BEVERLEY ST,,Major Arterial,Toronto and East York,1110,43.65375,-79.393817,Intersection,At Intersection,Traffic Signal,Clear,"Dark, artificial",Dry,Non-Fatal Injury,Angle,Passenger,45 to 49,None,,,,,,,,,,,,,,,Yes,,,,,Yes,,Yes,,,,78,Kensington-Chinatown,78,Kensington-Chinatown (78),D52,14541
-8832319.38748172,5424084.91135233,80947911,,2018,2018/07/21 04:00:00+00,1548,DON MILLS  RD,THE DONWAY W,20 m South of,Major Arterial,North York,16,43.73215,-79.342075,Intersection,At Intersection,Traffic Signal,Clear,Daylight,Dry,Non-Fatal Injury,Turning Movement,Passenger,45 to 49,Minor,,,,,,,,,,,,,,,Yes,,,,,Yes,,,,,,42,Banbury-Don Mills,42,Banbury-Don Mills (42),D33,14542
-8842255.31995197,5419227.80102674,80937337,,2017,2017/10/11 04:00:00+00,1928,OLD PARK  RD,WEMBLEY  RD,4 m West of,Collector,North York,8,43.700614,-79.431331,Intersection,At Intersection,Stop Sign,Rain,"Dark, artificial",Wet,Non-Fatal Injury,Pedestrian Collisions,Pedestrian,80 to 84,Major,,North,,,,,Vehicle turns left while ped crosses with ROW at inter.,Crossing with right of way,Normal,,,,Yes,,Yes,,,,,,,Yes,,,,102,Forest Hill North,102,Forest Hill North (102),D13,14543
-8836660.06838622,5409855.02475081,80934830,,2018,2018/03/21 04:00:00+00,2305,QUEENS QUAY W,YORK ST,60 m West of,Minor Arterial,Toronto and East York,10,43.639712,-79.381068,Mid-Block,Non Intersection,No Control,Clear,"Dark, artificial",Dry,Non-Fatal Injury,Pedestrian Collisions,Pedestrian,45 to 49,Major,,South,,,,,Pedestrian hit at mid-block,Running onto Roadway,Inattentive,,,,Yes,,Yes,,,,,,,,,,,165,Harbourfront-CityPlace,77,Waterfront Communities-The Island (77),D52,14544