X,Y,INDEX_,ACCNUM,YEAR,DATE,TIME,STREET1,STREET2,OFFSET,ROAD_CLASS,DISTRICT,WARDNUM,LATITUDE,LONGITUDE,LOCCOORD,ACCLOC,TRAFFCTL,VISIBILITY,LIGHT,RDSFCOND,ACCLASS,IMPACTYPE,INVTYPE,INVAGE,INJURY,FATAL_NO,INITDIR,VEHTYPE,MANOEUVER,DRIVACT,DRIVCOND,PEDTYPE,PEDACT,PEDCOND,CYCLISTYPE,CYCACT,CYCCOND,PEDESTRIAN,CYCLIST,AUTOMOBILE,MOTORCYCLE,TRUCK,TRSN_CITY_VEH,EMERG_VEH,PASSENGER,SPEEDING,AG_DRIV,REDLIGHT,ALCOHOL,DISABILITY,HOOD_158,NEIGHBOURHOOD_158,HOOD_140,NEIGHBOURHOOD_140,DIVISION,ObjectId
-8853207.93333163,5416303.61663548,80792369,,2018,2018/01/07 05:00:00+00,1816,EGLINTON AVE W,ROYAL YORK RD,,Major Arterial,Etobicoke York,2,43.68162,-79.52972,Mid-Block,Non Intersection,Traffic Signal,Other,Daylight,Other,Fatal,Approaching,Driver,85 to 89,Fatal,3,West,"Automobile, Station Wagon",Going Ahead,Driving Properly,Unknown,,,,,,,,,Yes,,,,,,,Yes,,Yes,,9,Edenbridge-Humber Valley,9,Edenbridge-Humber Valley (9),D22,14545
-8839007.57380807,5422988.38812553,80877083,,2018,2018/05/15 04:00:00+00,935,YONGE ST,LAWRENCE AVE E,,Major Arterial,North York,815,43.725032,-79.402156,Intersection,At Intersection,Traffic Signal,,Daylight,,Fatal,Pedestrian Collisions,Pedestrian,70 to 74,Fatal,24,Unknown,,,,,Vehicle turns right while ped crosses with ROW at inter.,Crossing with right of way,,,,,Yes,,Yes,,,,,,,Yes,,,,103,Lawrence Park South,103,Lawrence Park South (103),D53,14546
-8845322.17192332,5409546.92586744,80941372,,2018,2018/05/15 04:00:00+00,1558,LAKE SHORE BV W,COLBORNE LODGE DR,,Major Arterial,Toronto and East York,4,43.637709,-79.458881,Intersection,At Intersection,Traffic Signal,Clear,Daylight,Dry,Fatal,Cyclist Collisions,Driver,25 to 29,None,,East,"Automobile, Station Wagon",Going Ahead,Disobeyed Traffic Control,Inattentive,,,,,,,,Yes,Yes,,,,,,,Yes,Yes,,,85,South Parkdale,85,South Parkdale (85),D11,14547
-8832319.38748172,5424084.91135233,80947912,,2018,2018/07/21 04:00:00+00,1548,DON MILLS  RD,THE DONWAY W,20 m South of,Major Arterial,North York,16,43.73215,-79.342075,Intersection,At Intersection,Traffic Signal,Clear,Daylight,Dry,Non-Fatal Injury,Turning Movement,Passenger,10 to 14,Minor,,,,,,,,,,,,,,,Yes,,,,,Yes,,,,,,42,Banbury-Don Mills,42,Banbury-Don Mills (42),D33,14548
-8849133.75128808,5404298.67074672,81449963,,2018,2018/02/16 05:00:00+00,2130,LAKE SHORE BLVD W,ROYAL YORK RD,150 m West of,Major Arterial,Etobicoke York,3,43.603579,-79.493121,Mid-Block,Non Intersection,No Control,Clear,"Dark, artificial",Dry,Non-Fatal Injury,SMV Other,Driver,50 to 54,None,,East,"Automobile, Station Wagon",Going Ahead,Lost control,"Ability Impaired, Alcohol Over .08",,,,,,,,,Yes,,,,,Yes,,,,Yes,,160,Mimico-Queensway,17,Mimico (includes Humber Bay Shores) (17),D22,14549
-8842255.31995197,5419227.80102674,80937359,,2017,2017/10/11 04:00:00+00,1928,OLD PARK  RD,WEMBLEY  RD,4 m West of,Collector,North York,8,43.700614,-79.431331,Intersection,At Intersection,Stop Sign,Rain,"Dark, artificial",Wet,Non-Fatal Injury,Pedestrian Collisions,Driver,55 to 59,None,,North,"Automobile, Station Wagon",Turning Left,Failed to Yield Right of Way,Normal,,,,,,,Yes,,Yes,,,,,,,Yes,,,,102,Forest Hill North,102,Forest Hill North (102),D13,14550
-8836660.06838622,5409855.02475081,80934831,,2018,2018/03/21 04:00:00+00,2305,QUEENS QUAY W,YORK ST,60 m West of,Minor Arterial,Toronto and East York,10,43.639712,-79.381068,Mid-Block,Non Intersection,No Control,Clear,"Dark, artificial",Dry,Non-Fatal Injury,Pedestrian Collisions,Driver,65 to 69,None,,East,"Automobile, Station Wagon",Going Ahead,Driving Properly,Normal,,,,,,,Yes,,Yes,,,,,,,,,,,165,Harbourfront-CityPlace,77,Waterfront Communities-The Island (77),D52,14551
-8821529.85715607,5440396.40886881,80792370,,2018,2018/01/07 05:00:00+00,2151,STEELES AVE E,EASTVALE  DR,E of,Major Arterial,Scarborough,23,43.837935,-79.245151,Intersection,Intersection Related,No Control,Other,Dark,Other,Fatal,Pedestrian Collisions,Driver,60 to 64,None,,West,"Automobile, Station Wagon",Going Ahead,Driving Properly,Unknown,,,,,,,Yes,,Yes,,,,,,,,,,,144,Morningside Heights,131,Rouge (131),D42,14552
-8832812.75546492,5424744.92156232,80950727,,2018,2018/09/12 04:00:00+00,1115,LAWRENCE AVE E,THE DONWAY  W,,Major Arterial,North York,16,43.736434,-79.346507,Intersection,At Intersection,Traffic Signal,Clear,Daylight,Dry,Non-Fatal Injury,Pedestrian Collisions,Driver,80 to 84,None,,East,"Automobile, Station Wagon",Going Ahead,Disobeyed Traffic Control,Inattentive,,,,,,,Yes,,Yes,,,,,,,Yes,Yes,,,42,Banbury-Don Mills,42,Banbury-Don Mills (42),D33,14553
-8845322.17192332,5409546.92586744,80941373,,2018,2018/05/15 04:00:00+00,1558,LAKE SHORE BV W,COLBORNE LODGE DR,,Major Arterial,Toronto and East York,4,43.637709,-79.458881,Intersection,At Intersection,Traffic Signal,Clear,Daylight,Dry,Fatal,Cyclist Collisions,Cyclist,35 to 39,Fatal,30,South,Bicycle,Going Ahead,,,,,,"Motorist without ROW drives into path of cyclist at inter, lnwy, dwy-Driver not turn.",Driving Properly,Normal,,Yes,Yes,,,,,,,Yes,Yes,,,85,South Parkdale,85,South Parkdale (85),D11,14554
-8832319.38748172,5424084.91135233,80947913,,2018,2018/07/21 04:00:00+00,1548,DON MILLS  RD,THE DONWAY W,20 m South of,Major Arterial,North York,16,43.73215,-79.342075,Intersection,At Intersection,Traffic Signal,Clear,Daylight,Dry,Non-Fatal Injury,Turning Movement,Driver,40 to 44,None,,North,"Automobile, Station Wagon",Turning Left,Improper Turn,Normal,,,,,,,,,Yes,,,,,Yes,,,,,,42,Banbury-Don Mills,42,Banbury-Don Mills (42),D33,14555
-8820182.00076155,5428085.59950412,80933834,,2017,2017/10/16 04:00:00+00,1800,LAWRENCE AVE E,GREENCEDAR CRCT,,Major Arterial,Scarborough,24,43.758113,-79.233043,Intersection,At Intersection,Traffic Signal,Clear,"Dark, artificial",Dry,Non-Fatal Injury,Turning Movement,Passenger,45 to 49,Major,,,,,,,,,,,,,,,Yes,,,,,Yes,,Yes,Yes,,,141,Golfdale-Cedarbrae-Woburn,137,Woburn (137),D43,14556
-8821529.85715607,5440396.40886881,80792371,,2018,2018/01/07 05:00:00+00,2151,STEELES AVE E,EASTVALE  DR,E of,Major Arterial,Scarborough,23,43.837935,-79.245151,Intersection,Intersection Related,No Control,Other,Dark,Other,Fatal,Pedestrian Collisions,Pedestrian,20 to 24,Fatal,4,North,,,,,Pedestrian hit at mid-block,"Crossing, no Traffic Control",Unknown,,,,Yes,,Yes,,,,,,,,,,,144,Morningside Heights,131,Rouge (131),D42,14557
-8824863.31930788,5423826.86697753,80792374,,2018,2018/01/09 05:00:00+00,1817,EGLINTON AVE E,ROSEMOUNT DR,W of,Major Arterial,Scarborough,2120,43.730475,-79.275096,Mid-Block,Non Intersection,No Control,Clear,Dark,Wet,Fatal,Pedestrian Collisions,Driver,45 to 49,None,,West,Delivery Van,Going Ahead,Driving Properly,Normal,,,,,,,Yes,,Yes,,,,,,,,,,,125,Ionview,125,Ionview (125),D41,14558
-8851332.64518972,5403595.54167937,80877068,,2018,2018/05/15 04:00:00+00,2237,LAKE SHORE BLVD W,THIRTEENTH ST,,Major Arterial,Etobicoke York,3,43.599005,-79.512874,Intersection,Intersection Related,No Control,,Dark,,Fatal,Sideswipe,Driver,20 to 24,None,,East,"Automobile, Station Wagon",Changing Lanes,Improper Lane Change,"Ability Impaired, Alcohol Over .08",,,,,,,,,Yes,,,,,Yes,Yes,Yes,,Yes,,18,New Toronto,18,New Toronto (18),D22,14559
-8832319.38748172,5424084.91135233,80947914,,2018,2018/07/21 04:00:00+00,1548,DON MILLS  RD,THE DONWAY W,20 m South of,Major Arterial,North York,16,43.73215,-79.342075,Intersection,At Intersection,Traffic Signal,Clear,Daylight,Dry,Non-Fatal Injury,Turning Movement,Driver,25 to 29,Minor,,South,"Automobile, Station Wagon",Going Ahead,Driving Properly,Normal,,,,,,,,,Yes,,,,,Yes,,,,,,42,Banbury-Don Mills,42,Banbury-Don Mills (42),D33,14560
-8849133.75128808,5404298.67074672,81449964,,2018,2018/02/16 05:00:00+00,2130,LAKE SHORE BLVD W,ROYAL YORK RD,150 m West of,Major Arterial,Etobicoke York,3,43.603579,-79.493121,Mid-Block,Non Intersection,No Control,Clear,"Dark, artificial",Dry,Non-Fatal Injury,SMV Other,Passenger,50 to 54,Major,,,,,,,,,,,,,,,Yes,,,,,Yes,,,,Yes,,160,Mimico-Queensway,17,Mimico (includes Humber Bay Shores) (17),D22,14561
-8820182.00076155,5428085.59950412,80933835,,2017,2017/10/16 04:00:00+00,1800,LAWRENCE AVE E,GREENCEDAR CRCT,,Major Arterial,Scarborough,24,43.758113,-79.233043,Intersection,At Intersection,Traffic Signal,Clear,"Dark, artificial",Dry,Non-Fatal Injury,Turning Movement,Passenger,15 to 19,None,,,,,,,,,,,,,,,Yes,,,,,Yes,,Yes,Yes,,,141,Golfdale-Cedarbrae-Woburn,137,Woburn (137),D43,14562
-8837962.95170647,5432737.35040886,80792373,,2018,2018/02/17 05:00:00+00,2319,3230 BAYVIEW AVE,,,Major Arterial,North York,1817,43.788287,-79.392772,Mid-Block,Non Intersection,No Control,,Dark,,Fatal,SMV Other,Driver,45 to 49,Fatal,10,West,"Automobile, Station Wagon",Going Ahead,Exceeding Speed Limit,Unknown,,,,,,,,,Yes,,,,,,Yes,Yes,,,,49,Bayview Woods-Steeles,49,Bayview Woods-Steeles (49),D33,14563
-8836808.79122592,5425173.39884416,81005231,188016123,2018,2018/03/24 04:00:00+00,1700,BAYVIEW AVE,THE BRIDLE PATH,,Major Arterial,North York,15,43.739215,-79.382404,Mid-Block,Non Intersection,No Control,Clear,Daylight,Dry,Non-Fatal Injury,Pedestrian Collisions,Driver,unknown,None,,North,"Automobile, Station Wagon",Changing Lanes,Driving Properly,Unknown,,,,,,,Yes,,Yes,,,,,,,,,,,41,Bridle Path-Sunnybrook-York Mills,41,Bridle Path-Sunnybrook-York Mills (41),D33,14564
-8832812.75546492,5424744.92156232,80950728,,2018,2018/09/12 04:00:00+00,1115,LAWRENCE AVE E,THE DONWAY  W,,Major Arterial,North York,16,43.736434,-79.346507,Intersection,At Intersection,Traffic Signal,Clear,Daylight,Dry,Non-Fatal Injury,Pedestrian Collisions,Driver,60 to 64,None,,North,"Automobile, Station Wagon",Going Ahead,Driving Properly,Normal,,,,,,,Yes,,Yes,,,,,,,Yes,Yes,,,42,Banbury-Don Mills,42,Banbury-Don Mills (42),D33,14565
-8820182.00076155,5428085.59950412,80933836,,2017,2017/10/16 04:00:00+00,1800,LAWRENCE AVE E,GREENCEDAR CRCT,,Major Arterial,Scarborough,24,43.758113,-79.233043,Intersection,At Intersection,Traffic Signal,Clear,"Dark, artificial",Dry,Non-Fatal Injury,Turning Movement,Driver,50 to 54,Minor,,West,"Automobile, Station Wagon",Turning Left,Driving Properly,Normal,,,,,,,,,Yes,,,,,Yes,,Yes,Yes,,,141,Golfdale-Cedarbrae-Woburn,137,Woburn (137),D43,14566
-8824863.31930788,5423826.86697753,80792380,,2018,2018/01/09 05:00:00+00,1817,EGLINTON AVE E,ROSEMOUNT DR,W of,Major Arterial,Scarborough,2120,43.730475,-79.275096,Mid-Block,Non Intersection,No Control,Clear,Dark,Wet,Fatal,Pedestrian Collisions,Pedestrian,70 to 74,Fatal,5,North,,,,,Pedestrian hit at mid-block,"Crossing, no Traffic Control",Normal,,,,Yes,,Yes,,,,,,,,,,,125,Ionview,125,Ionview (125),D41,14567
-8818972.62581357,5431225.66705238,80947413,,2018,2018/07/22 04:00:00+00,2046,ELLESMERE RD,SCARBOROUGH GOLF CLUB RD,20 m West of,Major Arterial,Scarborough,24,43.778483,-79.222179,Intersection,Non Intersection,No Control,Clear,"Dark, artificial",Dry,Non-Fatal Injury,SMV Other,Motorcycle Driver,20 to 24,Major,,West,Motorcycle,Going Ahead,Lost control,Normal,,,,,,,,,,Yes,,,,,,,,,,135,Morningside,135,Morningside (135),D43,14568
-8851332.64518972,5403595.54167937,80877078,,2018,2018/05/15 04:00:00+00,2237,LAKE SHORE BLVD W,THIRTEENTH ST,,Major Arterial,Etobicoke York,3,43.599005,-79.512874,Intersection,Intersection Related,No Control,,Dark,,Fatal,Sideswipe,Passenger,25 to 29,Fatal,23,,,,,,,,,,,,,,Yes,,,,,Yes,Yes,Yes,,Yes,,18,New Toronto,18,New Toronto (18),D22,14569
-8853842.34310966,5420949.58335324,81130175,,2018,2018/02/18 05:00:00+00,1442,401 C E WESTON RD RAMP,WESTON RD,,Major Arterial,Etobicoke York,5,43.711795,-79.535419,Intersection,At Intersection,Traffic Signal,Clear,Daylight,Dry,Non-Fatal Injury,Turning Movement,Driver,35 to 39,None,,East,"Automobile, Station Wagon",Turning Right,Disobeyed Traffic Control,Inattentive,,,,,,,,,Yes,,,,,Yes,,Yes,Yes,,,23,Pelmo Park-Humberlea,23,Pelmo Park-Humberlea (23),D12,14570
-8851332.64518972,5403595.54167937,80877079,,2018,2018/05/15 04:00:00+00,2237,LAKE SHORE BLVD W,THIRTEENTH ST,,Major Arterial,Etobicoke York,3,43.599005,-79.512874,Intersection,Intersection Related,No Control,,Dark,,Fatal,Sideswipe,Other,unknown,None,,East,School Bus,Parked,,,,,,,,,,,Yes,,,,,Yes,Yes,Yes,,Yes,,18,New Toronto,18,New Toronto (18),D22,14571
-8836808.79122592,5425173.39884416,81005232,188016123,2018,2018/03/24 04:00:00+00,1700,BAYVIEW AVE,THE BRIDLE PATH,,Major Arterial,North York,15,43.739215,-79.382404,Mid-Block,Non Intersection,No Control,Clear,Daylight,Dry,Non-Fatal Injury,Pedestrian Collisions,Pedestrian,25 to 29,Major,,Unknown,,,,,Pedestrian hit at mid-block,Other,Unknown,,,,Yes,,Yes,,,,,,,,,,,41,Bridle Path-Sunnybrook-York Mills,41,Bridle Path-Sunnybrook-York Mills (41),D33,14572
-8832812.75546492,5424744.92156232,80950729,,2018,2018/09/12 04:00:00+00,1115,LAWRENCE AVE E,THE DONWAY  W,,Major Arterial,North York,16,43.736434,-79.346507,Intersection,At Intersection,Traffic Signal,Clear,Daylight,Dry,Non-Fatal Injury,Pedestrian Collisions,Pedestrian,80 to 84,Major,,North,,,,,Vehicle is going straight thru inter.while ped cross with ROW,Crossing with right of way,Normal,,,,Yes,,Yes,,,,,,,Yes,Yes,,,42,Banbury-Don Mills,42,Banbury-Don Mills (42),D33,14573
-8820182.00076155,5428085.59950412,80933837,,2017,2017/10/16 04:00:00+00,1800,LAWRENCE AVE E,GREENCEDAR CRCT,,Major Arterial,Scarborough,24,43.758113,-79.233043,Intersection,At Intersection,Traffic Signal,Clear,"Dark, artificial",Dry,Non-Fatal Injury,Turning Movement,Driver,45 to 49,Minor,,East,"Automobile, Station Wagon",Going Ahead,Disobeyed Traffic Control,Inattentive,,,,,,,,,Yes,,,,,Yes,,Yes,Yes,,,141,Golfdale-Cedarbrae-Woburn,137,Woburn (137),D43,14574
-8839090.84078719,5423409.08147583,80943074,,2018,2018/01/11 05:00:00+00,923,YONGE ST,RANLEIGH AVE,,Major Arterial,North York,815,43.727763,-79.402904,Intersection,At Intersection,Traffic Signal,Clear,Daylight,Wet,Non-Fatal Injury,Pedestrian Collisions,Pedestrian,70 to 74,Major,,East,,,,,Vehicle turns left while ped crosses with ROW at inter.,Crossing with right of way,Inattentive,,,,Yes,,Yes,,,,,,,,,,,105,Lawrence Park North,105,Lawrence Park North (105),D32,14575
-8837251.28620183,5412684.38495979,80947486,,2018,2018/07/24 04:00:00+00,1505,ELIZABETH ST,GERRARD ST W,,Minor Arterial,Toronto and East York,11,43.658103,-79.386379,Intersection,At Intersection,Traffic Signal,Clear,Daylight,Dry,Non-Fatal Injury,Pedestrian Collisions,Driver,60 to 64,None,,North,"Automobile, Station Wagon",Turning Left,Failed to Yield Right of Way,Normal,,,,,,,Yes,,Yes,,,,,,,Yes,,,,170,Yonge-Bay Corridor,76,Bay Street Corridor (76),D52,14576
-8835786.2103835,5412000.00373809,80942711,,2018,2018/05/16 04:00:00+00,55,QUEEN ST E,JARVIS ST,,Major Arterial,Toronto and East York,13,43.653655,-79.373218,Intersection,At Intersection,Traffic Signal,Clear,"Dark, artificial",Dry,Non-Fatal Injury,Cyclist Collisions,Driver,55 to 59,None,,East,Intercity Bus,Turning Right,Driving Properly,Normal,,,,,,,,Yes,,,,Yes,,,,,,,,73,Moss Park,73,Moss Park (73),D51,14577
-8852137.81906663,5429565.47552859,80942643,,2018,2018/03/24 04:00:00+00,1914,JANE ST,SHOREHAM DR,70 m South of,Major Arterial,North York,7,43.767714,-79.520107,Mid-Block,Non Intersection,No Control,Clear,Daylight,Dry,Non-Fatal Injury,Approaching,Driver,35 to 39,Major,,South,"Automobile, Station Wagon",Going Ahead,Driving Properly,Normal,,,,,,,,,Yes,,,,,,Yes,Yes,,,,24,Black Creek,24,Black Creek (24),D31,14578
-8843897.05980218,5416900.26348902,80950784,,2018,2018/09/12 04:00:00+00,1205,DUFFERIN ST,ROGERS RD,,Major Arterial,North York,912,43.685496,-79.446079,Intersection,At Intersection,Traffic Signal,Clear,Daylight,Dry,Non-Fatal Injury,Pedestrian Collisions,Driver,60 to 64,Minimal,,East,"Automobile, Station Wagon",Going Ahead,Disobeyed Traffic Control,Normal,,,,,,,Yes,,Yes,,Yes,,,,,Yes,Yes,,,107,Oakwood Village,107,Oakwood Village (107),D13,14579
-8830589.3712753,5417673.06774757,80784701,,2017,2017/10/17 04:00:00+00,1143,COXWELL AVE,MORTIMER AVE,,Minor Arterial,Toronto and East York,1419,43.690516,-79.326534,Intersection,At Intersection,Traffic Signal,Clear,Daylight,Dry,Non-Fatal Injury,Pedestrian Collisions,Driver,65 to 69,None,,South,"Automobile, Station Wagon",Turning Left,Failed to Yield Right of Way,Normal,,,,,,,Yes,,Yes,,,,,,,Yes,,,,59,Danforth East York,59,Danforth East York (59),D55,14580
-8839090.84078719,5423409.08147583,80943075,,2018,2018/01/11 05:00:00+00,923,YONGE ST,RANLEIGH AVE,,Major Arterial,North York,815,43.727763,-79.402904,Intersection,At Intersection,Traffic Signal,Clear,Daylight,Wet,Non-Fatal Injury,Pedestrian Collisions,Driver,50 to 54,None,,West,Pick Up Truck,Turning Left,Improper Turn,Fatigue,,,,,,,Yes,,Yes,,,,,,,,,,,105,Lawrence Park North,105,Lawrence Park North (105),D32,14581
-8837251.28620183,5412684.38495979,80947487,,2018,2018/07/24 04:00:00+00,1505,ELIZABETH ST,GERRARD ST W,,Minor Arterial,Toronto and East York,11,43.658103,-79.386379,Intersection,At Intersection,Traffic Signal,Clear,Daylight,Dry,Non-Fatal Injury,Pedestrian Collisions,Pedestrian,25 to 29,Major,,South,,,,,Vehicle turns left while ped crosses with ROW at inter.,Crossing with right of way,Normal,,,,Yes,,Yes,,,,,,,Yes,,,,170,Yonge-Bay Corridor,76,Bay Street Corridor (76),D52,14582
-8835786.2103835,5412000.00373809,80942712,,2018,2018/05/16 04:00:00+00,55,QUEEN ST E,JARVIS ST,,Major Arterial,Toronto and East York,13,43.653655,-79.373218,Intersection,At Intersection,Traffic Signal,Clear,"Dark, artificial",Dry,Non-Fatal Injury,Cyclist Collisions,Cyclist,30 to 34,Major,,West,Bicycle,Going Ahead,,,,,,"Cyclist without ROW rides into path of motorist at inter, lnwy, dwy-Cyclist not turn.",Disobeyed Traffic Control,Unknown,,Yes,,,,Yes,,,,,,,,73,Moss Park,73,Moss Park (73),D51,14583
-8853842.34310966,5420949.58335324,81130176,,2018,2018/02/18 05:00:00+00,1442,401 C E WESTON RD RAMP,WESTON RD,,Major Arterial,Etobicoke York,5,43.711795,-79.535419,Intersection,At Intersection,Traffic Signal,Clear,Daylight,Dry,Non-Fatal Injury,Turning Movement,Driver,20 to 24,Minor,,South,"Automobile, Station Wagon",Going Ahead,Driving Properly,Normal,,,,,,,,,Yes,,,,,Yes,,Yes,Yes,,,23,Pelmo Park-Humberlea,23,Pelmo Park-Humberlea (23),D12,14584
-8852137.81906663,5429565.47552859,80942644,,2018,2018/03/24 04:00:00+00,1914,JANE ST,SHOREHAM DR,70 m South of,Major Arterial,North York,7,43.767714,-79.520107,Mid-Block,Non Intersection,No Control,Clear,Daylight,Dry,Non-Fatal Injury,Approaching,Driver,20 to 24,Major,,North,"Automobile, Station Wagon",Going Ahead,Exceeding Speed Limit,Unknown,,,,,,,,,Yes,,,,,,Yes,Yes,,,,24,Black Creek,24,Black Creek (24),D31,14585
-8829868.24361394,5434453.94511326,80932816,,2018,2018/03/26 04:00:00+00,1604,BRIDLETOWNE CRCL,BEVERLY GLEN BLVD,,Minor Arterial,Scarborough,22,43.799418,-79.320056,Intersection,At Intersection,Traffic Signal,Clear,Daylight,Dry,Non-Fatal Injury,Pedestrian Collisions,Pedestrian,80 to 84,Major,,East,,,,,Vehicle turns left while ped crosses with ROW at inter.,Crossing with right of way,Normal,,,,Yes,,Yes,,,,,,,Yes,,,,147,L'Amoreaux West,117,L'Amoreaux (117),D42,14586
-8830589.3712753,5417673.06774757,80784702,,2017,2017/10/17 04:00:00+00,1143,COXWELL AVE,MORTIMER AVE,,Minor Arterial,Toronto and East York,1419,43.690516,-79.326534,Intersection,At Intersection,Traffic Signal,Clear,Daylight,Dry,Non-Fatal Injury,Pedestrian Collisions,Pedestrian,85 to 89,Major,,North,,,,,Vehicle turns left while ped crosses with ROW at inter.,Crossing with right of way,Normal,,,,Yes,,Yes,,,,,,,Yes,,,,59,Danforth East York,59,Danforth East York (59),D55,14587
-8838581.22015833,5420158.79557702,80942218,,2018,2018/01/11 05:00:00+00,1727,YONGE ST,EGLINTON AVE E,,Major Arterial,Toronto and East York,812,43.70666,-79.398326,Intersection,At Intersection,Traffic Signal,Rain,"Dark, artificial",Wet,Non-Fatal Injury,Pedestrian Collisions,Pedestrian,60 to 64,Major,,North,,,,,Pedestrian involved in a collision with transit vehicle anywhere along roadway,Crossing without right of way,Inattentive,,,,Yes,,,,,Yes,,,,,,,,174,South Eglinton-Davisville,104,Mount Pleasant West (104),D53,14588
-8840225.52035684,5431099.24210143,80948656,,2018,2018/07/25 04:00:00+00,45,DORIS AVE,HOLMES AVE,42 m South,Minor Arterial,North York,18,43.777663,-79.413097,Mid-Block,Non Intersection,No Control,Clear,"Dark, artificial",Wet,Fatal,SMV Other,Driver,20 to 24,Fatal,36,North,"Automobile, Station Wagon",Going Ahead,Exceeding Speed Limit,Unknown,,,,,,,,,Yes,,,,,,Yes,Yes,,,,151,Yonge-Doris,51,Willowdale East (51),D32,14589
-8831451.31809252,5413914.64459677,80877084,,2018,2018/05/16 04:00:00+00,800,JONES AVE,DUNDAS ST E,,Minor Arterial,Toronto and East York,14,43.666098,-79.334277,Intersection,At Intersection,Traffic Signal,Clear,Daylight,Dry,Fatal,Cyclist Collisions,Truck Driver,25 to 29,None,,West,"Truck - Closed (Blazer, etc)",Turning Right,Failed to Yield Right of Way,Normal,,,,,,,,Yes,,,Yes,,,,,Yes,,,,70,South Riverdale,70,South Riverdale (70),D55,14590
-8853842.34310966,5420949.58335324,81130177,,2018,2018/02/18 05:00:00+00,1442,401 C E WESTON RD RAMP,WESTON RD,,Major Arterial,Etobicoke York,5,43.711795,-79.535419,Intersection,At Intersection,Traffic Signal,Clear,Daylight,Dry,Non-Fatal Injury,Turning Movement,Driver,35 to 39,Major,,North,"Automobile, Station Wagon",Changing Lanes,Driving Properly,Normal,,,,,,,,,Yes,,,,,Yes,,Yes,Yes,,,23,Pelmo Park-Humberlea,23,Pelmo Park-Humberlea (23),D12,14591
-8843897.05980218,5416900.26348902,80950785,,2018,2018/09/12 04:00:00+00,1205,DUFFERIN ST,ROGERS RD,,Major Arterial,North York,912,43.685496,-79.446079,Intersection,At Intersection,Traffic Signal,Clear,Daylight,Dry,Non-Fatal Injury,Pedestrian Collisions,Truck Driver,45 to 49,Minimal,,North,"Truck - Closed (Blazer, etc)",Going Ahead,Driving Properly,Normal,,,,,,,Yes,,Yes,,Yes,,,,,Yes,Yes,,,107,Oakwood Village,107,Oakwood Village (107),D13,14592
-8842310.5344194,5409583.99563389,80784510,,2017,2017/10/18 04:00:00+00,906,COWAN AVE,KING  ST W,,Major Arterial,Toronto and East York,4,43.63795,-79.431827,Intersection,At Intersection,Stop Sign,Clear,Daylight,Dry,Fatal,Cyclist Collisions,Cyclist,35 to 39,Fatal,50,East,Bicycle,Going Ahead,,,,,,"Motorist without ROW drives into path of cyclist at inter, lnwy, dwy-Driver not turn.",Driving Properly,Normal,,Yes,Yes,,,Yes,,,,Yes,,,,85,South Parkdale,85,South Parkdale (85),D14,14593
-8838581.22015833,5420158.79557702,80942219,,2018,2018/01/11 05:00:00+00,1727,YONGE ST,EGLINTON AVE E,,Major Arterial,Toronto and East York,812,43.70666,-79.398326,Intersection,At Intersection,Traffic Signal,Rain,"Dark, artificial",Wet,Non-Fatal Injury,Pedestrian Collisions,Driver,45 to 49,None,,West,Municipal Transit Bus (TTC),Going Ahead,Driving Properly,Normal,,,,,,,Yes,,,,,Yes,,,,,,,,174,South Eglinton-Davisville,104,Mount Pleasant West (104),D53,14594
-8843147.87962915,5418820.69365005,80948667,,2018,2018/07/26 04:00:00+00,58,EGLINTON AVE W,MARLEE AVE,,Major Arterial,North York,812,43.69797,-79.439349,Intersection,At Intersection,Traffic Signal,Clear,Dark,Dry,Fatal,Pedestrian Collisions,Truck Driver,35 to 39,None,,West,Truck - Dump,Going Ahead,Failed to Yield Right of Way,Unknown,,,,,,,Yes,,,,Yes,,,,,Yes,,,,107,Oakwood Village,107,Oakwood Village (107),D13,14595
-8843147.87962915,5418820.69365005,80948669,,2018,2018/07/26 04:00:00+00,58,EGLINTON AVE W,MARLEE AVE,,Major Arterial,North York,812,43.69797,-79.439349,Intersection,At Intersection,Traffic Signal,Clear,Dark,Dry,Fatal,Pedestrian Collisions,Pedestrian,55 to 59,Fatal,37,South,,,,,Vehicle is going straight thru inter.while ped cross with ROW,Crossing with right of way,Unknown,,,,Yes,,,,Yes,,,,,Yes,,,,107,Oakwood Village,107,Oakwood Village (107),D13,14596
-8853842.34310966,5420949.58335324,81130178,,2018,2018/02/18 05:00:00+00,1442,401 C E WESTON RD RAMP,WESTON RD,,Major Arterial,Etobicoke York,5,43.711795,-79.535419,Intersection,At Intersection,Traffic Signal,Clear,Daylight,Dry,Non-Fatal Injury,Turning Movement,Driver,85 to 89,None,,North,"Automobile, Station Wagon",Slowing or Stopping,Driving Properly,Normal,,,,,,,,,Yes,,,,,Yes,,Yes,Yes,,,23,Pelmo Park-Humberlea,23,Pelmo Park-Humberlea (23),D12,14597
-8843897.05980218,5416900.26348902,80950786,,2018,2018/09/12 04:00:00+00,1205,DUFFERIN ST,ROGERS RD,,Major Arterial,North York,912,43.685496,-79.446079,Intersection,At Intersection,Traffic Signal,Clear,Daylight,Dry,Non-Fatal Injury,Pedestrian Collisions,Driver,55 to 59,None,,West,Pick Up Truck,Stopped,Driving Properly,Normal,,,,,,,Yes,,Yes,,Yes,,,,,Yes,Yes,,,107,Oakwood Village,107,Oakwood Village (107),D13,14598