X,Y,INDEX_,ACCNUM,YEAR,DATE,TIME,STREET1,STREET2,OFFSET,ROAD_CLASS,DISTRICT,WARDNUM,LATITUDE,LONGITUDE,LOCCOORD,ACCLOC,TRAFFCTL,VISIBILITY,LIGHT,RDSFCOND,ACCLASS,IMPACTYPE,INVTYPE,INVAGE,INJURY,FATAL_NO,INITDIR,VEHTYPE,MANOEUVER,DRIVACT,DRIVCOND,PEDTYPE,PEDACT,PEDCOND,CYCLISTYPE,CYCACT,CYCCOND,PEDESTRIAN,CYCLIST,AUTOMOBILE,MOTORCYCLE,TRUCK,TRSN_CITY_VEH,EMERG_VEH,PASSENGER,SPEEDING,AG_DRIV,REDLIGHT,ALCOHOL,DISABILITY,HOOD_158,NEIGHBOURHOOD_158,HOOD_140,NEIGHBOURHOOD_140,DIVISION,ObjectId
-8844066.04278921,5430367.09071726,80887943,,2018,2018/02/19 05:00:00+00,617,537 FINCH AVE W,,11 m East of,Major Arterial,North York,6,43.772914,-79.447597,Mid-Block,Non Intersection,No Control,Clear,"Dark, artificial",Dry,Non-Fatal Injury,Approaching,Driver,25 to 29,Minor,,East,Passenger Van,Going Ahead,Lost control,Had Been Drinking,,,,,,,,,Yes,,,,,,,Yes,,,,35,Westminster-Branson,35,Westminster-Branson (35),D32,14652
-8854144.68684665,5402722.46935531,80919709,,2017,2017/10/21 04:00:00+00,1310,LAKE SHORE BLVD W,THIRTY SEVENTH ST,,Major Arterial,Etobicoke York,3,43.593325,-79.538135,Intersection,At Intersection,Traffic Signal,Clear,Daylight,Dry,Non-Fatal Injury,Turning Movement,Motorcycle Driver,25 to 29,Major,,West,Motorcycle,Going Ahead,Driving Properly,Normal,,,,,,,,,Yes,Yes,,,,Yes,,Yes,,,,19,Long Branch,19,Long Branch (19),D22,14653
-8830104.35225392,5437329.12087746,80943372,,2018,2018/05/20 04:00:00+00,2117,WINTERMUTE BLVD,SANDYHOOK SQ,,Collector,Scarborough,22,43.818057,-79.322177,Intersection,At Intersection,No Control,Clear,"Dusk, artificial",Dry,Non-Fatal Injury,Pedestrian Collisions,Driver,50 to 54,None,,South,"Automobile, Station Wagon",Turning Left,Failed to Yield Right of Way,Inattentive,,,,,,,Yes,,Yes,,,,,,,Yes,,,,116,Steeles,116,Steeles (116),D42,14654
-8848516.37339214,5408293.71684201,81133765,,2018,2018/01/14 05:00:00+00,1059,THE QUEENSWAY,ALDGATE AVE,100 m West of,Major Arterial,Etobicoke York,3,43.629561,-79.487575,Mid-Block,Non Intersection,No Control,Clear,Daylight,Dry,Non-Fatal Injury,Approaching,Passenger,35 to 39,None,,,,,,,,,,,,,,,Yes,,,,,Yes,,Yes,,,,16,Stonegate-Queensway,16,Stonegate-Queensway (16),D22,14655
-8820552.24938793,5434659.84691707,80948140,,2018,2018/07/30 04:00:00+00,1238,100 MCLEVIN AVE,,4 m East of,Minor Arterial,Scarborough,23,43.800753,-79.236369,Mid-Block,At/Near Private Drive,No Control,Clear,Daylight,Dry,Non-Fatal Injury,Turning Movement,Motorcycle Driver,35 to 39,Minor,,West,Motorcycle,Going Ahead,Driving Properly,Normal,,,,,,,,,Yes,Yes,,,,,,Yes,,,,145,Malvern West,132,Malvern (132),D42,14656
-8825713.46625907,5421613.98985831,80945878,,2018,2018/07/30 04:00:00+00,1427,WARDEN AVE,FAIRFAX CRES,,Major Arterial,Scarborough,20,43.716109,-79.282733,Intersection,At Intersection,Traffic Signal,Clear,Daylight,Dry,Fatal,Pedestrian Collisions,Driver,35 to 39,None,,East,Delivery Van,Turning Left,Improper Turn,Inattentive,,,,,,,Yes,,Yes,,,,,,,,,,,120,Clairlea-Birchmount,120,Clairlea-Birchmount (120),D41,14657
-8835112.7274642,5412198.32752206,80941032,,2018,2018/02/20 05:00:00+00,1640,QUEEN ST E,ONTARIO ST,,Major Arterial,North York,13,43.654944,-79.367168,Intersection,At Intersection,Pedestrian Crossover,Clear,"Dusk, artificial",Wet,Non-Fatal Injury,Pedestrian Collisions,Driver,65 to 69,None,,East,Pick Up Truck,Going Ahead,Failed to Yield Right of Way,Inattentive,,,,,,,Yes,,Yes,,,,,,,Yes,,,,73,Moss Park,73,Moss Park (73),D51,14658
-8854144.68684665,5402722.46935531,80919710,,2017,2017/10/21 04:00:00+00,1310,LAKE SHORE BLVD W,THIRTY SEVENTH ST,,Major Arterial,Etobicoke York,3,43.593325,-79.538135,Intersection,At Intersection,Traffic Signal,Clear,Daylight,Dry,Non-Fatal Injury,Turning Movement,Driver,70 to 74,Minimal,,East,"Automobile, Station Wagon",Turning Left,Failed to Yield Right of Way,Inattentive,,,,,,,,,Yes,Yes,,,,Yes,,Yes,,,,19,Long Branch,19,Long Branch (19),D22,14659
-8843062.94285767,5424730.74717748,80877081,,2018,2018/05/20 04:00:00+00,2307,WILSON AVE,401 C W WILSON AV RAMP,,Major Arterial,Etobicoke York,6,43.736342,-79.438586,Mid-Block,Non Intersection,No Control,Clear,"Dark, artificial",Dry,Fatal,Approaching,Driver,40 to 44,Fatal,26,West,"Automobile, Station Wagon",Changing Lanes,Improper Lane Change,Inattentive,,,,,,,,,Yes,,,,,Yes,Yes,Yes,,,,33,Clanton Park,33,Clanton Park (33),D32,14660
-8848516.37339214,5408293.71684201,81133766,,2018,2018/01/14 05:00:00+00,1059,THE QUEENSWAY,ALDGATE AVE,100 m West of,Major Arterial,Etobicoke York,3,43.629561,-79.487575,Mid-Block,Non Intersection,No Control,Clear,Daylight,Dry,Non-Fatal Injury,Approaching,Passenger,5 to 9,Minimal,,,,,,,,,,,,,,,Yes,,,,,Yes,,Yes,,,,16,Stonegate-Queensway,16,Stonegate-Queensway (16),D22,14661
-8840665.45498446,5434328.09279299,80892416,,2018,2018/04/02 04:00:00+00,1310,STEELES AVE E,DUMONT ST,13 m West of,Major Arterial,North York,18,43.798602,-79.417049,Intersection,Intersection Related,No Control,Clear,Daylight,Dry,Non-Fatal Injury,Pedestrian Collisions,Driver,50 to 54,None,,West,"Automobile, Station Wagon",Going Ahead,Driving Properly,Normal,,,,,,,Yes,,Yes,,,,,,,,,,,50,Newtonbrook East,50,Newtonbrook East (50),D32,14662
-8848588.50842218,5423430.80215853,80792944,,2018,2018/01/15 05:00:00+00,1520,23 IANHALL RD,,,Local,North York,6,43.727904,-79.488223,Mid-Block,Non Intersection,No Control,Snow,Daylight,Loose Snow,Fatal,Pedestrian Collisions,,unknown,None,,East,"Automobile, Station Wagon",Going Ahead,,,,,,,,,Yes,,Yes,,,,,,,,,,,155,Downsview,26,Downsview-Roding-CFB (26),D31,14663
-8825713.46625907,5421613.98985831,80948659,,2018,2018/07/30 04:00:00+00,1427,WARDEN AVE,FAIRFAX CRES,,Major Arterial,Scarborough,20,43.716109,-79.282733,Intersection,At Intersection,Traffic Signal,Clear,Daylight,Dry,Fatal,Pedestrian Collisions,Pedestrian,65 to 69,Fatal,39,East,,,,,Vehicle turns left while ped crosses with ROW at inter.,Crossing with right of way,Normal,,,,Yes,,Yes,,,,,,,,,,,120,Clairlea-Birchmount,120,Clairlea-Birchmount (120),D41,14664
-8835112.7274642,5412198.32752206,80941033,,2018,2018/02/20 05:00:00+00,1640,QUEEN ST E,ONTARIO ST,,Major Arterial,North York,13,43.654944,-79.367168,Intersection,At Intersection,Pedestrian Crossover,Clear,"Dusk, artificial",Wet,Non-Fatal Injury,Pedestrian Collisions,Pedestrian,25 to 29,Major,,North,,,,,Pedestrian hit a PXO/ped. Mid-block signal,"Crossing, Pedestrian Crossover",Normal,,,,Yes,,Yes,,,,,,,Yes,,,,73,Moss Park,73,Moss Park (73),D51,14665
-8840499.81158216,5432589.62501028,80911902,,2017,2017/10/21 04:00:00+00,2200,45 CUMMER  AVE,,,Minor Arterial,North York,18,43.787329,-79.415561,Mid-Block,Non Intersection,No Control,Clear,"Dark, artificial",Dry,Non-Fatal Injury,Cyclist Collisions,Cyclist,30 to 34,Major,,East,Bicycle,Going Ahead,,,,,,Cyclist and Driver travelling in same direction. One vehicle rear-ended the other.,Driving Properly,Unknown,,Yes,Yes,,,,,,,,,,,50,Newtonbrook East,50,Newtonbrook East (50),D32,14666
-8843062.94285767,5424730.74717748,80943466,,2018,2018/05/20 04:00:00+00,2307,WILSON AVE,401 C W WILSON AV RAMP,,Major Arterial,Etobicoke York,6,43.736342,-79.438586,Mid-Block,Non Intersection,No Control,Clear,"Dark, artificial",Dry,Fatal,Approaching,Driver,40 to 44,Minor,,East,"Automobile, Station Wagon",Going Ahead,Driving Properly,Normal,,,,,,,,,Yes,,,,,Yes,Yes,Yes,,,,33,Clanton Park,33,Clanton Park (33),D32,14667
-8838813.09865766,5409304.05335801,80920780,,2018,2018/04/03 04:00:00+00,2220,FLEET ST,BATHURST ST,80 m West of,Major Arterial,Toronto and East York,10,43.63613,-79.400409,Mid-Block,Non Intersection,No Control,Rain,"Dark, artificial",Wet,Non-Fatal Injury,Pedestrian Collisions,Pedestrian,40 to 44,Major,,Unknown,,,,,Pedestrian involved in a collision with transit vehicle anywhere along roadway,"Crossing, no Traffic Control",Had Been Drinking,,,,Yes,,,,,Yes,,,,,,,,163,Fort York-Liberty Village,82,Niagara (82),D14,14668
-8838813.09865766,5409304.05335801,80920781,,2018,2018/04/03 04:00:00+00,2220,FLEET ST,BATHURST ST,80 m West of,Major Arterial,Toronto and East York,10,43.63613,-79.400409,Mid-Block,Non Intersection,No Control,Rain,"Dark, artificial",Wet,Non-Fatal Injury,Pedestrian Collisions,Driver,20 to 24,None,,East,Street Car,Going Ahead,Driving Properly,Normal,,,,,,,Yes,,,,,Yes,,,,,,,,163,Fort York-Liberty Village,82,Niagara (82),D14,14669
-8841283.72343632,5434138.54640234,81239017,,2018,2018/07/30 04:00:00+00,1755,STEELES AVE W,YONGE ST,260 m West of,Major Arterial,North York,18,43.797373,-79.422603,Mid-Block,Non Intersection,No Control,Clear,Daylight,Dry,Non-Fatal Injury,Pedestrian Collisions,Driver,40 to 44,None,,East,"Automobile, Station Wagon",Going Ahead,Driving Properly,Normal,,,,,,,Yes,,Yes,,,,,Yes,,,,,,36,Newtonbrook West,36,Newtonbrook West (36),D32,14670
-8843319.53428395,5429207.39187861,80793691,,2018,2018/02/20 05:00:00+00,1645,BATHURST ST,ELLERSLIE AVE,,Major Arterial,North York,618,43.765391,-79.440891,Intersection,At Intersection,Traffic Signal,Rain,Daylight,Wet,Fatal,Pedestrian Collisions,Pedestrian,65 to 69,Fatal,11,West,,,,,Vehicle turns left while ped crosses with ROW at inter.,Crossing with right of way,Normal,,,,Yes,,,,Yes,,,,,Yes,,,,37,Willowdale West,37,Willowdale West (37),D32,14671
-8840499.81158216,5432589.62501028,80911903,,2017,2017/10/21 04:00:00+00,2200,45 CUMMER  AVE,,,Minor Arterial,North York,18,43.787329,-79.415561,Mid-Block,Non Intersection,No Control,Clear,"Dark, artificial",Dry,Non-Fatal Injury,Cyclist Collisions,Driver,unknown,None,,East,"Automobile, Station Wagon",Going Ahead,Lost control,Unknown,,,,,,,,Yes,Yes,,,,,,,,,,,50,Newtonbrook East,50,Newtonbrook East (50),D32,14672
-8843062.94285767,5424730.74717748,80943468,,2018,2018/05/20 04:00:00+00,2307,WILSON AVE,401 C W WILSON AV RAMP,,Major Arterial,Etobicoke York,6,43.736342,-79.438586,Mid-Block,Non Intersection,No Control,Clear,"Dark, artificial",Dry,Fatal,Approaching,Passenger,35 to 39,Major,,,,,,,,,,,,,,,Yes,,,,,Yes,Yes,Yes,,,,33,Clanton Park,33,Clanton Park (33),D32,14673
-8845254.15571444,5411503.36673305,80950562,,2018,2018/09/15 04:00:00+00,240,PARKSIDE DR,INDIAN VALLEY CRES,34 meters south,Major Arterial,Toronto and East York,4,43.650427,-79.45827,Mid-Block,Non Intersection,No Control,Clear,Dark,Dry,Fatal,Approaching,Motorcycle Driver,45 to 49,Fatal,46,North,Motorcycle,Going Ahead,Driving Properly,Unknown,,,,,,,,,Yes,Yes,,,,Yes,,,,,,87,High Park-Swansea,87,High Park-Swansea (87),D11,14674
-8848588.50842218,5423430.80215853,80792945,,2018,2018/01/15 05:00:00+00,1520,23 IANHALL RD,,,Local,North York,6,43.727904,-79.488223,Mid-Block,Non Intersection,No Control,Snow,Daylight,Loose Snow,Fatal,Pedestrian Collisions,Pedestrian,40 to 44,Minimal,,Unknown,,,,,Pedestrian hit at mid-block,Person Getting on/off Vehicle,Normal,,,,Yes,,Yes,,,,,,,,,,,155,Downsview,26,Downsview-Roding-CFB (26),D31,14675
-8841283.72343632,5434138.54640234,81239018,,2018,2018/07/30 04:00:00+00,1755,STEELES AVE W,YONGE ST,260 m West of,Major Arterial,North York,18,43.797373,-79.422603,Mid-Block,Non Intersection,No Control,Clear,Daylight,Dry,Non-Fatal Injury,Pedestrian Collisions,Pedestrian,45 to 49,Major,,North,,,,,Pedestrian hit at mid-block,"Crossing, no Traffic Control",Inattentive,,,,Yes,,Yes,,,,,Yes,,,,,,36,Newtonbrook West,36,Newtonbrook West (36),D32,14676
-8819819.32186055,5430098.23354788,80905056,,2017,2017/10/22 04:00:00+00,14,MARKHAM  RD,PANDORA CRCL,100 m North of,Major Arterial,Scarborough,24,43.77117,-79.229785,Intersection,At Intersection,Traffic Signal,Clear,"Dusk, artificial",Dry,Non-Fatal Injury,Pedestrian Collisions,Pedestrian,35 to 39,Major,,West,,,,,Vehicle is going straight thru inter.while ped cross without ROW,Crossing without right of way,Had Been Drinking,,,,Yes,,Yes,,,,,,,,,,,142,Woburn North,137,Woburn (137),D43,14677
-8843319.53428395,5429207.39187861,80793695,,2018,2018/02/20 05:00:00+00,1645,BATHURST ST,ELLERSLIE AVE,,Major Arterial,North York,618,43.765391,-79.440891,Intersection,At Intersection,Traffic Signal,Rain,Daylight,Wet,Fatal,Pedestrian Collisions,Truck Driver,20 to 24,None,,East,"Truck - Closed (Blazer, etc)",Turning Left,Failed to Yield Right of Way,Normal,,,,,,,Yes,,,,Yes,,,,,Yes,,,,37,Willowdale West,37,Willowdale West (37),D32,14678
-8843062.94285767,5424730.74717748,80943470,,2018,2018/05/20 04:00:00+00,2307,WILSON AVE,401 C W WILSON AV RAMP,,Major Arterial,Etobicoke York,6,43.736342,-79.438586,Mid-Block,Non Intersection,No Control,Clear,"Dark, artificial",Dry,Fatal,Approaching,Passenger,10 to 14,Major,,,,,,,,,,,,,,,Yes,,,,,Yes,Yes,Yes,,,,33,Clanton Park,33,Clanton Park (33),D32,14679
-8843062.94285767,5424730.74717748,80943471,,2018,2018/05/20 04:00:00+00,2307,WILSON AVE,401 C W WILSON AV RAMP,,Major Arterial,Etobicoke York,6,43.736342,-79.438586,Mid-Block,Non Intersection,No Control,Clear,"Dark, artificial",Dry,Fatal,Approaching,Passenger,10 to 14,Major,,,,,,,,,,,,,,,Yes,,,,,Yes,Yes,Yes,,,,33,Clanton Park,33,Clanton Park (33),D32,14680
-8848588.50842218,5423430.80215853,80793625,,2018,2018/01/15 05:00:00+00,1520,23 IANHALL RD,,,Local,North York,6,43.727904,-79.488223,Mid-Block,Non Intersection,No Control,Snow,Daylight,Loose Snow,Fatal,Pedestrian Collisions,Pedestrian,5 to 9,Fatal,7,Unknown,,,,,Pedestrian hit at mid-block,Person Getting on/off Vehicle,Normal,,,,Yes,,Yes,,,,,,,,,,,155,Downsview,26,Downsview-Roding-CFB (26),D31,14681
-8841283.72343632,5434138.54640234,81239019,,2018,2018/07/30 04:00:00+00,1755,STEELES AVE W,YONGE ST,260 m West of,Major Arterial,North York,18,43.797373,-79.422603,Mid-Block,Non Intersection,No Control,Clear,Daylight,Dry,Non-Fatal Injury,Pedestrian Collisions,Passenger,40 to 44,None,,,,,,,,,,,,,Yes,,Yes,,,,,Yes,,,,,,36,Newtonbrook West,36,Newtonbrook West (36),D32,14682
-8819819.32186055,5430098.23354788,80905057,,2017,2017/10/22 04:00:00+00,14,MARKHAM  RD,PANDORA CRCL,100 m North of,Major Arterial,Scarborough,24,43.77117,-79.229785,Intersection,At Intersection,Traffic Signal,Clear,"Dusk, artificial",Dry,Non-Fatal Injury,Pedestrian Collisions,Driver,35 to 39,None,,South,"Automobile, Station Wagon",Going Ahead,Driving Properly,Normal,,,,,,,Yes,,Yes,,,,,,,,,,,142,Woburn North,137,Woburn (137),D43,14683
-8825714.35681499,5430429.98962707,80793692,,2018,2018/02/21 05:00:00+00,1838,37 WILLIAM KITCHEN RD,,,Collector,Scarborough,21,43.773322,-79.282741,Mid-Block,Non Intersection,No Control,Clear,"Dark, artificial",Dry,Fatal,Pedestrian Collisions,Pedestrian,40 to 44,Fatal,12,North,,,,,Pedestrian hit at mid-block,"Crossing, no Traffic Control",Inattentive,,,,Yes,,,,Yes,,,,,,,,,126,Dorset Park,126,Dorset Park (126),D41,14684
-8843800.99108163,5431872.61991414,80916214,,2018,2018/04/04 04:00:00+00,1630,BATHURST ST,CEDARCROFT BLVD,80 m South of,Major Arterial,North York,618,43.782679,-79.445216,Mid-Block,Non Intersection,No Control,Clear,Daylight,Dry,Non-Fatal Injury,SMV Other,Motorcycle Driver,30 to 34,Major,,South,Motorcycle,Going Ahead,Lost control,Normal,,,,,,,,,,Yes,,,,,,,,,,36,Newtonbrook West,36,Newtonbrook West (36),D32,14685
-8862759.14564169,5427616.29981777,80941861,,2018,2018/05/21 04:00:00+00,2020,STEELES AVE W,HIGHWAY 27  N,50 m West of,Major Arterial,North York,1,43.755068,-79.61552,Mid-Block,Non Intersection,No Control,Clear,"Dark, artificial",Dry,Non-Fatal Injury,Rear End,Passenger,20 to 24,Minor,,,,,,,,,,,,,,,Yes,,,,,Yes,Yes,Yes,,,,1,West Humber-Clairville,1,West Humber-Clairville (1),D23,14686
-8845254.15571444,5411503.36673305,80950563,,2018,2018/09/15 04:00:00+00,240,PARKSIDE DR,INDIAN VALLEY CRES,34 meters south,Major Arterial,Toronto and East York,4,43.650427,-79.45827,Mid-Block,Non Intersection,No Control,Clear,Dark,Dry,Fatal,Approaching,Passenger,unknown,Major,,,,,,,,,,,,,,,Yes,Yes,,,,Yes,,,,,,87,High Park-Swansea,87,High Park-Swansea (87),D11,14687
-8836274.56898961,5411199.36666891,80909232,,2018,2018/01/15 05:00:00+00,1623,YONGE ST,MELINDA ST,17 m North of,Major Arterial,Toronto and East York,13,43.648451,-79.377605,Intersection,Intersection Related,No Control,Snow,Daylight,Loose Snow,Non-Fatal Injury,Pedestrian Collisions,Pedestrian,45 to 49,Major,,East,,,,,Pedestrian hit at mid-block,"Crossing, no Traffic Control",Normal,,,,Yes,,Yes,,,,,,,Yes,,,,168,Downtown Yonge East,75,Church-Yonge Corridor (75),D51,14688
-8851054.90306019,5418814.22688498,80948205,,2018,2018/07/31 04:00:00+00,150,WESTON RD,WRIGHT AVE,50 m South of,Minor Arterial,Etobicoke York,5,43.697928,-79.510379,Mid-Block,At/Near Private Drive,No Control,Clear,"Dark, artificial",Dry,Non-Fatal Injury,SMV Unattended Vehicle,Motorcycle Driver,25 to 29,Major,,North,Motorcycle,Going Ahead,Exceeding Speed Limit,Inattentive,,,,,,,,,,Yes,,,,,Yes,Yes,,,,113,Weston,113,Weston (113),D12,14689
-8825714.35681499,5430429.98962707,80793693,,2018,2018/02/21 05:00:00+00,1838,37 WILLIAM KITCHEN RD,,,Collector,Scarborough,21,43.773322,-79.282741,Mid-Block,Non Intersection,No Control,Clear,"Dark, artificial",Dry,Fatal,Pedestrian Collisions,Truck Driver,30 to 34,None,,East,Truck-Tractor,Going Ahead,Driving Properly,Normal,,,,,,,Yes,,,,Yes,,,,,,,,,126,Dorset Park,126,Dorset Park (126),D41,14690
-8853931.51002178,5427331.18687507,80922918,,2018,2018/04/08 04:00:00+00,2030,FINCH AVE W,ARROW RD,10 m West of,Major Arterial,Etobicoke York,7,43.753218,-79.53622,Intersection,At Intersection,Traffic Signal,Clear,"Dark, artificial",Dry,Non-Fatal Injury,Rear End,Passenger,10 to 14,Major,,,,,,,,,,,,,,,Yes,,,,,Yes,,Yes,,,,22,Humbermede,22,Humbermede (22),D31,14691
-8853931.51002178,5427331.18687507,80922919,,2018,2018/04/08 04:00:00+00,2030,FINCH AVE W,ARROW RD,10 m West of,Major Arterial,Etobicoke York,7,43.753218,-79.53622,Intersection,At Intersection,Traffic Signal,Clear,"Dark, artificial",Dry,Non-Fatal Injury,Rear End,Passenger,45 to 49,Minor,,,,,,,,,,,,,,,Yes,,,,,Yes,,Yes,,,,22,Humbermede,22,Humbermede (22),D31,14692
-8841105.38961207,5416442.76921429,80973907,,2018,2018/09/15 04:00:00+00,940,555 ST CLAIR AVE W,,2 m South of,Major Arterial,Toronto and East York,12,43.682524,-79.421001,Mid-Block,Non Intersection,No Control,Rain,Daylight,Wet,Non-Fatal Injury,Pedestrian Collisions,Driver,75 to 79,None,,East,"Automobile, Station Wagon",Reversing,Other,Normal,,,,,,,Yes,,Yes,,,,,,,,,,,94,Wychwood,94,Wychwood (94),D13,14693
-8836274.56898961,5411199.36666891,80909233,,2018,2018/01/15 05:00:00+00,1623,YONGE ST,MELINDA ST,17 m North of,Major Arterial,Toronto and East York,13,43.648451,-79.377605,Intersection,Intersection Related,No Control,Snow,Daylight,Loose Snow,Non-Fatal Injury,Pedestrian Collisions,Driver,45 to 49,None,,North,Delivery Van,Going Ahead,Failed to Yield Right of Way,Inattentive,,,,,,,Yes,,Yes,,,,,,,Yes,,,,168,Downtown Yonge East,75,Church-Yonge Corridor (75),D51,14694
-8851054.90306019,5418814.22688498,80948206,,2018,2018/07/31 04:00:00+00,150,WESTON RD,WRIGHT AVE,50 m South of,Minor Arterial,Etobicoke York,5,43.697928,-79.510379,Mid-Block,At/Near Private Drive,No Control,Clear,"Dark, artificial",Dry,Non-Fatal Injury,SMV Unattended Vehicle,Other,unknown,None,,North,,Parked,,,,,,,,,,,,Yes,,,,,Yes,Yes,,,,113,Weston,113,Weston (113),D12,14695
-8840042.06583601,5420845.01376023,81117398,,2018,2018/02/22 05:00:00+00,1430,AVENUE RD,BRIAR HILL AVE,,Major Arterial,North York,8,43.711116,-79.411449,Intersection,At Intersection,Stop Sign,Clear,Daylight,Dry,Non-Fatal Injury,Angle,Driver,60 to 64,None,,West,"Automobile, Station Wagon",Going Ahead,Failed to Yield Right of Way,Normal,,,,,,,,,Yes,,,,,Yes,,Yes,,,,100,Yonge-Eglinton,100,Yonge-Eglinton (100),D53,14696
-8840643.30240579,5423037.06495414,80900037,,2017,2017/10/22 04:00:00+00,1350,AVENUE  RD,WOBURN AVE,30 m South of,Major Arterial,North York,8,43.725348,-79.41685,Intersection,Intersection Related,No Control,Clear,Daylight,Dry,Non-Fatal Injury,Sideswipe,Motorcycle Driver,55 to 59,Major,,South,Motorcycle,Going Ahead,Driving Properly,Unknown,,,,,,,,,Yes,Yes,,,,,,,,,,39,Bedford Park-Nortown,39,Bedford Park-Nortown (39),D32,14697
-8853931.51002178,5427331.18687507,80922920,,2018,2018/04/08 04:00:00+00,2030,FINCH AVE W,ARROW RD,10 m West of,Major Arterial,Etobicoke York,7,43.753218,-79.53622,Intersection,At Intersection,Traffic Signal,Clear,"Dark, artificial",Dry,Non-Fatal Injury,Rear End,Passenger,40 to 44,Minor,,,,,,,,,,,,,,,Yes,,,,,Yes,,Yes,,,,22,Humbermede,22,Humbermede (22),D31,14698
-8862759.14564169,5427616.29981777,80941862,,2018,2018/05/21 04:00:00+00,2020,STEELES AVE W,HIGHWAY 27  N,50 m West of,Major Arterial,North York,1,43.755068,-79.61552,Mid-Block,Non Intersection,No Control,Clear,"Dark, artificial",Dry,Non-Fatal Injury,Rear End,Passenger,20 to 24,Minor,,,,,,,,,,,,,,,Yes,,,,,Yes,Yes,Yes,,,,1,West Humber-Clairville,1,West Humber-Clairville (1),D23,14699
-8841105.38961207,5416442.76921429,80973908,,2018,2018/09/15 04:00:00+00,940,555 ST CLAIR AVE W,,2 m South of,Major Arterial,Toronto and East York,12,43.682524,-79.421001,Mid-Block,Non Intersection,No Control,Rain,Daylight,Wet,Non-Fatal Injury,Pedestrian Collisions,Pedestrian,75 to 79,Major,,Unknown,,,,,Vehicle is reversing and hits pedestrian,Other,Normal,,,,Yes,,Yes,,,,,,,,,,,94,Wychwood,94,Wychwood (94),D13,14700
-8839845.03033731,5431611.58223014,81117409,,2018,2018/01/19 05:00:00+00,1800,FINCH AVE E,DUDLEY AVE,,Major Arterial,North York,18,43.780986,-79.409679,Intersection,At Intersection,Stop Sign,Clear,"Dark, artificial",Dry,Non-Fatal Injury,Angle,Driver,85 to 89,None,,North,"Automobile, Station Wagon",Going Ahead,Failed to Yield Right of Way,Normal,,,,,,,,,Yes,,,,,Yes,,Yes,,,,152,East Willowdale,51,Willowdale East (51),D32,14701
-8840042.06583601,5420845.01376023,81117399,,2018,2018/02/22 05:00:00+00,1430,AVENUE RD,BRIAR HILL AVE,,Major Arterial,North York,8,43.711116,-79.411449,Intersection,At Intersection,Stop Sign,Clear,Daylight,Dry,Non-Fatal Injury,Angle,Driver,75 to 79,Minor,,South,"Automobile, Station Wagon",Going Ahead,Driving Properly,Normal,,,,,,,,,Yes,,,,,Yes,,Yes,,,,100,Yonge-Eglinton,100,Yonge-Eglinton (100),D53,14702
-8851578.88390336,5426376.5079721,81239118,,2018,2018/08/01 04:00:00+00,2100,JANE ST,GRANDRAVINE DR,,Major Arterial,Etobicoke York,7,43.747023,-79.515086,Intersection,Intersection Related,Traffic Signal,Clear,"Dark, artificial",Dry,Non-Fatal Injury,Pedestrian Collisions,Driver,15 to 19,None,,South,"Automobile, Station Wagon",Going Ahead,Driving Properly,Normal,,,,,,,Yes,,Yes,,,,,,,,,,,25,Glenfield-Jane Heights,25,Glenfield-Jane Heights (25),D31,14703
-8840643.30240579,5423037.06495414,80900038,,2017,2017/10/22 04:00:00+00,1350,AVENUE  RD,WOBURN AVE,30 m South of,Major Arterial,North York,8,43.725348,-79.41685,Intersection,Intersection Related,No Control,Clear,Daylight,Dry,Non-Fatal Injury,Sideswipe,Driver,45 to 49,None,,South,"Automobile, Station Wagon",Changing Lanes,Improper Lane Change,Normal,,,,,,,,,Yes,Yes,,,,,,,,,,39,Bedford Park-Nortown,39,Bedford Park-Nortown (39),D32,14704
-8851578.88390336,5426376.5079721,81239119,,2018,2018/08/01 04:00:00+00,2100,JANE ST,GRANDRAVINE DR,,Major Arterial,Etobicoke York,7,43.747023,-79.515086,Intersection,Intersection Related,Traffic Signal,Clear,"Dark, artificial",Dry,Non-Fatal Injury,Pedestrian Collisions,Pedestrian,65 to 69,Major,,West,,,,,Vehicle is going straight thru inter.while ped cross without ROW,Crossing without right of way,Normal,,,,Yes,,Yes,,,,,,,,,,,25,Glenfield-Jane Heights,25,Glenfield-Jane Heights (25),D31,14705
-8853931.51002178,5427331.18687507,80922921,,2018,2018/04/08 04:00:00+00,2030,FINCH AVE W,ARROW RD,10 m West of,Major Arterial,Etobicoke York,7,43.753218,-79.53622,Intersection,At Intersection,Traffic Signal,Clear,"Dark, artificial",Dry,Non-Fatal Injury,Rear End,Driver,60 to 64,Minor,,East,"Automobile, Station Wagon",Stopped,Driving Properly,Normal,,,,,,,,,Yes,,,,,Yes,,Yes,,,,22,Humbermede,22,Humbermede (22),D31,14706
-8862759.14564169,5427616.29981777,80941863,,2018,2018/05/21 04:00:00+00,2020,STEELES AVE W,HIGHWAY 27  N,50 m West of,Major Arterial,North York,1,43.755068,-79.61552,Mid-Block,Non Intersection,No Control,Clear,"Dark, artificial",Dry,Non-Fatal Injury,Rear End,Passenger,40 to 44,Minor,,,,,,,,,,,,,,,Yes,,,,,Yes,Yes,Yes,,,,1,West Humber-Clairville,1,West Humber-Clairville (1),D23,14707