X,Y,INDEX_,ACCNUM,YEAR,DATE,TIME,STREET1,STREET2,OFFSET,ROAD_CLASS,DISTRICT,WARDNUM,LATITUDE,LONGITUDE,LOCCOORD,ACCLOC,TRAFFCTL,VISIBILITY,LIGHT,RDSFCOND,ACCLASS,IMPACTYPE,INVTYPE,INVAGE,INJURY,FATAL_NO,INITDIR,VEHTYPE,MANOEUVER,DRIVACT,DRIVCOND,PEDTYPE,PEDACT,PEDCOND,CYCLISTYPE,CYCACT,CYCCOND,PEDESTRIAN,CYCLIST,AUTOMOBILE,MOTORCYCLE,TRUCK,TRSN_CITY_VEH,EMERG_VEH,PASSENGER,SPEEDING,AG_DRIV,REDLIGHT,ALCOHOL,DISABILITY,HOOD_158,NEIGHBOURHOOD_158,HOOD_140,NEIGHBOURHOOD_140,DIVISION,ObjectId
-8843310.96268316,5415802.28451903,81139195,,2018,2018/09/15 04:00:00+00,1400,ST CLAIR AVE W,NORTHCLIFFE BLVD,,Major Arterial,North York,9,43.678363,-79.440814,Intersection,At Intersection,Traffic Signal,Clear,Daylight,Dry,Non-Fatal Injury,Pedestrian Collisions,Driver,35 to 39,None,,South,"Automobile, Station Wagon",Turning Left,Other,Normal,,,,,,,Yes,,Yes,,,,,,,,,,,92,Corso Italia-Davenport,92,Corso Italia-Davenport (92),D13,14708
-8839845.03033731,5431611.58223014,81117410,,2018,2018/01/19 05:00:00+00,1800,FINCH AVE E,DUDLEY AVE,,Major Arterial,North York,18,43.780986,-79.409679,Intersection,At Intersection,Stop Sign,Clear,"Dark, artificial",Dry,Non-Fatal Injury,Angle,Driver,25 to 29,Minor,,West,"Automobile, Station Wagon",Going Ahead,Driving Properly,Normal,,,,,,,,,Yes,,,,,Yes,,Yes,,,,152,East Willowdale,51,Willowdale East (51),D32,14709
-8840042.06583601,5420845.01376023,81117400,,2018,2018/02/22 05:00:00+00,1430,AVENUE RD,BRIAR HILL AVE,,Major Arterial,North York,8,43.711116,-79.411449,Intersection,At Intersection,Stop Sign,Clear,Daylight,Dry,Non-Fatal Injury,Angle,Passenger,80 to 84,Major,,,,,,,,,,,,,,,Yes,,,,,Yes,,Yes,,,,100,Yonge-Eglinton,100,Yonge-Eglinton (100),D53,14710
-8839679.38693501,5410319.73051327,80892189,,2017,2017/10/22 04:00:00+00,2007,KING  ST W,NIAGARA ST,33 m West of,Major Arterial,Toronto and East York,10,43.642733,-79.408191,Mid-Block,Non Intersection,No Control,Clear,"Dark, artificial",Dry,Non-Fatal Injury,Pedestrian Collisions,Pedestrian,25 to 29,Major,,North,,,,,Pedestrian involved in a collision with transit vehicle anywhere along roadway,"Crossing, no Traffic Control",Had Been Drinking,,,,Yes,,,,,Yes,,,,,,,,162,West Queen West,82,Niagara (82),D14,14711
-8841559.684454,5413283.10623969,80972438,,2018,2018/08/02 04:00:00+00,1300,BLOOR ST W,OSSINGTON AVE,50 m East of,Major Arterial,Toronto and East York,11,43.661994,-79.425082,Mid-Block,Non Intersection,No Control,Clear,Daylight,Dry,Non-Fatal Injury,Cyclist Collisions,Driver,unknown,None,,West,Pick Up Truck,Pulling Onto Shoulder or towardCurb,Failed to Yield Right of Way,Normal,,,,,,,,Yes,Yes,,,,,,,Yes,,,,80,Palmerston-Little Italy,80,Palmerston-Little Italy (80),D14,14712
-8853931.51002178,5427331.18687507,80922922,,2018,2018/04/08 04:00:00+00,2030,FINCH AVE W,ARROW RD,10 m West of,Major Arterial,Etobicoke York,7,43.753218,-79.53622,Intersection,At Intersection,Traffic Signal,Clear,"Dark, artificial",Dry,Non-Fatal Injury,Rear End,Driver,40 to 44,Minor,,East,"Automobile, Station Wagon",Stopped,Driving Properly,Normal,,,,,,,,,Yes,,,,,Yes,,Yes,,,,22,Humbermede,22,Humbermede (22),D31,14713
-8862759.14564169,5427616.29981777,80941864,,2018,2018/05/21 04:00:00+00,2020,STEELES AVE W,HIGHWAY 27  N,50 m West of,Major Arterial,North York,1,43.755068,-79.61552,Mid-Block,Non Intersection,No Control,Clear,"Dark, artificial",Dry,Non-Fatal Injury,Rear End,Passenger,15 to 19,Minor,,,,,,,,,,,,,,,Yes,,,,,Yes,Yes,Yes,,,,1,West Humber-Clairville,1,West Humber-Clairville (1),D23,14714
-8843310.96268316,5415802.28451903,81139196,,2018,2018/09/15 04:00:00+00,1400,ST CLAIR AVE W,NORTHCLIFFE BLVD,,Major Arterial,North York,9,43.678363,-79.440814,Intersection,At Intersection,Traffic Signal,Clear,Daylight,Dry,Non-Fatal Injury,Pedestrian Collisions,Pedestrian,65 to 69,Major,,North,,,,,Vehicle turns left while ped crosses with ROW at inter.,Other,Normal,,,,Yes,,Yes,,,,,,,,,,,92,Corso Italia-Davenport,92,Corso Italia-Davenport (92),D13,14715
-8820047.86077514,5432045.62119998,80941912,,2018,2018/02/23 05:00:00+00,118,931 PROGRESS AVE,,5 m West of,Minor Arterial,Scarborough,24,43.783801,-79.231838,Intersection,Intersection Related,Traffic Signal,Clear,"Dark, artificial",Dry,Non-Fatal Injury,SMV Other,Passenger,20 to 24,Major,,,,,,,,,,,,,,,Yes,,,,,Yes,,,,Yes,,142,Woburn North,137,Woburn (137),D43,14716
-8839679.38693501,5410319.73051327,80892190,,2017,2017/10/22 04:00:00+00,2007,KING  ST W,NIAGARA ST,33 m West of,Major Arterial,Toronto and East York,10,43.642733,-79.408191,Mid-Block,Non Intersection,No Control,Clear,"Dark, artificial",Dry,Non-Fatal Injury,Pedestrian Collisions,Driver,55 to 59,None,,West,Street Car,Going Ahead,Driving Properly,Normal,,,,,,,Yes,,,,,Yes,,,,,,,,162,West Queen West,82,Niagara (82),D14,14717
-8839845.03033731,5431611.58223014,81117411,,2018,2018/01/19 05:00:00+00,1800,FINCH AVE E,DUDLEY AVE,,Major Arterial,North York,18,43.780986,-79.409679,Intersection,At Intersection,Stop Sign,Clear,"Dark, artificial",Dry,Non-Fatal Injury,Angle,Driver,40 to 44,None,,South,"Automobile, Station Wagon",Stopped,Driving Properly,Normal,,,,,,,,,Yes,,,,,Yes,,Yes,,,,152,East Willowdale,51,Willowdale East (51),D32,14718
-8853931.51002178,5427331.18687507,80922923,,2018,2018/04/08 04:00:00+00,2030,FINCH AVE W,ARROW RD,10 m West of,Major Arterial,Etobicoke York,7,43.753218,-79.53622,Intersection,At Intersection,Traffic Signal,Clear,"Dark, artificial",Dry,Non-Fatal Injury,Rear End,Driver,30 to 34,None,,East,"Automobile, Station Wagon",Going Ahead,Following too Close,Inattentive,,,,,,,,,Yes,,,,,Yes,,Yes,,,,22,Humbermede,22,Humbermede (22),D31,14719
-8841559.684454,5413283.10623969,80972439,,2018,2018/08/02 04:00:00+00,1300,BLOOR ST W,OSSINGTON AVE,50 m East of,Major Arterial,Toronto and East York,11,43.661994,-79.425082,Mid-Block,Non Intersection,No Control,Clear,Daylight,Dry,Non-Fatal Injury,Cyclist Collisions,Cyclist,45 to 49,Major,,West,Bicycle,Going Ahead,,,,,,Cyclist and Driver travelling in same direction. One vehicle sideswipes the other.,Driving Properly,Normal,,Yes,Yes,,,,,,,Yes,,,,80,Palmerston-Little Italy,80,Palmerston-Little Italy (80),D14,14720
-8849740.21987392,5413827.85167874,81148236,,2018,2018/04/10 04:00:00+00,2256,DUNDAS ST W,GOOCH AVE,1 m West of,Major Arterial,Etobicoke York,4,43.665534,-79.498569,Intersection,At Intersection,No Control,Clear,"Dark, artificial",Dry,Non-Fatal Injury,Pedestrian Collisions,Driver,60 to 64,None,,East,"Automobile, Station Wagon",Going Ahead,Driving Properly,Normal,,,,,,,Yes,,Yes,,,,,,,,,,,89,Runnymede-Bloor West Village,89,Runnymede-Bloor West Village (89),D11,14721
-8862759.14564169,5427616.29981777,80941865,,2018,2018/05/21 04:00:00+00,2020,STEELES AVE W,HIGHWAY 27  N,50 m West of,Major Arterial,North York,1,43.755068,-79.61552,Mid-Block,Non Intersection,No Control,Clear,"Dark, artificial",Dry,Non-Fatal Injury,Rear End,Passenger,15 to 19,Minimal,,,,,,,,,,,,,,,Yes,,,,,Yes,Yes,Yes,,,,1,West Humber-Clairville,1,West Humber-Clairville (1),D23,14722
-8856218.68027962,5418300.90336552,81072166,,2018,2018/09/15 04:00:00+00,1625,DIXON RD,KIPLING AVE,200 m East of,Major Arterial,Etobicoke York,12,43.694594,-79.556766,Mid-Block,At/Near Private Drive,No Control,Clear,Daylight,Dry,Non-Fatal Injury,Turning Movement,Driver,50 to 54,None,,West,"Automobile, Station Wagon",Turning Left,Failed to Yield Right of Way,Normal,,,,,,,,,Yes,Yes,,,,,,Yes,,,,6,Kingsview Village-The Westway,6,Kingsview Village-The Westway (6),D23,14723
-8820047.86077514,5432045.62119998,80941913,,2018,2018/02/23 05:00:00+00,118,931 PROGRESS AVE,,5 m West of,Minor Arterial,Scarborough,24,43.783801,-79.231838,Intersection,Intersection Related,Traffic Signal,Clear,"Dark, artificial",Dry,Non-Fatal Injury,SMV Other,Passenger,20 to 24,Major,,,,,,,,,,,,,,,Yes,,,,,Yes,,,,Yes,,142,Woburn North,137,Woburn (137),D43,14724
-8839847.5906856,5420059.47064547,80910269,,2017,2017/10/23 04:00:00+00,427,AVENUE  RD,WILLOWBANK BLVD,7 m South of,Major Arterial,North York,8,43.706015,-79.409702,Intersection,Intersection Related,No Control,Clear,"Dark, artificial",Dry,Non-Fatal Injury,SMV Other,Driver,25 to 29,Major,,South,"Automobile, Station Wagon",Going Ahead,Lost control,Fatigue,,,,,,,,,Yes,,,,,,,Yes,,,,100,Yonge-Eglinton,100,Yonge-Eglinton (100),D53,14725
-8839845.03033731,5431611.58223014,81117412,,2018,2018/01/19 05:00:00+00,1800,FINCH AVE E,DUDLEY AVE,,Major Arterial,North York,18,43.780986,-79.409679,Intersection,At Intersection,Stop Sign,Clear,"Dark, artificial",Dry,Non-Fatal Injury,Angle,Passenger,45 to 49,None,,,,,,,,,,,,,,,Yes,,,,,Yes,,Yes,,,,152,East Willowdale,51,Willowdale East (51),D32,14726
-8828765.84669662,5428215.9904544,80930346,,2017,2017/10/23 04:00:00+00,833,ELLESMERE RD,PHARMACY AVE,,Major Arterial,Scarborough,21,43.758959,-79.310153,Intersection,At Intersection,Traffic Signal,Clear,Daylight,Dry,Non-Fatal Injury,Pedestrian Collisions,Pedestrian,60 to 64,Major,,Unknown,,,,,Pedestrian hit on sidewalk or shoulder,On Sidewalk or Shoulder,Normal,,,,Yes,,Yes,,,,,,Yes,Yes,,,,119,Wexford/Maryvale,119,Wexford/Maryvale (119),D41,14727
-8831374.95292183,5434232.16239931,80948319,,2018,2018/08/03 04:00:00+00,1653,MORECAMBE GT,VICTORIA PARK AVE,,Major Arterial,Scarborough,1722,43.79798,-79.333591,Intersection,At Intersection,Traffic Signal,Clear,Daylight,Dry,Non-Fatal Injury,Pedestrian Collisions,Driver,50 to 54,None,,West,"Automobile, Station Wagon",Turning Left,Failed to Yield Right of Way,Normal,,,,,,,Yes,,Yes,,,,,,,Yes,,,,147,L'Amoreaux West,117,L'Amoreaux (117),D42,14728
-8828765.84669662,5428215.9904544,80930347,,2017,2017/10/23 04:00:00+00,833,ELLESMERE RD,PHARMACY AVE,,Major Arterial,Scarborough,21,43.758959,-79.310153,Intersection,At Intersection,Traffic Signal,Clear,Daylight,Dry,Non-Fatal Injury,Pedestrian Collisions,Driver,70 to 74,None,,West,"Automobile, Station Wagon",Turning Left,Driving Properly,Normal,,,,,,,Yes,,Yes,,,,,,Yes,Yes,,,,119,Wexford/Maryvale,119,Wexford/Maryvale (119),D41,14729
-8856218.68027962,5418300.90336552,81072167,,2018,2018/09/15 04:00:00+00,1625,DIXON RD,KIPLING AVE,200 m East of,Major Arterial,Etobicoke York,12,43.694594,-79.556766,Mid-Block,At/Near Private Drive,No Control,Clear,Daylight,Dry,Non-Fatal Injury,Turning Movement,Motorcycle Driver,60 to 64,Major,,East,Motorcycle,Going Ahead,Driving Properly,Normal,,,,,,,,,Yes,Yes,,,,,,Yes,,,,6,Kingsview Village-The Westway,6,Kingsview Village-The Westway (6),D23,14730
-8820047.86077514,5432045.62119998,80941914,,2018,2018/02/23 05:00:00+00,118,931 PROGRESS AVE,,5 m West of,Minor Arterial,Scarborough,24,43.783801,-79.231838,Intersection,Intersection Related,Traffic Signal,Clear,"Dark, artificial",Dry,Non-Fatal Injury,SMV Other,Driver,25 to 29,Minor,,North,"Automobile, Station Wagon",Going Ahead,Other,"Ability Impaired, Alcohol Over .08",,,,,,,,,Yes,,,,,Yes,,,,Yes,,142,Woburn North,137,Woburn (137),D43,14731
-8839845.03033731,5431611.58223014,81117413,,2018,2018/01/19 05:00:00+00,1800,FINCH AVE E,DUDLEY AVE,,Major Arterial,North York,18,43.780986,-79.409679,Intersection,At Intersection,Stop Sign,Clear,"Dark, artificial",Dry,Non-Fatal Injury,Angle,Passenger,90 to 94,Major,,,,,,,,,,,,,,,Yes,,,,,Yes,,Yes,,,,152,East Willowdale,51,Willowdale East (51),D32,14732
-8862759.14564169,5427616.29981777,80941866,,2018,2018/05/21 04:00:00+00,2020,STEELES AVE W,HIGHWAY 27  N,50 m West of,Major Arterial,North York,1,43.755068,-79.61552,Mid-Block,Non Intersection,No Control,Clear,"Dark, artificial",Dry,Non-Fatal Injury,Rear End,Driver,45 to 49,Minimal,,East,"Automobile, Station Wagon",Stopped,Driving Properly,Normal,,,,,,,,,Yes,,,,,Yes,Yes,Yes,,,,1,West Humber-Clairville,1,West Humber-Clairville (1),D23,14733
-8849740.21987392,5413827.85167874,81148237,,2018,2018/04/10 04:00:00+00,2256,DUNDAS ST W,GOOCH AVE,1 m West of,Major Arterial,Etobicoke York,4,43.665534,-79.498569,Intersection,At Intersection,No Control,Clear,"Dark, artificial",Dry,Non-Fatal Injury,Pedestrian Collisions,Pedestrian,60 to 64,Major,,South,,,,,Vehicle is going straight thru inter.while ped cross without ROW,Crossing without right of way,"Ability Impaired, Alcohol Over .80",,,,Yes,,Yes,,,,,,,,,,,89,Runnymede-Bloor West Village,89,Runnymede-Bloor West Village (89),D11,14734
-8828765.84669662,5428215.9904544,80930348,,2017,2017/10/23 04:00:00+00,833,ELLESMERE RD,PHARMACY AVE,,Major Arterial,Scarborough,21,43.758959,-79.310153,Intersection,At Intersection,Traffic Signal,Clear,Daylight,Dry,Non-Fatal Injury,Pedestrian Collisions,Driver,25 to 29,None,,East,"Automobile, Station Wagon",Going Ahead,Exceeding Speed Limit,Normal,,,,,,,Yes,,Yes,,,,,,Yes,Yes,,,,119,Wexford/Maryvale,119,Wexford/Maryvale (119),D41,14735
-8828765.84669662,5428215.9904544,80930349,,2017,2017/10/23 04:00:00+00,833,ELLESMERE RD,PHARMACY AVE,,Major Arterial,Scarborough,21,43.758959,-79.310153,Intersection,At Intersection,Traffic Signal,Clear,Daylight,Dry,Non-Fatal Injury,Pedestrian Collisions,Driver,20 to 24,None,,West,"Automobile, Station Wagon",Turning Left,Failed to Yield Right of Way,Normal,,,,,,,Yes,,Yes,,,,,,Yes,Yes,,,,119,Wexford/Maryvale,119,Wexford/Maryvale (119),D41,14736
-8839845.03033731,5431611.58223014,81117414,,2018,2018/01/19 05:00:00+00,1800,FINCH AVE E,DUDLEY AVE,,Major Arterial,North York,18,43.780986,-79.409679,Intersection,At Intersection,Stop Sign,Clear,"Dark, artificial",Dry,Non-Fatal Injury,Angle,Passenger,75 to 79,None,,,,,,,,,,,,,,,Yes,,,,,Yes,,Yes,,,,152,East Willowdale,51,Willowdale East (51),D32,14737
-8851170.45269164,5416653.04135903,81133876,,2018,2018/02/23 05:00:00+00,612,EGLINTON AVE W,SCARLETT RD,,Major Arterial,Etobicoke York,2,43.68389,-79.511417,Intersection,Intersection Related,Traffic Signal,Clear,Dark,Dry,Non-Fatal Injury,Pedestrian Collisions,Driver,50 to 54,None,,South,"Automobile, Station Wagon",Turning Left,Driving Properly,Normal,,,,,,,Yes,,Yes,,,,,,,,,,,9,Edenbridge-Humber Valley,9,Edenbridge-Humber Valley (9),D22,14738
-8835829.51366542,5412148.47692292,80972083,,2018,2018/09/15 04:00:00+00,2130,JARVIS ST,QUEEN ST E,100 m North of,Major Arterial,Scarborough,13,43.65462,-79.373607,Mid-Block,Non Intersection,No Control,Clear,"Dark, artificial",Dry,Non-Fatal Injury,Turning Movement,Driver,55 to 59,None,,North,"Automobile, Station Wagon",Making U Turn,Improper Turn,Normal,,,,,,,,,Yes,Yes,,,,,,,,,,73,Moss Park,73,Moss Park (73),D51,14739
-8831374.95292183,5434232.16239931,80948320,,2018,2018/08/03 04:00:00+00,1653,MORECAMBE GT,VICTORIA PARK AVE,,Major Arterial,Scarborough,1722,43.79798,-79.333591,Intersection,At Intersection,Traffic Signal,Clear,Daylight,Dry,Non-Fatal Injury,Pedestrian Collisions,Pedestrian,45 to 49,Major,,West,,,,,Vehicle turns left while ped crosses with ROW at inter.,Crossing with right of way,Had Been Drinking,,,,Yes,,Yes,,,,,,,Yes,,,,147,L'Amoreaux West,117,L'Amoreaux (117),D42,14740
-8844816.00219868,5430150.64774777,80900781,,2018,2018/04/12 04:00:00+00,1425,625 FINCH AVE W,,,Major Arterial,North York,6,43.77151,-79.454334,Intersection,At Intersection,Traffic Signal,Clear,Daylight,Wet,Non-Fatal Injury,Pedestrian Collisions,Pedestrian,10 to 14,Minor,,North,,,,,Vehicle is going straight thru inter.while ped cross with ROW,Crossing with right of way,Normal,,,,Yes,,Yes,,,,,,,Yes,Yes,,,35,Westminster-Branson,35,Westminster-Branson (35),D32,14741
-8833566.94501504,5430481.63488609,80948375,,2018,2018/08/03 04:00:00+00,2127,SHEPPARD AVE E,SHAUGHNESSY BLVD,10 m North of,Major Arterial,North York,17,43.773657,-79.353282,Intersection,At Intersection,Traffic Signal,Clear,"Dark, artificial",Dry,Non-Fatal Injury,Pedestrian Collisions,Driver,45 to 49,None,,North,"Automobile, Station Wagon",Turning Right,Failed to Yield Right of Way,Normal,,,,,,,Yes,,Yes,,,,,,,Yes,,,,53,Henry Farm,53,Henry Farm (53),D33,14742
-8840992.40032892,5431560.39319092,80893255,,2017,2017/10/26 04:00:00+00,1904,HENDON  AVE,ELDORA  AVE,,Collector,North York,18,43.780654,-79.419986,Intersection,At Intersection,No Control,Clear,"Dark, artificial",Dry,Non-Fatal Injury,Pedestrian Collisions,Driver,65 to 69,None,,East,"Automobile, Station Wagon",Going Ahead,Driving Properly,Normal,,,,,,,Yes,,Yes,,,,,,,Yes,,,,36,Newtonbrook West,36,Newtonbrook West (36),D32,14743
-8835829.51366542,5412148.47692292,80972084,,2018,2018/09/15 04:00:00+00,2130,JARVIS ST,QUEEN ST E,100 m North of,Major Arterial,Scarborough,13,43.65462,-79.373607,Mid-Block,Non Intersection,No Control,Clear,"Dark, artificial",Dry,Non-Fatal Injury,Turning Movement,Motorcycle Driver,45 to 49,Major,,South,Motorcycle,Going Ahead,Driving Properly,Normal,,,,,,,,,Yes,Yes,,,,,,,,,,73,Moss Park,73,Moss Park (73),D51,14744
-8862759.14564169,5427616.29981777,80941867,,2018,2018/05/21 04:00:00+00,2020,STEELES AVE W,HIGHWAY 27  N,50 m West of,Major Arterial,North York,1,43.755068,-79.61552,Mid-Block,Non Intersection,No Control,Clear,"Dark, artificial",Dry,Non-Fatal Injury,Rear End,Driver,25 to 29,Major,,East,"Automobile, Station Wagon",Stopped,Driving Properly,Normal,,,,,,,,,Yes,,,,,Yes,Yes,Yes,,,,1,West Humber-Clairville,1,West Humber-Clairville (1),D23,14745
-8816218.35897236,5434127.44209676,80942982,,2018,2018/01/20 05:00:00+00,2105,MORNINGSIDE AVE,CINEMART DR,35 m South of,Major Arterial,Scarborough,25,43.797301,-79.197437,Mid-Block,Non Intersection,No Control,Clear,"Dark, artificial",Dry,Non-Fatal Injury,Pedestrian Collisions,Pedestrian,45 to 49,Major,,West,,,,,Pedestrian hit at mid-block,"Crossing, no Traffic Control",Inattentive,,,,Yes,,Yes,,,,,,,,,,,146,Malvern East,132,Malvern (132),D42,14746
-8851170.45269164,5416653.04135903,81133877,,2018,2018/02/23 05:00:00+00,612,EGLINTON AVE W,SCARLETT RD,,Major Arterial,Etobicoke York,2,43.68389,-79.511417,Intersection,Intersection Related,Traffic Signal,Clear,Dark,Dry,Non-Fatal Injury,Pedestrian Collisions,Pedestrian,50 to 54,Major,,North,,,,,Vehicle turns left while ped crosses with ROW at inter.,Crossing with right of way,Inattentive,,,,Yes,,Yes,,,,,,,,,,,9,Edenbridge-Humber Valley,9,Edenbridge-Humber Valley (9),D22,14747
-8844816.00219868,5430150.64774777,80900782,,2018,2018/04/12 04:00:00+00,1425,625 FINCH AVE W,,,Major Arterial,North York,6,43.77151,-79.454334,Intersection,At Intersection,Traffic Signal,Clear,Daylight,Wet,Non-Fatal Injury,Pedestrian Collisions,Driver,35 to 39,None,,North,"Automobile, Station Wagon",Turning Left,Driving Properly,Normal,,,,,,,Yes,,Yes,,,,,,,Yes,Yes,,,35,Westminster-Branson,35,Westminster-Branson (35),D32,14748
-8833566.94501504,5430481.63488609,80948376,,2018,2018/08/03 04:00:00+00,2127,SHEPPARD AVE E,SHAUGHNESSY BLVD,10 m North of,Major Arterial,North York,17,43.773657,-79.353282,Intersection,At Intersection,Traffic Signal,Clear,"Dark, artificial",Dry,Non-Fatal Injury,Pedestrian Collisions,Pedestrian,35 to 39,Major,,West,,,,,Vehicle turns right while ped crosses with ROW at inter.,Crossing with right of way,Normal,,,,Yes,,Yes,,,,,,,Yes,,,,53,Henry Farm,53,Henry Farm (53),D33,14749
-8820006.22728559,5436912.42009056,80948248,,2018,2018/08/04 04:00:00+00,1425,FINCHDENE SQ,FINCH AVE E,16 m North of,Minor Arterial,Scarborough,23,43.815356,-79.231464,Intersection,At Intersection,Traffic Signal,Clear,Daylight,Dry,Non-Fatal Injury,SMV Other,Motorcycle Driver,20 to 24,Major,,West,Motorcycle,Turning Right,Lost control,Inattentive,,,,,,,,,,Yes,,,,,,,,,,145,Malvern West,132,Malvern (132),D42,14750
-8810939.92267742,5432623.85761631,81131648,,2018,2018/09/16 04:00:00+00,408,LAWSON RD,ST MAGNUS DR,60 m West of,Collector,Scarborough,25,43.787551,-79.15002,Mid-Block,Non Intersection,No Control,Clear,"Dark, artificial",Dry,Non-Fatal Injury,SMV Other,Driver,unknown,None,,East,"Automobile, Station Wagon",Going Ahead,Lost control,Unknown,,,,,,,,,Yes,,,,,Yes,,,,,,133,Centennial Scarborough,133,Centennial Scarborough (133),D43,14751
-8862759.14564169,5427616.29981777,80941868,,2018,2018/05/21 04:00:00+00,2020,STEELES AVE W,HIGHWAY 27  N,50 m West of,Major Arterial,North York,1,43.755068,-79.61552,Mid-Block,Non Intersection,No Control,Clear,"Dark, artificial",Dry,Non-Fatal Injury,Rear End,Driver,30 to 34,None,,East,"Automobile, Station Wagon",Going Ahead,Speed too Fast For Condition,Inattentive,,,,,,,,,Yes,,,,,Yes,Yes,Yes,,,,1,West Humber-Clairville,1,West Humber-Clairville (1),D23,14752
-8816218.35897236,5434127.44209676,80942983,,2018,2018/01/20 05:00:00+00,2105,MORNINGSIDE AVE,CINEMART DR,35 m South of,Major Arterial,Scarborough,25,43.797301,-79.197437,Mid-Block,Non Intersection,No Control,Clear,"Dark, artificial",Dry,Non-Fatal Injury,Pedestrian Collisions,Driver,unknown,None,,South,"Automobile, Station Wagon",Going Ahead,Driving Properly,Unknown,,,,,,,Yes,,Yes,,,,,,,,,,,146,Malvern East,132,Malvern (132),D42,14753
-8851853.28644816,5413178.62342718,80931178,,2018,2018/02/24 05:00:00+00,849,ROYAL YORK RD,STRATH HUMBER CRT,15 m South of,Minor Arterial,Etobicoke York,2,43.661315,-79.517551,Intersection,At Intersection,No Control,Clear,Daylight,Dry,Non-Fatal Injury,Pedestrian Collisions,Pedestrian,65 to 69,Major,,West,,,,,Pedestrian hit at mid-block,"Crossing, no Traffic Control",Normal,,,,Yes,,Yes,,,,,,,Yes,,,,9,Edenbridge-Humber Valley,9,Edenbridge-Humber Valley (9),D22,14754
-8844816.00219868,5430150.64774777,80900783,,2018,2018/04/12 04:00:00+00,1425,625 FINCH AVE W,,,Major Arterial,North York,6,43.77151,-79.454334,Intersection,At Intersection,Traffic Signal,Clear,Daylight,Wet,Non-Fatal Injury,Pedestrian Collisions,Driver,80 to 84,Major,,East,"Automobile, Station Wagon",Going Ahead,Disobeyed Traffic Control,Inattentive,,,,,,,Yes,,Yes,,,,,,,Yes,Yes,,,35,Westminster-Branson,35,Westminster-Branson (35),D32,14755
-8845025.72811934,5415873.24206299,80949868,,2018,2018/08/04 04:00:00+00,2137,123 CALEDONIA  RD,,50 m North of,Minor Arterial,Etobicoke York,9,43.678824,-79.456218,Mid-Block,At/Near Private Drive,No Control,Clear,"Dark, artificial",Dry,Non-Fatal Injury,Pedestrian Collisions,Driver,55 to 59,None,,North,Delivery Van,Going Ahead,Driving Properly,Normal,,,,,,,Yes,,Yes,,,,,Yes,,,,,,92,Corso Italia-Davenport,92,Corso Italia-Davenport (92),D13,14756
-8840992.40032892,5431560.39319092,80893256,,2017,2017/10/26 04:00:00+00,1904,HENDON  AVE,ELDORA  AVE,,Collector,North York,18,43.780654,-79.419986,Intersection,At Intersection,No Control,Clear,"Dark, artificial",Dry,Non-Fatal Injury,Pedestrian Collisions,Pedestrian,65 to 69,Major,,North,,,,,Vehicle is going straight thru inter.while ped cross without ROW,Crossing without right of way,Normal,,,,Yes,,Yes,,,,,,,Yes,,,,36,Newtonbrook West,36,Newtonbrook West (36),D32,14757
-8810939.92267742,5432623.85761631,81131649,,2018,2018/09/16 04:00:00+00,408,LAWSON RD,ST MAGNUS DR,60 m West of,Collector,Scarborough,25,43.787551,-79.15002,Mid-Block,Non Intersection,No Control,Clear,"Dark, artificial",Dry,Non-Fatal Injury,SMV Other,Passenger,25 to 29,Major,,,,,,,,,,,,,,,Yes,,,,,Yes,,,,,,133,Centennial Scarborough,133,Centennial Scarborough (133),D43,14758
-8844666.50012255,5433115.61840755,80923405,,2018,2018/01/22 05:00:00+00,1130,THURMAN  RD,STEELES  AVE W,,Major Arterial,North York,6,43.79074,-79.452991,Intersection,At Intersection,Traffic Signal,Rain,Daylight,Wet,Non-Fatal Injury,Cyclist Collisions,Cyclist,65 to 69,Major,,North,Bicycle,Going Ahead,,,,,,Motorist turned left across cyclists path.,Driving Properly,Normal,,Yes,Yes,,,,,,,Yes,,,,35,Westminster-Branson,35,Westminster-Branson (35),D32,14759
-8834939.40301703,5431412.06992934,80942987,,2018,2018/05/22 04:00:00+00,1325,4800 LESLIE ST,,60 m West of,Major Arterial,North York,17,43.779692,-79.365611,Mid-Block,Non Intersection,No Control,Clear,"Daylight, artificial",Dry,Non-Fatal Injury,Pedestrian Collisions,Pedestrian,50 to 54,Major,,East,,,,,Pedestrian hit at mid-block,"Crossing, no Traffic Control",Normal,,,,Yes,,Yes,,,,,Yes,,,,,,47,Don Valley Village,47,Don Valley Village (47),D33,14760
-8844666.50012255,5433115.61840755,80923406,,2018,2018/01/22 05:00:00+00,1130,THURMAN  RD,STEELES  AVE W,,Major Arterial,North York,6,43.79074,-79.452991,Intersection,At Intersection,Traffic Signal,Rain,Daylight,Wet,Non-Fatal Injury,Cyclist Collisions,Driver,80 to 84,None,,South,"Automobile, Station Wagon",Turning Left,Failed to Yield Right of Way,Inattentive,,,,,,,,Yes,Yes,,,,,,,Yes,,,,35,Westminster-Branson,35,Westminster-Branson (35),D32,14761