X,Y,INDEX_,ACCNUM,YEAR,DATE,TIME,STREET1,STREET2,OFFSET,ROAD_CLASS,DISTRICT,WARDNUM,LATITUDE,LONGITUDE,LOCCOORD,ACCLOC,TRAFFCTL,VISIBILITY,LIGHT,RDSFCOND,ACCLASS,IMPACTYPE,INVTYPE,INVAGE,INJURY,FATAL_NO,INITDIR,VEHTYPE,MANOEUVER,DRIVACT,DRIVCOND,PEDTYPE,PEDACT,PEDCOND,CYCLISTYPE,CYCACT,CYCCOND,PEDESTRIAN,CYCLIST,AUTOMOBILE,MOTORCYCLE,TRUCK,TRSN_CITY_VEH,EMERG_VEH,PASSENGER,SPEEDING,AG_DRIV,REDLIGHT,ALCOHOL,DISABILITY,HOOD_158,NEIGHBOURHOOD_158,HOOD_140,NEIGHBOURHOOD_140,DIVISION,ObjectId
-8831221.99994148,5424910.0855649,80885750,,2018,2018/03/02 05:00:00+00,649,DON VALLEY PARKWAY  S,LAWRENCE AVE E,200 m South of,Expressway,North York,16,43.737506,-79.332217,Mid-Block,Non Intersection,No Control,Clear,Daylight,Wet,Non-Fatal Injury,Rear End,Passenger,50 to 54,None,,,,,,,,,,,,,,,Yes,,,,,Yes,,Yes,,,,42,Banbury-Don Mills,42,Banbury-Don Mills (42),D33,14870
-8858484.58851472,5419929.65688101,80943472,,2018,2018/05/30 04:00:00+00,329,MARTIN GROVE RD,VULCAN ST,,Major Arterial,Etobicoke York,1,43.705172,-79.577121,Intersection,At Intersection,Traffic Signal,,Dark,,Fatal,Turning Movement,Truck Driver,50 to 54,None,,North,"Truck - Closed (Blazer, etc)",Turning Left,Driving Properly,Normal,,,,,,,,,,Yes,Yes,,,,Yes,Yes,,,,1,West Humber-Clairville,1,West Humber-Clairville (1),D23,14871
-8841600.53870712,5410330.34472122,80921426,,2017,2017/11/02 04:00:00+00,2215,1172 QUEEN ST W,,75 m East of,Major Arterial,Toronto and East York,9,43.642802,-79.425449,Mid-Block,Non Intersection,No Control,Rain,Dark,Wet,Non-Fatal Injury,Pedestrian Collisions,Driver,50 to 54,None,,West,Street Car,Going Ahead,Driving Properly,Normal,,,,,,,Yes,,,,,Yes,,,,,,,,84,Little Portugal,84,Little Portugal (84),D14,14872
-8841647.18157376,5419636.00424674,80929712,,2018,2018/01/28 05:00:00+00,140,BATHURST ST,RIDGE HILL DR,,Major Arterial,Toronto and East York,8,43.703265,-79.425868,Intersection,At Intersection,Traffic Signal,Clear,"Dark, artificial",Dry,Non-Fatal Injury,Pedestrian Collisions,Pedestrian,50 to 54,Major,,East,,,,,Vehicle is going straight thru inter.while ped cross without ROW,Crossing without right of way,"Ability Impaired, Alcohol",,,,Yes,,Yes,,,,,,,,,,,102,Forest Hill North,102,Forest Hill North (102),D53,14873
-8841647.18157376,5419636.00424674,80929713,,2018,2018/01/28 05:00:00+00,140,BATHURST ST,RIDGE HILL DR,,Major Arterial,Toronto and East York,8,43.703265,-79.425868,Intersection,At Intersection,Traffic Signal,Clear,"Dark, artificial",Dry,Non-Fatal Injury,Pedestrian Collisions,Driver,40 to 44,None,,South,"Automobile, Station Wagon",Going Ahead,Driving Properly,Normal,,,,,,,Yes,,Yes,,,,,,,,,,,102,Forest Hill North,102,Forest Hill North (102),D53,14874
-8812506.07659339,5432250.85242611,80943293,,2018,2018/04/21 04:00:00+00,1,HIGHWAY 2A  E,LAWSON RD,400 m East of,Expressway,Scarborough,25,43.785132,-79.164089,Mid-Block,Non Intersection,No Control,Clear,Dark,Dry,Non-Fatal Injury,Rear End,Driver,20 to 24,Minimal,,East,"Automobile, Station Wagon",Going Ahead,Exceeding Speed Limit,Had Been Drinking,,,,,,,,,Yes,,,,,Yes,Yes,Yes,,,,133,Centennial Scarborough,133,Centennial Scarborough (133),D43,14875
-8856538.83513514,5421173.35702221,80948823,,2018,2018/08/09 04:00:00+00,1415,REXDALE BLVD,BERGAMOT AVE,,Major Arterial,Etobicoke York,1,43.713248,-79.559642,Intersection,At Intersection,Traffic Signal,Clear,Daylight,Dry,Non-Fatal Injury,Turning Movement,Driver,70 to 74,Major,,West,"Automobile, Station Wagon",Going Ahead,Driving Properly,Normal,,,,,,,,,Yes,,,,,,,Yes,,,,1,West Humber-Clairville,1,West Humber-Clairville (1),D23,14876
-8861414.62883189,5421851.94957864,80971994,,2018,2018/09/21 04:00:00+00,1723,WOODBINE TRACK ACCESS,REXDALE BLVD,150 m South of,Local,Etobicoke York,1,43.717654,-79.603442,Mid-Block,Non Intersection,No Control,Rain,Daylight,Wet,Non-Fatal Injury,Turning Movement,Driver,40 to 44,None,,South,"Automobile, Station Wagon",Making U Turn,Improper Turn,Normal,,,,,,,,,Yes,,Yes,,,Yes,,,,,,1,West Humber-Clairville,1,West Humber-Clairville (1),D23,14877
-8856831.04879847,5426482.98945568,80793690,,2018,2018/02/02 05:00:00+00,943,FINCH AVE W,ARDWICK BLVD,,Major Arterial,Etobicoke York,7,43.747714,-79.562267,Intersection,At Intersection,Traffic Signal,Clear,Daylight,Dry,Fatal,Pedestrian Collisions,Pedestrian,70 to 74,Fatal,9,North,,,,,Vehicle turns left while ped crosses with ROW at inter.,Crossing with right of way,Normal,,,,Yes,,Yes,,,,,,,Yes,,,,22,Humbermede,22,Humbermede (22),D31,14878
-8818010.38013515,5436719.42659384,80877056,,2018,2018/04/21 04:00:00+00,2341,SEWELLS RD,HUPFIELD TRL,,Minor Arterial,Scarborough,25,43.814105,-79.213535,Mid-Block,Non Intersection,No Control,Clear,"Dark, artificial",Dry,Fatal,SMV Other,Driver,25 to 29,Fatal,20,East,"Automobile, Station Wagon",Going Ahead,Lost control,Unknown,,,,,,,,,Yes,,,,,,Yes,Yes,,,,146,Malvern East,132,Malvern (132),D42,14879
-8831221.99994148,5424910.0855649,80885751,,2018,2018/03/02 05:00:00+00,649,DON VALLEY PARKWAY  S,LAWRENCE AVE E,200 m South of,Expressway,North York,16,43.737506,-79.332217,Mid-Block,Non Intersection,No Control,Clear,Daylight,Wet,Non-Fatal Injury,Rear End,Driver,50 to 54,None,,South,"Automobile, Station Wagon",Stopped,Driving Properly,Normal,,,,,,,,,Yes,,,,,Yes,,Yes,,,,42,Banbury-Don Mills,42,Banbury-Don Mills (42),D33,14880
-8858484.58851472,5419929.65688101,80943990,,2018,2018/05/30 04:00:00+00,329,MARTIN GROVE RD,VULCAN ST,,Major Arterial,Etobicoke York,1,43.705172,-79.577121,Intersection,At Intersection,Traffic Signal,,Dark,,Fatal,Turning Movement,Motorcycle Driver,20 to 24,Fatal,27,South,Motorcycle,Going Ahead,Exceeding Speed Limit,Unknown,,,,,,,,,,Yes,Yes,,,,Yes,Yes,,,,1,West Humber-Clairville,1,West Humber-Clairville (1),D23,14881
-8846564.60876006,5432571.42935252,80943456,,2017,2017/11/03 04:00:00+00,649,DUFFERIN ST,STEELES  AVE W,1 m West of,Major Arterial,North York,6,43.787211,-79.470042,Intersection,At Intersection,Traffic Signal,Rain,"Dark, artificial",Wet,Non-Fatal Injury,Pedestrian Collisions,Pedestrian,60 to 64,Major,,South,,,,,Vehicle turns right while ped crosses with ROW at inter.,Crossing with right of way,Normal,,,,Yes,,Yes,,,,,,,Yes,,,,34,Bathurst Manor,34,Bathurst Manor (34),D32,14882
-8831221.99994148,5424910.0855649,80885752,,2018,2018/03/02 05:00:00+00,649,DON VALLEY PARKWAY  S,LAWRENCE AVE E,200 m South of,Expressway,North York,16,43.737506,-79.332217,Mid-Block,Non Intersection,No Control,Clear,Daylight,Wet,Non-Fatal Injury,Rear End,Driver,30 to 34,None,,South,"Automobile, Station Wagon",Stopped,Driving Properly,Normal,,,,,,,,,Yes,,,,,Yes,,Yes,,,,42,Banbury-Don Mills,42,Banbury-Don Mills (42),D33,14883
-8827411.19981315,5415871.54892653,80948767,,2018,2018/08/10 04:00:00+00,1038,KINGSTON RD,SOUTHWOOD DR,,Major Arterial,Toronto and East York,19,43.678813,-79.297984,Intersection,At Intersection,Traffic Signal,Clear,Daylight,Dry,Non-Fatal Injury,Pedestrian Collisions,Driver,20 to 24,None,,West,"Automobile, Station Wagon",Turning Left,Failed to Yield Right of Way,Inattentive,,,,,,,Yes,,Yes,,,,,,,Yes,,,,63,The Beaches,63,The Beaches (63),D55,14884
-8861414.62883189,5421851.94957864,80971995,,2018,2018/09/21 04:00:00+00,1723,WOODBINE TRACK ACCESS,REXDALE BLVD,150 m South of,Local,Etobicoke York,1,43.717654,-79.603442,Mid-Block,Non Intersection,No Control,Rain,Daylight,Wet,Non-Fatal Injury,Turning Movement,Truck Driver,50 to 54,Minimal,,South,Truck - Dump,Going Ahead,Driving Properly,Normal,,,,,,,,,Yes,,Yes,,,Yes,,,,,,1,West Humber-Clairville,1,West Humber-Clairville (1),D23,14885
-8828949.30121745,5416570.22496478,80944297,,2018,2018/05/30 04:00:00+00,2103,WOODBINE AVE,MERRILL AVE E,,Major Arterial,Toronto and East York,19,43.683352,-79.311801,Intersection,At Intersection,No Control,Clear,"Dark, artificial",Dry,Non-Fatal Injury,Cyclist Collisions,Cyclist,20 to 24,Major,,South,Bicycle,Going Ahead,,,,,,"Cyclist without ROW rides into path of motorist at inter, lnwy, dwy-Cyclist not turn.",Speed too Fast For Condition,Normal,,Yes,Yes,,,,,,,,,,,62,East End-Danforth,62,East End-Danforth (62),D55,14886
-8856831.04879847,5426482.98945568,80793694,,2018,2018/02/02 05:00:00+00,943,FINCH AVE W,ARDWICK BLVD,,Major Arterial,Etobicoke York,7,43.747714,-79.562267,Intersection,At Intersection,Traffic Signal,Clear,Daylight,Dry,Fatal,Pedestrian Collisions,Driver,50 to 54,None,,South,Delivery Van,Turning Left,Failed to Yield Right of Way,Normal,,,,,,,Yes,,Yes,,,,,,,Yes,,,,22,Humbermede,22,Humbermede (22),D31,14887
-8847094.60085573,5417525.12152817,80942257,,2018,2018/04/22 04:00:00+00,1706,1854 KEELE ST,,,Major Arterial,North York,5,43.689555,-79.474803,Mid-Block,Non Intersection,No Control,Clear,"Dark, artificial",Dry,Non-Fatal Injury,Pedestrian Collisions,Pedestrian,60 to 64,Major,,West,,,,,Pedestrian hit at mid-block,"Crossing, no Traffic Control",Other,,,,Yes,,,Yes,,,,,Yes,Yes,,,,110,Keelesdale-Eglinton West,110,Keelesdale-Eglinton West (110),D12,14888
-8846564.60876006,5432571.42935252,80943457,,2017,2017/11/03 04:00:00+00,649,DUFFERIN ST,STEELES  AVE W,1 m West of,Major Arterial,North York,6,43.787211,-79.470042,Intersection,At Intersection,Traffic Signal,Rain,"Dark, artificial",Wet,Non-Fatal Injury,Pedestrian Collisions,Driver,35 to 39,None,,South,Pick Up Truck,Turning Right,Failed to Yield Right of Way,Normal,,,,,,,Yes,,Yes,,,,,,,Yes,,,,34,Bathurst Manor,34,Bathurst Manor (34),D32,14889
-8831221.99994148,5424910.0855649,80885753,,2018,2018/03/02 05:00:00+00,649,DON VALLEY PARKWAY  S,LAWRENCE AVE E,200 m South of,Expressway,North York,16,43.737506,-79.332217,Mid-Block,Non Intersection,No Control,Clear,Daylight,Wet,Non-Fatal Injury,Rear End,Driver,50 to 54,Major,,South,"Automobile, Station Wagon",Stopped,Driving Properly,Normal,,,,,,,,,Yes,,,,,Yes,,Yes,,,,42,Banbury-Don Mills,42,Banbury-Don Mills (42),D33,14890
-8861414.62883189,5421851.94957864,80971996,,2018,2018/09/21 04:00:00+00,1723,WOODBINE TRACK ACCESS,REXDALE BLVD,150 m South of,Local,Etobicoke York,1,43.717654,-79.603442,Mid-Block,Non Intersection,No Control,Rain,Daylight,Wet,Non-Fatal Injury,Turning Movement,Passenger,40 to 44,None,,,,,,,,,,,,,,,Yes,,Yes,,,Yes,,,,,,1,West Humber-Clairville,1,West Humber-Clairville (1),D23,14891
-8827411.19981315,5415871.54892653,80948768,,2018,2018/08/10 04:00:00+00,1038,KINGSTON RD,SOUTHWOOD DR,,Major Arterial,Toronto and East York,19,43.678813,-79.297984,Intersection,At Intersection,Traffic Signal,Clear,Daylight,Dry,Non-Fatal Injury,Pedestrian Collisions,Pedestrian,20 to 24,Major,,West,,,,,Vehicle turns left while ped crosses with ROW at inter.,Crossing with right of way,Normal,,,,Yes,,Yes,,,,,,,Yes,,,,63,The Beaches,63,The Beaches (63),D55,14892
-8835200.22458396,5413626.41522964,80942136,,2018,2018/02/03 05:00:00+00,403,PARLIAMENT ST,CARLTON ST,20 m North of,Minor Arterial,Toronto and East York,13,43.664225,-79.367954,Intersection,At Intersection,Traffic Signal,Clear,"Dark, artificial",Dry,Non-Fatal Injury,Pedestrian Collisions,Pedestrian,60 to 64,Major,,East,,,,,Vehicle is going straight thru inter.while ped cross with ROW,Crossing with right of way,Had Been Drinking,,,,Yes,,Yes,,,,,,,,,,,71,Cabbagetown-South St.James Town,71,Cabbagetown-South St.James Town (71),D51,14893
-8859828.99400503,5425462.45121432,80942259,,2017,2017/11/03 04:00:00+00,725,FINCH AVENUE W,ALBION ROAD,,Major Arterial,Etobicoke York,1,43.741091,-79.589198,Mid-Block,Non Intersection,No Control,Clear,"Dawn, artificial",Wet,Non-Fatal Injury,Pedestrian Collisions,Pedestrian,50 to 54,Major,,Unknown,,,,,Pedestrian hit at mid-block,"Crossing, no Traffic Control",Had Been Drinking,,,,Yes,,Yes,,,,,,,,,,,2,Mount Olive-Silverstone-Jamestown,2,Mount Olive-Silverstone-Jamestown (2),D23,14894
-8831221.99994148,5424910.0855649,80885754,,2018,2018/03/02 05:00:00+00,649,DON VALLEY PARKWAY  S,LAWRENCE AVE E,200 m South of,Expressway,North York,16,43.737506,-79.332217,Mid-Block,Non Intersection,No Control,Clear,Daylight,Wet,Non-Fatal Injury,Rear End,Driver,40 to 44,None,,South,School Bus,Going Ahead,Following too Close,Normal,,,,,,,,,Yes,,,,,Yes,,Yes,,,,42,Banbury-Don Mills,42,Banbury-Don Mills (42),D33,14895
-8861414.62883189,5421851.94957864,80971997,,2018,2018/09/21 04:00:00+00,1723,WOODBINE TRACK ACCESS,REXDALE BLVD,150 m South of,Local,Etobicoke York,1,43.717654,-79.603442,Mid-Block,Non Intersection,No Control,Rain,Daylight,Wet,Non-Fatal Injury,Turning Movement,Passenger,65 to 69,Major,,,,,,,,,,,,,,,Yes,,Yes,,,Yes,,,,,,1,West Humber-Clairville,1,West Humber-Clairville (1),D23,14896
-8847094.60085573,5417525.12152817,80942258,,2018,2018/04/22 04:00:00+00,1706,1854 KEELE ST,,,Major Arterial,North York,5,43.689555,-79.474803,Mid-Block,Non Intersection,No Control,Clear,"Dark, artificial",Dry,Non-Fatal Injury,Pedestrian Collisions,Motorcycle Driver,unknown,None,,South,Motorcycle,Going Ahead,Exceeding Speed Limit,Other,,,,,,,Yes,,,Yes,,,,,Yes,Yes,,,,110,Keelesdale-Eglinton West,110,Keelesdale-Eglinton West (110),D12,14897
-8835200.22458396,5413626.41522964,80942137,,2018,2018/02/03 05:00:00+00,403,PARLIAMENT ST,CARLTON ST,20 m North of,Minor Arterial,Toronto and East York,13,43.664225,-79.367954,Intersection,At Intersection,Traffic Signal,Clear,"Dark, artificial",Dry,Non-Fatal Injury,Pedestrian Collisions,Driver,unknown,None,,North,Delivery Van,Going Ahead,Other,Unknown,,,,,,,Yes,,Yes,,,,,,,,,,,71,Cabbagetown-South St.James Town,71,Cabbagetown-South St.James Town (71),D51,14898
-8828949.30121745,5416570.22496478,80944298,,2018,2018/05/30 04:00:00+00,2103,WOODBINE AVE,MERRILL AVE E,,Major Arterial,Toronto and East York,19,43.683352,-79.311801,Intersection,At Intersection,No Control,Clear,"Dark, artificial",Dry,Non-Fatal Injury,Cyclist Collisions,Driver,30 to 34,None,,North,"Automobile, Station Wagon",Turning Left,Driving Properly,Normal,,,,,,,,Yes,Yes,,,,,,,,,,,62,East End-Danforth,62,East End-Danforth (62),D55,14899
-8859828.99400503,5425462.45121432,80942260,,2017,2017/11/03 04:00:00+00,725,FINCH AVENUE W,ALBION ROAD,,Major Arterial,Etobicoke York,1,43.741091,-79.589198,Mid-Block,Non Intersection,No Control,Clear,"Dawn, artificial",Wet,Non-Fatal Injury,Pedestrian Collisions,Driver,45 to 49,None,,North,Pick Up Truck,Going Ahead,Other,Unknown,,,,,,,Yes,,Yes,,,,,,,,,,,2,Mount Olive-Silverstone-Jamestown,2,Mount Olive-Silverstone-Jamestown (2),D23,14900
-8851851.50533631,5419095.53535272,80919371,,2018,2018/03/02 05:00:00+00,1435,2083 LAWRENCE AVE W,,,Major Arterial,Etobicoke York,5,43.699755,-79.517535,Mid-Block,Non Intersection,No Control,Clear,Daylight,Dry,Non-Fatal Injury,Pedestrian Collisions,Pedestrian,20 to 24,Major,,North,,,,,Pedestrian hit at mid-block,"Crossing, no Traffic Control",Inattentive,,,,Yes,,Yes,,,,,,,,,,,113,Weston,113,Weston (113),D12,14901
-8820859.7138215,5429513.68125191,80948660,,2018,2018/08/10 04:00:00+00,2055,BELLAMY RD N,BRIMORTON DR,,Minor Arterial,Scarborough,24,43.767378,-79.239131,Intersection,At Intersection,Traffic Signal,Clear,Daylight,Dry,Fatal,Angle,Motorcycle Driver,70 to 74,Fatal,41,West,Motorcycle,Going Ahead,Driving Properly,Unknown,,,,,,,,,Yes,Yes,,,,,,Yes,Yes,,,142,Woburn North,137,Woburn (137),D43,14902
-8861414.62883189,5421851.94957864,80971998,,2018,2018/09/21 04:00:00+00,1723,WOODBINE TRACK ACCESS,REXDALE BLVD,150 m South of,Local,Etobicoke York,1,43.717654,-79.603442,Mid-Block,Non Intersection,No Control,Rain,Daylight,Wet,Non-Fatal Injury,Turning Movement,Passenger,30 to 34,Minor,,,,,,,,,,,,,,,Yes,,Yes,,,Yes,,,,,,1,West Humber-Clairville,1,West Humber-Clairville (1),D23,14903
-8820859.7138215,5429513.68125191,80948664,,2018,2018/08/10 04:00:00+00,2055,BELLAMY RD N,BRIMORTON DR,,Minor Arterial,Scarborough,24,43.767378,-79.239131,Intersection,At Intersection,Traffic Signal,Clear,Daylight,Dry,Fatal,Angle,Driver,30 to 34,None,,North,"Automobile, Station Wagon",Going Ahead,Disobeyed Traffic Control,Unknown,,,,,,,,,Yes,Yes,,,,,,Yes,Yes,,,142,Woburn North,137,Woburn (137),D43,14904
-8853931.51002178,5427331.18687507,80877058,,2018,2018/04/23 04:00:00+00,20,FINCH AVE W,SIGNET DR,,Major Arterial,Etobicoke York,7,43.753218,-79.53622,Intersection,At Intersection,Traffic Signal,Clear,"Dark, artificial",Dry,Fatal,Angle,Driver,15 to 19,Minor,,South,"Automobile, Station Wagon",Going Ahead,Driving Properly,Normal,,,,,,,,,Yes,,,,,,Yes,Yes,Yes,,,22,Humbermede,22,Humbermede (22),D31,14905
-8847375.79388947,5417393.49603114,80926724,,2018,2018/02/03 05:00:00+00,1525,8 HERTFORD AVE,,30 m North of,Local,Etobicoke York,5,43.6887,-79.477329,Mid-Block,Non Intersection,No Control,Clear,"Daylight, artificial",Dry,Non-Fatal Injury,Cyclist Collisions,Other,unknown,None,,West,,Parked,,,,,,,,,,Yes,,,,,,,,,,,,110,Keelesdale-Eglinton West,110,Keelesdale-Eglinton West (110),D12,14906
-8848309.09650028,5411167.21340082,80944170,,2018,2018/05/31 04:00:00+00,755,BLOOR ST W,SOUTH KINGSWAY,,Major Arterial,Etobicoke York,4,43.648242,-79.485713,Intersection,At Intersection,Traffic Signal,Clear,Daylight,Dry,Non-Fatal Injury,Pedestrian Collisions,Truck Driver,20 to 24,None,,East,Truck - Dump,Turning Right,Improper Turn,Normal,,,,,,,Yes,,,,Yes,,,,,,,,,87,High Park-Swansea,87,High Park-Swansea (87),D11,14907
-8824623.87108318,5430364.16161182,80910262,,2017,2017/11/03 04:00:00+00,1202,PROGRESS AVE,MIDLAND AVE,,Major Arterial,Scarborough,21,43.772895,-79.272945,Intersection,At Intersection,Traffic Signal,Clear,Daylight,Dry,Non-Fatal Injury,Pedestrian Collisions,Pedestrian,30 to 34,Major,,South,,,,,Vehicle is going straight thru inter.while ped cross without ROW,Running onto Roadway,Medical or Physical Disability,,,,Yes,,Yes,,,,,,,,,,,156,Bendale-Glen Andrew,127,Bendale (127),D41,14908
-8851851.50533631,5419095.53535272,80919372,,2018,2018/03/02 05:00:00+00,1435,2083 LAWRENCE AVE W,,,Major Arterial,Etobicoke York,5,43.699755,-79.517535,Mid-Block,Non Intersection,No Control,Clear,Daylight,Dry,Non-Fatal Injury,Pedestrian Collisions,Driver,50 to 54,None,,West,"Automobile, Station Wagon",Going Ahead,Driving Properly,Normal,,,,,,,Yes,,Yes,,,,,,,,,,,113,Weston,113,Weston (113),D12,14909
-8853931.51002178,5427331.18687507,80877059,,2018,2018/04/23 04:00:00+00,20,FINCH AVE W,SIGNET DR,,Major Arterial,Etobicoke York,7,43.753218,-79.53622,Intersection,At Intersection,Traffic Signal,Clear,"Dark, artificial",Dry,Fatal,Angle,Driver,55 to 59,None,,Unknown,"Automobile, Station Wagon",,,,,,,,,,,,Yes,,,,,,Yes,Yes,Yes,,,22,Humbermede,22,Humbermede (22),D31,14910
-8851170.45269164,5416653.04135903,80948881,,2018,2018/08/11 04:00:00+00,1420,EGLINTON AVE W,SCARLETT RD,,Major Arterial,Etobicoke York,2,43.68389,-79.511417,Intersection,At Intersection,Traffic Signal,Clear,Daylight,Dry,Non-Fatal Injury,Pedestrian Collisions,Driver,45 to 49,Minor,,North,"Automobile, Station Wagon",Stopped,Driving Properly,Normal,,,,,,,Yes,,Yes,,,,,Yes,,Yes,,,,9,Edenbridge-Humber Valley,9,Edenbridge-Humber Valley (9),D22,14911
-8861414.62883189,5421851.94957864,80971999,,2018,2018/09/21 04:00:00+00,1723,WOODBINE TRACK ACCESS,REXDALE BLVD,150 m South of,Local,Etobicoke York,1,43.717654,-79.603442,Mid-Block,Non Intersection,No Control,Rain,Daylight,Wet,Non-Fatal Injury,Turning Movement,Passenger,30 to 34,Minimal,,,,,,,,,,,,,,,Yes,,Yes,,,Yes,,,,,,1,West Humber-Clairville,1,West Humber-Clairville (1),D23,14912
-8847375.79388947,5417393.49603114,81514422,,2018,2018/02/03 05:00:00+00,1525,8 HERTFORD AVE,,30 m North of,Local,Etobicoke York,5,43.6887,-79.477329,Mid-Block,Non Intersection,No Control,Clear,"Daylight, artificial",Dry,Non-Fatal Injury,Cyclist Collisions,Cyclist,15 to 19,Major,,West,Bicycle,Going Ahead,,,,,,Cyclist strikes a parked vehicle.,Lost control,Normal,,Yes,,,,,,,,,,,,110,Keelesdale-Eglinton West,110,Keelesdale-Eglinton West (110),D12,14913
-8848309.09650028,5411167.21340082,80944171,,2018,2018/05/31 04:00:00+00,755,BLOOR ST W,SOUTH KINGSWAY,,Major Arterial,Etobicoke York,4,43.648242,-79.485713,Intersection,At Intersection,Traffic Signal,Clear,Daylight,Dry,Non-Fatal Injury,Pedestrian Collisions,Pedestrian,35 to 39,Major,,East,,,,,Vehicle turns right while ped crosses with ROW at inter.,Crossing with right of way,Normal,,,,Yes,,,,Yes,,,,,,,,,87,High Park-Swansea,87,High Park-Swansea (87),D11,14914
-8824623.87108318,5430364.16161182,80910263,,2017,2017/11/03 04:00:00+00,1202,PROGRESS AVE,MIDLAND AVE,,Major Arterial,Scarborough,21,43.772895,-79.272945,Intersection,At Intersection,Traffic Signal,Clear,Daylight,Dry,Non-Fatal Injury,Pedestrian Collisions,Driver,55 to 59,None,,East,"Automobile, Station Wagon",Going Ahead,Driving Properly,Normal,,,,,,,Yes,,Yes,,,,,,,,,,,156,Bendale-Glen Andrew,127,Bendale (127),D41,14915
-8819767.55829732,5427887.3964607,80793696,,2018,2018/03/02 05:00:00+00,1914,GREENCEDAR CRCT,DAPHNE RD,,Collector,Scarborough,24,43.756827,-79.22932,Intersection,At Intersection,No Control,Other,Dark,Other,Fatal,Pedestrian Collisions,Pedestrian,65 to 69,Fatal,14,North,,,,,Vehicle is going straight thru inter.while ped cross without ROW,"Crossing, no Traffic Control",Unknown,,,,Yes,,Yes,,,,,,,,,,,141,Golfdale-Cedarbrae-Woburn,137,Woburn (137),D43,14916
-8853931.51002178,5427331.18687507,80877067,,2018,2018/04/23 04:00:00+00,20,FINCH AVE W,SIGNET DR,,Major Arterial,Etobicoke York,7,43.753218,-79.53622,Intersection,At Intersection,Traffic Signal,Clear,"Dark, artificial",Dry,Fatal,Angle,Driver,40 to 44,Fatal,21,West,"Automobile, Station Wagon",Going Ahead,Disobeyed Traffic Control,Normal,,,,,,,,,Yes,,,,,,Yes,Yes,Yes,,,22,Humbermede,22,Humbermede (22),D31,14917
-8851170.45269164,5416653.04135903,80948882,,2018,2018/08/11 04:00:00+00,1420,EGLINTON AVE W,SCARLETT RD,,Major Arterial,Etobicoke York,2,43.68389,-79.511417,Intersection,At Intersection,Traffic Signal,Clear,Daylight,Dry,Non-Fatal Injury,Pedestrian Collisions,Driver,45 to 49,None,,North,"Automobile, Station Wagon",Stopped,Driving Properly,Normal,,,,,,,Yes,,Yes,,,,,Yes,,Yes,,,,9,Edenbridge-Humber Valley,9,Edenbridge-Humber Valley (9),D22,14918
-8824749.55078829,5430780.41224176,80972184,,2018,2018/09/21 04:00:00+00,2227,2265 MIDLAND AVE,,3 m West of,Major Arterial,Scarborough,21,43.775595,-79.274074,Mid-Block,Non Intersection,No Control,Clear,Dark,Dry,Non-Fatal Injury,Pedestrian Collisions,Driver,unknown,None,,South,"Automobile, Station Wagon",Going Ahead,Failed to Yield Right of Way,Unknown,,,,,,,Yes,,Yes,,,,,,,Yes,,,,156,Bendale-Glen Andrew,127,Bendale (127),D41,14919
-8824749.55078829,5430780.41224176,80972185,,2018,2018/09/21 04:00:00+00,2227,2265 MIDLAND AVE,,3 m West of,Major Arterial,Scarborough,21,43.775595,-79.274074,Mid-Block,Non Intersection,No Control,Clear,Dark,Dry,Non-Fatal Injury,Pedestrian Collisions,Pedestrian,20 to 24,Major,,West,,,,,Pedestrian hit at mid-block,"Crossing, no Traffic Control",Normal,,,,Yes,,Yes,,,,,,,Yes,,,,156,Bendale-Glen Andrew,127,Bendale (127),D41,14920
-8814966.4599789,5429661.35736814,80944032,,2018,2018/05/31 04:00:00+00,2054,LAWRENCE AVE E,MORNINGSIDE AVE,,Minor Arterial,Scarborough,2425,43.768336,-79.186191,Intersection,Intersection Related,No Control,Clear,Daylight,Wet,Non-Fatal Injury,Pedestrian Collisions,Driver,35 to 39,None,,East,"Automobile, Station Wagon",Going Ahead,Driving Properly,Normal,,,,,,,Yes,,Yes,,,,,Yes,,,,,,136,West Hill,136,West Hill (136),D43,14921
-8853637.62656609,5420320.95159918,80917740,,2017,2017/11/08 05:00:00+00,1604,OAK  ST,WESTON  RD,,Major Arterial,Etobicoke York,5,43.707713,-79.53358,Intersection,At Intersection,Traffic Signal,Clear,Daylight,Dry,Non-Fatal Injury,Pedestrian Collisions,Pedestrian,15 to 19,Major,,Unknown,,,,,Vehicle turns right while ped crosses with ROW at inter.,Crossing with right of way,Normal,,,,Yes,,Yes,,,,,,,Yes,,,,113,Weston,113,Weston (113),D12,14922
-8819767.55829732,5427887.3964607,80793698,,2018,2018/03/02 05:00:00+00,1914,GREENCEDAR CRCT,DAPHNE RD,,Collector,Scarborough,24,43.756827,-79.22932,Intersection,At Intersection,No Control,Other,Dark,Other,Fatal,Pedestrian Collisions,Driver,65 to 69,None,,West,"Automobile, Station Wagon",Going Ahead,Driving Properly,Unknown,,,,,,,Yes,,Yes,,,,,,,,,,,141,Golfdale-Cedarbrae-Woburn,137,Woburn (137),D43,14923
-8854184.53922435,5404230.72284111,81140215,,2018,2018/04/23 04:00:00+00,801,HORNER AVE,BETA ST,25 m West of,Minor Arterial,Etobicoke York,3,43.603137,-79.538493,Intersection,At Intersection,No Control,Clear,Daylight,Dry,Non-Fatal Injury,Pedestrian Collisions,Driver,25 to 29,None,,East,"Automobile, Station Wagon",Slowing or Stopping,Driving Properly,Normal,,,,,,,Yes,,Yes,,,,,,,,,,,20,Alderwood,20,Alderwood (20),D22,14924