X,Y,INDEX_,ACCNUM,YEAR,DATE,TIME,STREET1,STREET2,OFFSET,ROAD_CLASS,DISTRICT,WARDNUM,LATITUDE,LONGITUDE,LOCCOORD,ACCLOC,TRAFFCTL,VISIBILITY,LIGHT,RDSFCOND,ACCLASS,IMPACTYPE,INVTYPE,INVAGE,INJURY,FATAL_NO,INITDIR,VEHTYPE,MANOEUVER,DRIVACT,DRIVCOND,PEDTYPE,PEDACT,PEDCOND,CYCLISTYPE,CYCACT,CYCCOND,PEDESTRIAN,CYCLIST,AUTOMOBILE,MOTORCYCLE,TRUCK,TRSN_CITY_VEH,EMERG_VEH,PASSENGER,SPEEDING,AG_DRIV,REDLIGHT,ALCOHOL,DISABILITY,HOOD_158,NEIGHBOURHOOD_158,HOOD_140,NEIGHBOURHOOD_140,DIVISION,ObjectId
-8851170.45269164,5416653.04135903,80948883,,2018,2018/08/11 04:00:00+00,1420,EGLINTON AVE W,SCARLETT RD,,Major Arterial,Etobicoke York,2,43.68389,-79.511417,Intersection,At Intersection,Traffic Signal,Clear,Daylight,Dry,Non-Fatal Injury,Pedestrian Collisions,Passenger,25 to 29,Minor,,,,,,,,,,,,,Yes,,Yes,,,,,Yes,,Yes,,,,9,Edenbridge-Humber Valley,9,Edenbridge-Humber Valley (9),D22,14925
-8818423.93204345,5425830.40518057,80972079,,2018,2018/09/22 04:00:00+00,1635,EGLINTON AVE E,MARKHAM RD,100 m East of,Major Arterial,Scarborough,24,43.743479,-79.21725,Mid-Block,At/Near Private Drive,Stop Sign,Clear,Daylight,Dry,Non-Fatal Injury,Turning Movement,Driver,40 to 44,None,,North,"Automobile, Station Wagon",Turning Left,Failed to Yield Right of Way,Inattentive,,,,,,,,,Yes,Yes,,,,,,Yes,,,,139,Scarborough Village,139,Scarborough Village (139),D43,14926
-8854184.53922435,5404230.72284111,81140216,,2018,2018/04/23 04:00:00+00,801,HORNER AVE,BETA ST,25 m West of,Minor Arterial,Etobicoke York,3,43.603137,-79.538493,Intersection,At Intersection,No Control,Clear,Daylight,Dry,Non-Fatal Injury,Pedestrian Collisions,Pedestrian,20 to 24,Major,,South,,,,,Pedestrian hit at mid-block,"Crossing, no Traffic Control",Inattentive,,,,Yes,,Yes,,,,,,,,,,,20,Alderwood,20,Alderwood (20),D22,14927
-8814966.4599789,5429661.35736814,80944033,,2018,2018/05/31 04:00:00+00,2054,LAWRENCE AVE E,MORNINGSIDE AVE,,Minor Arterial,Scarborough,2425,43.768336,-79.186191,Intersection,Intersection Related,No Control,Clear,Daylight,Wet,Non-Fatal Injury,Pedestrian Collisions,Pedestrian,35 to 39,Major,,North,,,,,Pedestrian hit at mid-block,"Crossing, no Traffic Control",Had Been Drinking,,,,Yes,,Yes,,,,,Yes,,,,,,136,West Hill,136,West Hill (136),D43,14928
-8836790.08955147,5410929.52883672,81144518,,2018,2018/03/03 05:00:00+00,1111,WELLINGTON ST W,YORK ST,52 m East of,Minor Arterial,Toronto and East York,10,43.646697,-79.382236,Mid-Block,Non Intersection,No Control,Clear,Daylight,Dry,Non-Fatal Injury,Turning Movement,Driver,15 to 19,Major,,West,"Automobile, Station Wagon",Making U Turn,Improper Turn,Inattentive,,,,,,,,,Yes,,Yes,,,Yes,,,,,,170,Yonge-Bay Corridor,76,Bay Street Corridor (76),D52,14929
-8846427.12918893,5426604.11171141,80921378,,2018,2018/02/06 05:00:00+00,913,CARL HALL RD,CHESSWOOD DR,300 m South of,Local,North York,6,43.7485,-79.468807,Mid-Block,Non Intersection,No Control,Clear,Daylight,Wet,Non-Fatal Injury,Approaching,Driver,35 to 39,Minor,,South,"Automobile, Station Wagon",Going Ahead,Driving Properly,Normal,,,,,,,,,Yes,,,,,,Yes,Yes,,,,155,Downsview,26,Downsview-Roding-CFB (26),D32,14930
-8836790.08955147,5410929.52883672,81144519,,2018,2018/03/03 05:00:00+00,1111,WELLINGTON ST W,YORK ST,52 m East of,Minor Arterial,Toronto and East York,10,43.646697,-79.382236,Mid-Block,Non Intersection,No Control,Clear,Daylight,Dry,Non-Fatal Injury,Turning Movement,Truck Driver,35 to 39,None,,West,"Truck - Closed (Blazer, etc)",Going Ahead,Driving Properly,Normal,,,,,,,,,Yes,,Yes,,,Yes,,,,,,170,Yonge-Bay Corridor,76,Bay Street Corridor (76),D52,14931
-8853637.62656609,5420320.95159918,80917741,,2017,2017/11/08 05:00:00+00,1604,OAK  ST,WESTON  RD,,Major Arterial,Etobicoke York,5,43.707713,-79.53358,Intersection,At Intersection,Traffic Signal,Clear,Daylight,Dry,Non-Fatal Injury,Pedestrian Collisions,Driver,25 to 29,None,,West,"Automobile, Station Wagon",Turning Right,Failed to Yield Right of Way,Inattentive,,,,,,,Yes,,Yes,,,,,,,Yes,,,,113,Weston,113,Weston (113),D12,14932
-8818423.93204345,5425830.40518057,80972080,,2018,2018/09/22 04:00:00+00,1635,EGLINTON AVE E,MARKHAM RD,100 m East of,Major Arterial,Scarborough,24,43.743479,-79.21725,Mid-Block,At/Near Private Drive,Stop Sign,Clear,Daylight,Dry,Non-Fatal Injury,Turning Movement,Motorcycle Driver,15 to 19,Major,,East,Motorcycle,Going Ahead,Driving Properly,Normal,,,,,,,,,Yes,Yes,,,,,,Yes,,,,139,Scarborough Village,139,Scarborough Village (139),D43,14933
-8837246.94474168,5413345.27330446,80937743,,2018,2018/04/23 04:00:00+00,1220,BAY ST,GROSVENOR ST,,Major Arterial,Toronto and East York,1113,43.662398,-79.38634,Intersection,At Intersection,Traffic Signal,Clear,Daylight,Dry,Non-Fatal Injury,Pedestrian Collisions,Driver,35 to 39,None,,East,"Automobile, Station Wagon",Turning Left,Failed to Yield Right of Way,Normal,,,,,,,Yes,,Yes,,,,,,,Yes,,,,169,Bay-Cloverhill,76,Bay Street Corridor (76),D52,14934
-8814966.4599789,5429661.35736814,80944034,,2018,2018/05/31 04:00:00+00,2054,LAWRENCE AVE E,MORNINGSIDE AVE,,Minor Arterial,Scarborough,2425,43.768336,-79.186191,Intersection,Intersection Related,No Control,Clear,Daylight,Wet,Non-Fatal Injury,Pedestrian Collisions,Passenger,40 to 44,None,,,,,,,,,,,,,Yes,,Yes,,,,,Yes,,,,,,136,West Hill,136,West Hill (136),D43,14935
-8846427.12918893,5426604.11171141,80921379,,2018,2018/02/06 05:00:00+00,913,CARL HALL RD,CHESSWOOD DR,300 m South of,Local,North York,6,43.7485,-79.468807,Mid-Block,Non Intersection,No Control,Clear,Daylight,Wet,Non-Fatal Injury,Approaching,Driver,35 to 39,Major,,North,"Automobile, Station Wagon",Going Ahead,Lost control,Inattentive,,,,,,,,,Yes,,,,,,Yes,Yes,,,,155,Downsview,26,Downsview-Roding-CFB (26),D32,14936
-8847367.22228868,5417951.41627984,80935880,,2017,2017/11/08 05:00:00+00,1838,TRETHEWEY DR,IRVING RD,20 m North of,Minor Arterial,Etobicoke York,5,43.692324,-79.477252,Intersection,Non Intersection,No Control,Clear,"Dark, artificial",Dry,Non-Fatal Injury,Cyclist Collisions,Cyclist,55 to 59,Major,,West,Bicycle,Going Ahead,,,,,,Cyclist and Driver travelling in same direction. One vehicle rear-ended the other.,Driving Properly,Normal,,Yes,Yes,,,,,,,Yes,,,,112,Beechborough-Greenbrook,112,Beechborough-Greenbrook (112),D12,14937
-8852197.26367471,5416560.21931687,80975832,,2018,2018/09/22 04:00:00+00,1655,EGLINTON AVE W,ROYAL YORK RD,400 m East of,Major Arterial,Etobicoke York,2,43.683287,-79.520641,Mid-Block,Non Intersection,Stop Sign,Clear,Daylight,Dry,Non-Fatal Injury,Turning Movement,Motorcycle Driver,35 to 39,Major,,East,Motorcycle,Going Ahead,Driving Properly,Normal,,,,,,,,,Yes,Yes,,,,,,Yes,,,,9,Edenbridge-Humber Valley,9,Edenbridge-Humber Valley (9),D22,14938
-8837246.94474168,5413345.27330446,80937744,,2018,2018/04/23 04:00:00+00,1220,BAY ST,GROSVENOR ST,,Major Arterial,Toronto and East York,1113,43.662398,-79.38634,Intersection,At Intersection,Traffic Signal,Clear,Daylight,Dry,Non-Fatal Injury,Pedestrian Collisions,Pedestrian,85 to 89,Major,,West,,,,,Vehicle turns left while ped crosses with ROW at inter.,Crossing with right of way,Normal,,,,Yes,,Yes,,,,,,,Yes,,,,169,Bay-Cloverhill,76,Bay Street Corridor (76),D52,14939
-8836790.08955147,5410929.52883672,81144520,,2018,2018/03/03 05:00:00+00,1111,WELLINGTON ST W,YORK ST,52 m East of,Minor Arterial,Toronto and East York,10,43.646697,-79.382236,Mid-Block,Non Intersection,No Control,Clear,Daylight,Dry,Non-Fatal Injury,Turning Movement,Passenger,20 to 24,None,,,,,,,,,,,,,,,Yes,,Yes,,,Yes,,,,,,170,Yonge-Bay Corridor,76,Bay Street Corridor (76),D52,14940
-8814966.4599789,5429661.35736814,80944035,,2018,2018/05/31 04:00:00+00,2054,LAWRENCE AVE E,MORNINGSIDE AVE,,Minor Arterial,Scarborough,2425,43.768336,-79.186191,Intersection,Intersection Related,No Control,Clear,Daylight,Wet,Non-Fatal Injury,Pedestrian Collisions,Passenger,0 to 4,None,,,,,,,,,,,,,Yes,,Yes,,,,,Yes,,,,,,136,West Hill,136,West Hill (136),D43,14941
-8852197.26367471,5416560.21931687,80975833,,2018,2018/09/22 04:00:00+00,1655,EGLINTON AVE W,ROYAL YORK RD,400 m East of,Major Arterial,Etobicoke York,2,43.683287,-79.520641,Mid-Block,Non Intersection,Stop Sign,Clear,Daylight,Dry,Non-Fatal Injury,Turning Movement,Driver,45 to 49,None,,North,"Automobile, Station Wagon",Turning Right,Failed to Yield Right of Way,Normal,,,,,,,,,Yes,Yes,,,,,,Yes,,,,9,Edenbridge-Humber Valley,9,Edenbridge-Humber Valley (9),D22,14942
-8836243.95612964,5411094.90741715,80971825,,2018,2018/09/23 04:00:00+00,1430,YONGE ST,WELLINGTON ST E,,Major Arterial,North York,13,43.647772,-79.37733,Intersection,At Intersection,Traffic Signal,Clear,Daylight,Dry,Non-Fatal Injury,Cyclist Collisions,Driver,unknown,None,,North,"Automobile, Station Wagon",Going Ahead,Failed to Yield Right of Way,Unknown,,,,,,,,Yes,Yes,,,,,,,Yes,,,,168,Downtown Yonge East,75,Church-Yonge Corridor (75),D51,14943
-8843856.20554906,5433362.04839028,81125351,,2018,2018/03/03 05:00:00+00,1515,BATHURST ST,STEELES AVE W,10 m South of,Major Arterial,North York,618,43.792338,-79.445712,Intersection,Intersection Related,Traffic Signal,Clear,Daylight,Dry,Non-Fatal Injury,Angle,Driver,45 to 49,None,,West,Passenger Van,Going Ahead,Failed to Yield Right of Way,Normal,,,,,,,,,Yes,,,,,Yes,,Yes,,,,36,Newtonbrook West,36,Newtonbrook West (36),D32,14944
-8841311.775948,5411373.21163509,80944354,,2018,2018/06/02 04:00:00+00,1845,BADEN ST,LAKEVIEW AVE,8 m East of,Local,North York,9,43.649581,-79.422855,Intersection,Intersection Related,Stop Sign,Clear,Daylight,Dry,Non-Fatal Injury,Pedestrian Collisions,Driver,55 to 59,None,,West,"Automobile, Station Wagon",Going Ahead,Failed to Yield Right of Way,Inattentive,,,,,,,Yes,,Yes,,,,,,,Yes,,,,81,Trinity-Bellwoods,81,Trinity-Bellwoods (81),D14,14945
-8844081.29355945,5412550.52043597,80935242,,2018,2018/04/23 04:00:00+00,2358,BLOOR ST W,STERLING RD,2 m North of,Major Arterial,Toronto and East York,9,43.657233,-79.447734,Intersection,At Intersection,Traffic Signal,Rain,"Dark, artificial",Wet,Non-Fatal Injury,Pedestrian Collisions,Pedestrian,60 to 64,Major,,East,,,,,Vehicle turns left while ped crosses with ROW at inter.,Crossing with right of way,Medical or Physical Disability,,,,Yes,,Yes,,,,,,,Yes,,,,83,Dufferin Grove,83,Dufferin Grove (83),D11,14946
-8836243.95612964,5411094.90741715,80971826,,2018,2018/09/23 04:00:00+00,1430,YONGE ST,WELLINGTON ST E,,Major Arterial,North York,13,43.647772,-79.37733,Intersection,At Intersection,Traffic Signal,Clear,Daylight,Dry,Non-Fatal Injury,Cyclist Collisions,Cyclist,20 to 24,Major,,North,Bicycle,Slowing or Stopping,,,,,,Cyclist and Driver travelling in same direction. One vehicle rear-ended the other.,Driving Properly,Normal,,Yes,Yes,,,,,,,Yes,,,,168,Downtown Yonge East,75,Church-Yonge Corridor (75),D51,14947
-8843856.20554906,5433362.04839028,81125352,,2018,2018/03/03 05:00:00+00,1515,BATHURST ST,STEELES AVE W,10 m South of,Major Arterial,North York,618,43.792338,-79.445712,Intersection,Intersection Related,Traffic Signal,Clear,Daylight,Dry,Non-Fatal Injury,Angle,Driver,80 to 84,Minimal,,North,"Automobile, Station Wagon",Going Ahead,Driving Properly,Normal,,,,,,,,,Yes,,,,,Yes,,Yes,,,,36,Newtonbrook West,36,Newtonbrook West (36),D32,14948
-8841311.775948,5411373.21163509,80944355,,2018,2018/06/02 04:00:00+00,1845,BADEN ST,LAKEVIEW AVE,8 m East of,Local,North York,9,43.649581,-79.422855,Intersection,Intersection Related,Stop Sign,Clear,Daylight,Dry,Non-Fatal Injury,Pedestrian Collisions,Pedestrian,0 to 4,Major,,South,,,,,Vehicle is going straight thru inter.while ped cross with ROW,Playing or Working on Highway,Normal,,,,Yes,,Yes,,,,,,,Yes,,,,81,Trinity-Bellwoods,81,Trinity-Bellwoods (81),D14,14949
-8844081.29355945,5412550.52043597,80935243,,2018,2018/04/23 04:00:00+00,2358,BLOOR ST W,STERLING RD,2 m North of,Major Arterial,Toronto and East York,9,43.657233,-79.447734,Intersection,At Intersection,Traffic Signal,Rain,"Dark, artificial",Wet,Non-Fatal Injury,Pedestrian Collisions,Driver,70 to 74,None,,East,"Automobile, Station Wagon",Turning Left,Failed to Yield Right of Way,Normal,,,,,,,Yes,,Yes,,,,,,,Yes,,,,83,Dufferin Grove,83,Dufferin Grove (83),D11,14950
-8831236.47147528,5416271.29166839,80972040,,2018,2018/09/23 04:00:00+00,1735,DANFORTH AVE,GREENWOOD AVE,28 m East of,Major Arterial,Toronto and East York,14,43.68141,-79.332347,Intersection,At/Near Private Drive,No Control,Clear,Daylight,Dry,Non-Fatal Injury,Cyclist Collisions,Driver,45 to 49,None,,West,"Automobile, Station Wagon",Turning Left,Failed to Yield Right of Way,Inattentive,,,,,,,,Yes,Yes,,,,,,,Yes,,,,65,Greenwood-Coxwell,65,Greenwood-Coxwell (65),D55,14951
-8843856.20554906,5433362.04839028,81125353,,2018,2018/03/03 05:00:00+00,1515,BATHURST ST,STEELES AVE W,10 m South of,Major Arterial,North York,618,43.792338,-79.445712,Intersection,Intersection Related,Traffic Signal,Clear,Daylight,Dry,Non-Fatal Injury,Angle,Passenger,75 to 79,Major,,,,,,,,,,,,,,,Yes,,,,,Yes,,Yes,,,,36,Newtonbrook West,36,Newtonbrook West (36),D32,14952
-8844525.45832771,5419238.88740912,80930458,,2018,2018/03/05 05:00:00+00,820,DUFFERIN ST,CASTLEFIELD AVE,28 m North of,Major Arterial,North York,8,43.700686,-79.451724,Intersection,Intersection Related,Traffic Signal,Clear,Daylight,Dry,Non-Fatal Injury,Pedestrian Collisions,Pedestrian,75 to 79,Major,,East,,,,,Pedestrian hit at mid-block,"Crossing, no Traffic Control",Normal,,,,Yes,,Yes,,,,,Yes,,,,,,108,Briar Hill-Belgravia,108,Briar Hill-Belgravia (108),D13,14953
-8828017.668399,5423232.23696918,80888885,,2018,2018/04/24 04:00:00+00,1401,VICTORIA PARK AVE,JONESVILLE CRES,,Major Arterial,North York,1621,43.726615,-79.303432,Intersection,At Intersection,Traffic Signal,Clear,Daylight,Dry,Non-Fatal Injury,Turning Movement,Driver,45 to 49,None,,South,"Automobile, Station Wagon",Going Ahead,Driving Properly,Normal,,,,,,,,,Yes,,,,,,,Yes,,,,119,Wexford/Maryvale,119,Wexford/Maryvale (119),D41,14954
-8831236.47147528,5416271.29166839,80972041,,2018,2018/09/23 04:00:00+00,1735,DANFORTH AVE,GREENWOOD AVE,28 m East of,Major Arterial,Toronto and East York,14,43.68141,-79.332347,Intersection,At/Near Private Drive,No Control,Clear,Daylight,Dry,Non-Fatal Injury,Cyclist Collisions,Cyclist,70 to 74,Major,,East,Bicycle,Going Ahead,,,,,,Motorist turned left across cyclists path.,Driving Properly,Normal,,Yes,Yes,,,,,,,Yes,,,,65,Greenwood-Coxwell,65,Greenwood-Coxwell (65),D55,14955
-8828017.668399,5423232.23696918,80888886,,2018,2018/04/24 04:00:00+00,1401,VICTORIA PARK AVE,JONESVILLE CRES,,Major Arterial,North York,1621,43.726615,-79.303432,Intersection,At Intersection,Traffic Signal,Clear,Daylight,Dry,Non-Fatal Injury,Turning Movement,Driver,40 to 44,Major,,North,"Automobile, Station Wagon",Turning Left,Failed to Yield Right of Way,Normal,,,,,,,,,Yes,,,,,,,Yes,,,,119,Wexford/Maryvale,119,Wexford/Maryvale (119),D41,14956
-8841790.78371689,5408440.43871909,80943991,,2018,2018/06/02 04:00:00+00,1903,LAKE SHORE BLVD W,BRITISH COLUMBIA RD,,Major Arterial,North York,10,43.630515,-79.427158,Mid-Block,Non Intersection,No Control,Clear,Daylight,Dry,Fatal,Approaching,Motorcycle Driver,50 to 54,Fatal,28,East,Motorcycle,Going Ahead,Driving Properly,Normal,,,,,,,,,Yes,Yes,,,,,,,,,,163,Fort York-Liberty Village,82,Niagara (82),D14,14957
-8844525.45832771,5419238.88740912,80930459,,2018,2018/03/05 05:00:00+00,820,DUFFERIN ST,CASTLEFIELD AVE,28 m North of,Major Arterial,North York,8,43.700686,-79.451724,Intersection,Intersection Related,Traffic Signal,Clear,Daylight,Dry,Non-Fatal Injury,Pedestrian Collisions,Passenger,50 to 54,None,,,,,,,,,,,,,Yes,,Yes,,,,,Yes,,,,,,108,Briar Hill-Belgravia,108,Briar Hill-Belgravia (108),D13,14958
-8860849.01449917,5412323.87837087,80972403,,2018,2018/09/23 04:00:00+00,2228,CENTENNIAL PARK BLVD,EGLINTON AVE W,,Major Arterial,Etobicoke York,2,43.65576,-79.598361,Intersection,At Intersection,Traffic Signal,Clear,"Dark, artificial",Dry,Non-Fatal Injury,Cyclist Collisions,Driver,55 to 59,None,,North,"Automobile, Station Wagon",Turning Right,Failed to Yield Right of Way,Normal,,,,,,,,Yes,Yes,,,,,,,Yes,,,,11,Eringate-Centennial-West Deane,11,Eringate-Centennial-West Deane (11),D22,14959
-8842939.82350085,5427054.40457945,80888289,,2018,2018/04/25 04:00:00+00,1100,BATHURST ST,VERWOOD AVE,,Major Arterial,North York,6,43.751422,-79.43748,Intersection,At Intersection,Stop Sign,Rain,Daylight,Wet,Non-Fatal Injury,Pedestrian Collisions,Pedestrian,75 to 79,Major,,South,,,,,Vehicle turns right while ped crosses with ROW at inter.,Crossing with right of way,Normal,,,,Yes,,Yes,,,,,,,Yes,,,,38,Lansing-Westgate,38,Lansing-Westgate (38),D32,14960
-8841790.78371689,5408440.43871909,80943992,,2018,2018/06/02 04:00:00+00,1903,LAKE SHORE BLVD W,BRITISH COLUMBIA RD,,Major Arterial,North York,10,43.630515,-79.427158,Mid-Block,Non Intersection,No Control,Clear,Daylight,Dry,Fatal,Approaching,Driver,30 to 34,,,East,"Automobile, Station Wagon",Going Ahead,Driving Properly,Normal,,,,,,,,,Yes,Yes,,,,,,,,,,163,Fort York-Liberty Village,82,Niagara (82),D14,14961
-8844525.45832771,5419238.88740912,80930460,,2018,2018/03/05 05:00:00+00,820,DUFFERIN ST,CASTLEFIELD AVE,28 m North of,Major Arterial,North York,8,43.700686,-79.451724,Intersection,Intersection Related,Traffic Signal,Clear,Daylight,Dry,Non-Fatal Injury,Pedestrian Collisions,Passenger,20 to 24,None,,,,,,,,,,,,,Yes,,Yes,,,,,Yes,,,,,,108,Briar Hill-Belgravia,108,Briar Hill-Belgravia (108),D13,14962
-8844525.45832771,5419238.88740912,80930461,,2018,2018/03/05 05:00:00+00,820,DUFFERIN ST,CASTLEFIELD AVE,28 m North of,Major Arterial,North York,8,43.700686,-79.451724,Intersection,Intersection Related,Traffic Signal,Clear,Daylight,Dry,Non-Fatal Injury,Pedestrian Collisions,Driver,50 to 54,None,,South,"Automobile, Station Wagon",Slowing or Stopping,Driving Properly,Normal,,,,,,,Yes,,Yes,,,,,Yes,,,,,,108,Briar Hill-Belgravia,108,Briar Hill-Belgravia (108),D13,14963
-8842939.82350085,5427054.40457945,80888290,,2018,2018/04/25 04:00:00+00,1100,BATHURST ST,VERWOOD AVE,,Major Arterial,North York,6,43.751422,-79.43748,Intersection,At Intersection,Stop Sign,Rain,Daylight,Wet,Non-Fatal Injury,Pedestrian Collisions,Driver,unknown,None,,East,Delivery Van,Turning Right,Failed to Yield Right of Way,Unknown,,,,,,,Yes,,Yes,,,,,,,Yes,,,,38,Lansing-Westgate,38,Lansing-Westgate (38),D32,14964
-8841790.78371689,5408440.43871909,80943993,,2018,2018/06/02 04:00:00+00,1903,LAKE SHORE BLVD W,BRITISH COLUMBIA RD,,Major Arterial,North York,10,43.630515,-79.427158,Mid-Block,Non Intersection,No Control,Clear,Daylight,Dry,Fatal,Approaching,Driver,30 to 34,,,East,"Automobile, Station Wagon",Going Ahead,Driving Properly,Normal,,,,,,,,,Yes,Yes,,,,,,,,,,163,Fort York-Liberty Village,82,Niagara (82),D14,14965
-8860849.01449917,5412323.87837087,80972404,,2018,2018/09/23 04:00:00+00,2228,CENTENNIAL PARK BLVD,EGLINTON AVE W,,Major Arterial,Etobicoke York,2,43.65576,-79.598361,Intersection,At Intersection,Traffic Signal,Clear,"Dark, artificial",Dry,Non-Fatal Injury,Cyclist Collisions,Cyclist,35 to 39,Major,,East,Bicycle,Going Ahead,,,,,,Motorist turning right on red at signalized intersection strikes cyclist.,Driving Properly,Normal,,Yes,Yes,,,,,,,Yes,,,,11,Eringate-Centennial-West Deane,11,Eringate-Centennial-West Deane (11),D22,14966
-8841491.77956461,5418880.5884275,81239610,,2018,2018/03/05 05:00:00+00,1505,BATHURST ST,DEWBOURNE AVE,45 m  of,Major Arterial,Toronto and East York,12,43.698359,-79.424472,Mid-Block,Non Intersection,No Control,Clear,Daylight,Dry,Non-Fatal Injury,Rear End,Driver,70 to 74,Minimal,,North,"Automobile, Station Wagon",Going Ahead,Following too Close,Normal,,,,,,,,,Yes,,,,,Yes,,Yes,,,,101,Forest Hill South,101,Forest Hill South (101),D13,14967
-8841790.78371689,5408440.43871909,80944446,,2018,2018/06/02 04:00:00+00,1903,LAKE SHORE BLVD W,BRITISH COLUMBIA RD,,Major Arterial,North York,10,43.630515,-79.427158,Mid-Block,Non Intersection,No Control,Clear,Daylight,Dry,Fatal,Approaching,Driver,55 to 59,None,,West,"Automobile, Station Wagon",Going Ahead,Lost control,Inattentive,,,,,,,,,Yes,Yes,,,,,,,,,,163,Fort York-Liberty Village,82,Niagara (82),D14,14968
-8852487.69622619,5418841.78765331,80973692,,2018,2018/04/26 04:00:00+00,105,SCARLETT RD,LAWRENCE AVE W,,Major Arterial,Etobicoke York,2,43.698107,-79.52325,Intersection,At Intersection,Traffic Signal,Rain,"Dark, artificial",Wet,Non-Fatal Injury,Turning Movement,Driver,20 to 24,Major,,North,"Automobile, Station Wagon",Going Ahead,Exceeding Speed Limit,Inattentive,,,,,,,,,Yes,,,Yes,,Yes,Yes,Yes,,,,8,Humber Heights-Westmount,8,Humber Heights-Westmount (8),D23,14969
-8832021.27388538,5416045.32791551,81464300,,2018,2018/09/24 04:00:00+00,1143,DEWHURST BLVD,DANFORTH AVE,,Major Arterial,Toronto and East York,14,43.679942,-79.339397,Intersection,At Intersection,No Control,Clear,Daylight,Dry,Non-Fatal Injury,Rear End,Driver,30 to 34,Major,,North,Pick Up Truck,Other,Other,Unknown,,,,,,,,,Yes,,,,,,,,,,,69,Blake-Jones,69,Blake-Jones (69),D55,14970
-8841491.77956461,5418880.5884275,81239611,,2018,2018/03/05 05:00:00+00,1505,BATHURST ST,DEWBOURNE AVE,45 m  of,Major Arterial,Toronto and East York,12,43.698359,-79.424472,Mid-Block,Non Intersection,No Control,Clear,Daylight,Dry,Non-Fatal Injury,Rear End,Driver,25 to 29,None,,North,"Automobile, Station Wagon",Going Ahead,Driving Properly,Normal,,,,,,,,,Yes,,,,,Yes,,Yes,,,,101,Forest Hill South,101,Forest Hill South (101),D13,14971
-8832021.27388538,5416045.32791551,81464301,,2018,2018/09/24 04:00:00+00,1143,DEWHURST BLVD,DANFORTH AVE,,Major Arterial,Toronto and East York,14,43.679942,-79.339397,Intersection,At Intersection,No Control,Clear,Daylight,Dry,Non-Fatal Injury,Rear End,Driver,45 to 49,None,,North,"Automobile, Station Wagon",Going Ahead,Driving Properly,Had Been Drinking,,,,,,,,,Yes,,,,,,,,,,,69,Blake-Jones,69,Blake-Jones (69),D55,14972
-8841491.77956461,5418880.5884275,81239612,,2018,2018/03/05 05:00:00+00,1505,BATHURST ST,DEWBOURNE AVE,45 m  of,Major Arterial,Toronto and East York,12,43.698359,-79.424472,Mid-Block,Non Intersection,No Control,Clear,Daylight,Dry,Non-Fatal Injury,Rear End,Driver,45 to 49,None,,North,"Automobile, Station Wagon",Going Ahead,Driving Properly,Normal,,,,,,,,,Yes,,,,,Yes,,Yes,,,,101,Forest Hill South,101,Forest Hill South (101),D13,14973
-8852487.69622619,5418841.78765331,80973693,,2018,2018/04/26 04:00:00+00,105,SCARLETT RD,LAWRENCE AVE W,,Major Arterial,Etobicoke York,2,43.698107,-79.52325,Intersection,At Intersection,Traffic Signal,Rain,"Dark, artificial",Wet,Non-Fatal Injury,Turning Movement,Driver,50 to 54,None,,South,Municipal Transit Bus (TTC),Turning Left,Driving Properly,Normal,,,,,,,,,Yes,,,Yes,,Yes,Yes,Yes,,,,8,Humber Heights-Westmount,8,Humber Heights-Westmount (8),D23,14974
-8837211.32250463,5412232.94615193,80971858,,2018,2018/09/26 04:00:00+00,645,DUNDAS ST W,CHESTNUT ST,,Major Arterial,Toronto and East York,1110,43.655169,-79.38602,Intersection,At Intersection,Traffic Signal,Clear,"Dawn, artificial",Dry,Non-Fatal Injury,Pedestrian Collisions,Driver,55 to 59,None,,West,"Automobile, Station Wagon",Turning Left,Failed to Yield Right of Way,Normal,,,,,,,Yes,,Yes,,,,,,,Yes,,,,170,Yonge-Bay Corridor,76,Bay Street Corridor (76),D52,14975
-8841491.77956461,5418880.5884275,81239613,,2018,2018/03/05 05:00:00+00,1505,BATHURST ST,DEWBOURNE AVE,45 m  of,Major Arterial,Toronto and East York,12,43.698359,-79.424472,Mid-Block,Non Intersection,No Control,Clear,Daylight,Dry,Non-Fatal Injury,Rear End,Passenger,20 to 24,None,,,,,,,,,,,,,,,Yes,,,,,Yes,,Yes,,,,101,Forest Hill South,101,Forest Hill South (101),D13,14976
-8852487.69622619,5418841.78765331,80973694,,2018,2018/04/26 04:00:00+00,105,SCARLETT RD,LAWRENCE AVE W,,Major Arterial,Etobicoke York,2,43.698107,-79.52325,Intersection,At Intersection,Traffic Signal,Rain,"Dark, artificial",Wet,Non-Fatal Injury,Turning Movement,Passenger,unknown,Minor,,,,,,,,,,,,,,,Yes,,,Yes,,Yes,Yes,Yes,,,,8,Humber Heights-Westmount,8,Humber Heights-Westmount (8),D23,14977