X,Y,INDEX_,ACCNUM,YEAR,DATE,TIME,STREET1,STREET2,OFFSET,ROAD_CLASS,DISTRICT,WARDNUM,LATITUDE,LONGITUDE,LOCCOORD,ACCLOC,TRAFFCTL,VISIBILITY,LIGHT,RDSFCOND,ACCLASS,IMPACTYPE,INVTYPE,INVAGE,INJURY,FATAL_NO,INITDIR,VEHTYPE,MANOEUVER,DRIVACT,DRIVCOND,PEDTYPE,PEDACT,PEDCOND,CYCLISTYPE,CYCACT,CYCCOND,PEDESTRIAN,CYCLIST,AUTOMOBILE,MOTORCYCLE,TRUCK,TRSN_CITY_VEH,EMERG_VEH,PASSENGER,SPEEDING,AG_DRIV,REDLIGHT,ALCOHOL,DISABILITY,HOOD_158,NEIGHBOURHOOD_158,HOOD_140,NEIGHBOURHOOD_140,DIVISION,ObjectId
-8840364.78103982,5414989.00531245,81511210,,2019,2019/08/20 04:00:00+00,1522,BATHURST ST,DUPONT ST,25 m North of,Major Arterial,Toronto and East York,,43.673079,-79.414348,Intersection,At Intersection,Traffic Signal,Clear,Daylight,Dry,Non-Fatal Injury,SMV Other,Motorcycle Driver,50 to 54,Major,,South,Motorcycle,Going Ahead,Lost control,Normal,,,,,,,,,,Yes,,,,,,,,,,95,Annex,95,Annex (95),D14,15683
-8852508.06769301,5407070.04866221,81331261,,2019,2019/07/26 04:00:00+00,1436,THE QUEENSWAY,VIBE RD,20 m West of,Major Arterial,Etobicoke York,3,43.621604,-79.523433,Intersection,At Intersection,No Control,Clear,Daylight,Dry,Non-Fatal Injury,Cyclist Collisions,Driver,35 to 39,None,,East,"Automobile, Station Wagon",Going Ahead,Driving Properly,Normal,,,,,,,,Yes,Yes,,,,,Yes,,,,,,159,Etobicoke City Centre,14,Islington-City Centre West (14),D22,15684
-8845760.32543908,5413500.23115073,81242364,,2019,2019/05/15 04:00:00+00,1559,91 ANNETTE ST,,40 m East of,Minor Arterial,Toronto and East York,4,43.663405,-79.462817,Mid-Block,At/Near Private Drive,No Control,Clear,Daylight,Dry,Non-Fatal Injury,Cyclist Collisions,Cyclist,40 to 44,Major,,East,Bicycle,Going Ahead,,,,,,Motorist turned left across cyclists path.,Driving Properly,Normal,,Yes,Yes,,,,,,,Yes,,,,90,Junction Area,90,Junction Area (90),D11,15685
-8824415.81495489,5429586.74826223,81070597,,2018,2018/10/19 04:00:00+00,1904,ELLESMERE RD,MIDLAND AVE,9 m East of,Major Arterial,Scarborough,21,43.767852,-79.271076,Intersection,At Intersection,Traffic Signal,Clear,"Dark, artificial",Dry,Non-Fatal Injury,Pedestrian Collisions,Driver,30 to 34,None,,East,"Automobile, Station Wagon",Going Ahead,Driving Properly,Normal,,,,,,,Yes,,Yes,,,,,,,,,,,156,Bendale-Glen Andrew,127,Bendale (127),D41,15686
-8852418.01022496,5410335.57491512,81321892,,2019,2019/06/21 04:00:00+00,1230,ISLINGTON AVE,MEADOWVALE DR,,Major Arterial,Etobicoke York,3,43.642836,-79.522624,Intersection,At Intersection,No Control,Clear,Daylight,Dry,Non-Fatal Injury,Turning Movement,Driver,65 to 69,None,,North,Pick Up Truck,Turning Left,Failed to Yield Right of Way,Inattentive,,,,,,,,,Yes,Yes,,,,,,Yes,,,,16,Stonegate-Queensway,16,Stonegate-Queensway (16),D22,15687
-8842393.80139851,5424894.21613401,81136294,,2019,2019/02/06 05:00:00+00,619,WILSON AVE,BATHURST ST,94 m East of,Major Arterial,North York,6,43.737403,-79.432575,Mid-Block,Non Intersection,No Control,Clear,"Dark, artificial",Dry,Non-Fatal Injury,Turning Movement,Passenger,5 to 9,Major,,,,,,,,,,,,,,,Yes,,,,,Yes,,,,,,38,Lansing-Westgate,38,Lansing-Westgate (38),D32,15688
-8852508.06769301,5407070.04866221,81331262,,2019,2019/07/26 04:00:00+00,1436,THE QUEENSWAY,VIBE RD,20 m West of,Major Arterial,Etobicoke York,3,43.621604,-79.523433,Intersection,At Intersection,No Control,Clear,Daylight,Dry,Non-Fatal Injury,Cyclist Collisions,Cyclist Passenger,25 to 29,Major,,,,,,,,,,,,,,Yes,Yes,,,,,Yes,,,,,,159,Etobicoke City Centre,14,Islington-City Centre West (14),D22,15689
-8834327.14581767,5414534.68368502,81471515,,2019,2019/03/29 04:00:00+00,2022,BAYVIEW AVE,ROSEDALE VALLEY RD,,Major Arterial,Toronto and East York,1113,43.670127,-79.360111,Intersection,At Intersection,Traffic Signal,Clear,Daylight,Dry,Non-Fatal Injury,Turning Movement,Motorcycle Driver,25 to 29,Major,,South,Motorcycle,Going Ahead,Driving Properly,Normal,,,,,,,,,Yes,Yes,,,,,,Yes,,,,71,Cabbagetown-South St.James Town,71,Cabbagetown-South St.James Town (71),D51,15690
-8852418.01022496,5410335.57491512,81321893,,2019,2019/06/21 04:00:00+00,1230,ISLINGTON AVE,MEADOWVALE DR,,Major Arterial,Etobicoke York,3,43.642836,-79.522624,Intersection,At Intersection,No Control,Clear,Daylight,Dry,Non-Fatal Injury,Turning Movement,Motorcycle Driver,30 to 34,Major,,South,Motorcycle,Going Ahead,Driving Properly,Normal,,,,,,,,,Yes,Yes,,,,,,Yes,,,,16,Stonegate-Queensway,16,Stonegate-Queensway (16),D22,15691
-8828601.98440617,5420093.04081285,81262817,,2019,2019/03/30 04:00:00+00,352,2747 ST CLAIR AVE E,,50 m West of,Major Arterial,Toronto and East York,19,43.706233,-79.308681,Mid-Block,Non Intersection,No Control,Clear,"Dark, artificial",Dry,Non-Fatal Injury,SMV Other,Driver,30 to 34,Major,,West,"Automobile, Station Wagon",Going Ahead,Lost control,Unknown,,,,,,,,,Yes,,,,,,Yes,Yes,,,,54,O'Connor-Parkview,54,O'Connor-Parkview (54),D55,15692
-8827639.73872775,5438438.46069034,80984565,,2018,2018/11/22 05:00:00+00,900,STEELES AVE E,SILVER STAR BLVD,3 m  of,Major Arterial,Scarborough,22,43.825247,-79.300037,Intersection,At Intersection,Traffic Signal,Clear,Daylight,Dry,Non-Fatal Injury,Cyclist Collisions,Passenger,60 to 64,None,,,,,,,,,,,,,,Yes,Yes,,,,,Yes,,Yes,,,,130,Milliken,130,Milliken (130),D42,15693
-8841951.30642261,5410227.58739426,81270893,,2019,2019/05/17 04:00:00+00,2100,DUFFERIN ST,QUEEN ST W,,Major Arterial,Toronto and East York,4910,43.642134,-79.4286,Intersection,At Intersection,Traffic Signal,Clear,"Dark, artificial",Dry,Non-Fatal Injury,Turning Movement,Driver,65 to 69,None,,North,"Automobile, Station Wagon",Turning Left,Improper Turn,Inattentive,,,,,,,,,Yes,Yes,,,,,,Yes,,,,85,South Parkdale,85,South Parkdale (85),D14,15694
-8820689.06104211,5434513.94149348,80984941,,2018,2018/12/21 05:00:00+00,710,MCLEVIN AVE,MALVERN ST,,Minor Arterial,Scarborough,23,43.799807,-79.237598,Intersection,Intersection Related,No Control,Rain,"Dark, artificial",Wet,Non-Fatal Injury,Pedestrian Collisions,Driver,45 to 49,None,,East,"Automobile, Station Wagon",Going Ahead,Driving Properly,Normal,,,,,,,Yes,,Yes,,,,,,,,,,,145,Malvern West,132,Malvern (132),D42,15695
-8824415.81495489,5429586.74826223,81070598,,2018,2018/10/19 04:00:00+00,1904,ELLESMERE RD,MIDLAND AVE,9 m East of,Major Arterial,Scarborough,21,43.767852,-79.271076,Intersection,At Intersection,Traffic Signal,Clear,"Dark, artificial",Dry,Non-Fatal Injury,Pedestrian Collisions,Pedestrian,15 to 19,Major,,North,,,,,Vehicle is going straight thru inter.while ped cross without ROW,Crossing without right of way,Inattentive,,,,Yes,,Yes,,,,,,,,,,,156,Bendale-Glen Andrew,127,Bendale (127),D41,15696
-8828456.71247069,5426842.66248441,81465424,,2019,2019/02/07 05:00:00+00,1642,PHARMACY AVE,TRESTLESIDE GRV,73 m South of,Minor Arterial,Scarborough,21,43.750048,-79.307376,Mid-Block,Non Intersection,No Control,Rain,"Dark, artificial",Ice,Non-Fatal Injury,Approaching,Driver,20 to 24,None,,South,"Automobile, Station Wagon",Going Ahead,Lost control,Unknown,,,,,,,,,Yes,,,,,Yes,Yes,Yes,,,,119,Wexford/Maryvale,119,Wexford/Maryvale (119),D41,15697
-8837180.70964466,5435391.87665122,81330296,,2019,2019/08/20 04:00:00+00,2112,STEELES AVE E,LAURELEAF RD S,,Major Arterial,North York,17,43.805499,-79.385745,Intersection,At Intersection,Traffic Signal,Clear,"Dark, artificial",Dry,Fatal,Pedestrian Collisions,Pedestrian,60 to 64,Fatal,35,North,,,,,Vehicle is going straight thru inter.while ped cross without ROW,Crossing without right of way,Had Been Drinking,,,,Yes,,Yes,,,,,,,,,,,49,Bayview Woods-Steeles,49,Bayview Woods-Steeles (49),D33,15698
-8825627.75025116,5429231.43838639,81511803,,2019,2019/07/26 04:00:00+00,1630,857 ELLESMERE RD,,10 m West of,Major Arterial,Scarborough,,43.765547,-79.281963,Mid-Block,Non Intersection,No Control,Clear,Daylight,Dry,Non-Fatal Injury,Rear End,Driver,unknown,None,,East,"Automobile, Station Wagon",Going Ahead,Speed too Fast For Condition,Unknown,,,,,,,,,Yes,,,,,Yes,Yes,Yes,,,,126,Dorset Park,126,Dorset Park (126),D41,15699
-8837180.70964466,5435391.87665122,81330299,,2019,2019/08/20 04:00:00+00,2112,STEELES AVE E,LAURELEAF RD S,,Major Arterial,North York,17,43.805499,-79.385745,Intersection,At Intersection,Traffic Signal,Clear,"Dark, artificial",Dry,Fatal,Pedestrian Collisions,Driver,30 to 34,None,,West,"Automobile, Station Wagon",Going Ahead,Driving Properly,Normal,,,,,,,Yes,,Yes,,,,,,,,,,,49,Bayview Woods-Steeles,49,Bayview Woods-Steeles (49),D33,15700
-8818262.63010129,5428650.64027104,81270265,,2019,2019/06/22 04:00:00+00,1909,LAWRENCE AVE E,SCARBOROUGH GOLF CLUB RD,3 metres east,Major Arterial,Scarborough,24,43.761779,-79.215801,Intersection,At Intersection,Traffic Signal,Clear,Daylight,Dry,Fatal,Angle,Passenger,10 to 14,Minor,,,"Automobile, Station Wagon",,,,,,,,,,,,Yes,,,,,Yes,,Yes,Yes,,,141,Golfdale-Cedarbrae-Woburn,137,Woburn (137),D43,15701
-8825245.47911977,5432273.21072451,81329539,,2019,2019/08/21 04:00:00+00,1130,SHEPPARD AVE E,MIDLAND AVE,,Major Arterial,Scarborough,2223,43.785277,-79.278529,Intersection,At Intersection,Traffic Signal,Clear,Daylight,Dry,Fatal,Pedestrian Collisions,Driver,45 to 49,None,,East,Truck - Tank,Turning Right,Failed to Yield Right of Way,Unknown,,,,,,,Yes,,Yes,,Yes,,,,,Yes,,,,128,Agincourt South-Malvern West,128,Agincourt South-Malvern West (128),D42,15702
-8833446.38600651,5412708.38845879,81469360,,2019,2019/04/01 04:00:00+00,848,QUEEN ST E,CARROLL ST,13 m East of,Major Arterial,Toronto and East York,14,43.658259,-79.352199,Intersection,At Intersection,Pedestrian Crossover,Clear,Daylight,Dry,Non-Fatal Injury,Pedestrian Collisions,Driver,30 to 34,None,,East,Street Car,Going Ahead,Following too Close,Normal,,,,,,,Yes,,Yes,,,Yes,,,,Yes,,,,70,South Riverdale,70,South Riverdale (70),D55,15703
-8825967.38601757,5429590.75617407,80976238,,2018,2018/11/23 05:00:00+00,1739,DUNDALK DR,GLAMORGAN AVE,30 m South of,Collector,Scarborough,21,43.767878,-79.285014,Mid-Block,Non Intersection,No Control,Clear,Daylight,Dry,Non-Fatal Injury,Pedestrian Collisions,Driver,unknown,None,,North,Pick Up Truck,Going Ahead,Other,Unknown,,,,,,,Yes,,Yes,,,,,,,,,,,126,Dorset Park,126,Dorset Park (126),D41,15704
-8841951.30642261,5410227.58739426,81270894,,2019,2019/05/17 04:00:00+00,2100,DUFFERIN ST,QUEEN ST W,,Major Arterial,Toronto and East York,4910,43.642134,-79.4286,Intersection,At Intersection,Traffic Signal,Clear,"Dark, artificial",Dry,Non-Fatal Injury,Turning Movement,Motorcycle Driver,30 to 34,Major,,South,Motorcycle,Going Ahead,Driving Properly,Normal,,,,,,,,,Yes,Yes,,,,,,Yes,,,,85,South Parkdale,85,South Parkdale (85),D14,15705
-8836907.30897528,5410275.12020738,81164304,,2018,2018/10/21 04:00:00+00,1213,BREMNER BLVD,LOWER SIMCOE ST,44 m East of,Minor Arterial,Toronto and East York,10,43.642443,-79.383289,Mid-Block,Non Intersection,No Control,Clear,Daylight,Dry,Non-Fatal Injury,Turning Movement,Motorcycle Driver,35 to 39,Major,,East,Motorcycle,Overtaking,Improper Passing,Normal,,,,,,,,,Yes,Yes,,,,,,Yes,,,,165,Harbourfront-CityPlace,77,Waterfront Communities-The Island (77),D52,15706
-8828456.71247069,5426842.66248441,81465425,,2019,2019/02/07 05:00:00+00,1642,PHARMACY AVE,TRESTLESIDE GRV,73 m South of,Minor Arterial,Scarborough,21,43.750048,-79.307376,Mid-Block,Non Intersection,No Control,Rain,"Dark, artificial",Ice,Non-Fatal Injury,Approaching,Driver,40 to 44,Minimal,,North,"Automobile, Station Wagon",Going Ahead,Driving Properly,Normal,,,,,,,,,Yes,,,,,Yes,Yes,Yes,,,,119,Wexford/Maryvale,119,Wexford/Maryvale (119),D41,15707
-8825627.75025116,5429231.43838639,81511804,,2019,2019/07/26 04:00:00+00,1630,857 ELLESMERE RD,,10 m West of,Major Arterial,Scarborough,,43.765547,-79.281963,Mid-Block,Non Intersection,No Control,Clear,Daylight,Dry,Non-Fatal Injury,Rear End,Driver,60 to 64,Major,,East,"Automobile, Station Wagon",Stopped,Driving Properly,Normal,,,,,,,,,Yes,,,,,Yes,Yes,Yes,,,,126,Dorset Park,126,Dorset Park (126),D41,15708
-8820689.06104211,5434513.94149348,80984942,,2018,2018/12/21 05:00:00+00,710,MCLEVIN AVE,MALVERN ST,,Minor Arterial,Scarborough,23,43.799807,-79.237598,Intersection,Intersection Related,No Control,Rain,"Dark, artificial",Wet,Non-Fatal Injury,Pedestrian Collisions,Pedestrian,20 to 24,Major,,North,,,,,Vehicle is going straight thru inter.while ped cross without ROW,Crossing without right of way,Normal,,,,Yes,,Yes,,,,,,,,,,,145,Malvern West,132,Malvern (132),D42,15709
-8818262.63010129,5428650.64027104,81270267,,2019,2019/06/22 04:00:00+00,1909,LAWRENCE AVE E,SCARBOROUGH GOLF CLUB RD,3 metres east,Major Arterial,Scarborough,24,43.761779,-79.215801,Intersection,At Intersection,Traffic Signal,Clear,Daylight,Dry,Fatal,Angle,Passenger,70 to 74,Minor,,,,,,,,,,,,,,,Yes,,,,,Yes,,Yes,Yes,,,141,Golfdale-Cedarbrae-Woburn,137,Woburn (137),D43,15710
-8825245.47911977,5432273.21072451,81330300,,2019,2019/08/21 04:00:00+00,1130,SHEPPARD AVE E,MIDLAND AVE,,Major Arterial,Scarborough,2223,43.785277,-79.278529,Intersection,At Intersection,Traffic Signal,Clear,Daylight,Dry,Fatal,Pedestrian Collisions,Driver,unknown,None,,East,"Automobile, Station Wagon",Unknown,Failed to Yield Right of Way,Unknown,,,,,,,Yes,,Yes,,Yes,,,,,Yes,,,,128,Agincourt South-Malvern West,128,Agincourt South-Malvern West (128),D42,15711
-8833446.38600651,5412708.38845879,81469361,,2019,2019/04/01 04:00:00+00,848,QUEEN ST E,CARROLL ST,13 m East of,Major Arterial,Toronto and East York,14,43.658259,-79.352199,Intersection,At Intersection,Pedestrian Crossover,Clear,Daylight,Dry,Non-Fatal Injury,Pedestrian Collisions,Driver,40 to 44,Minimal,,East,"Automobile, Station Wagon",Stopped,Driving Properly,Normal,,,,,,,Yes,,Yes,,,Yes,,,,Yes,,,,70,South Riverdale,70,South Riverdale (70),D55,15712
-8825967.38601757,5429590.75617407,80976239,,2018,2018/11/23 05:00:00+00,1739,DUNDALK DR,GLAMORGAN AVE,30 m South of,Collector,Scarborough,21,43.767878,-79.285014,Mid-Block,Non Intersection,No Control,Clear,Daylight,Dry,Non-Fatal Injury,Pedestrian Collisions,Pedestrian,45 to 49,Major,,Unknown,,,,,Pedestrian hit at mid-block,Other,Normal,,,,Yes,,Yes,,,,,,,,,,,126,Dorset Park,126,Dorset Park (126),D41,15713
-8836907.30897528,5410275.12020738,81164305,,2018,2018/10/21 04:00:00+00,1213,BREMNER BLVD,LOWER SIMCOE ST,44 m East of,Minor Arterial,Toronto and East York,10,43.642443,-79.383289,Mid-Block,Non Intersection,No Control,Clear,Daylight,Dry,Non-Fatal Injury,Turning Movement,Driver,45 to 49,None,,East,"Automobile, Station Wagon",Turning Left,Driving Properly,Normal,,,,,,,,,Yes,Yes,,,,,,Yes,,,,165,Harbourfront-CityPlace,77,Waterfront Communities-The Island (77),D52,15714
-8838116.68392325,5415303.13438281,80985326,,2018,2018/12/22 05:00:00+00,623,DAVENPORT  RD,HAZELTON  AVE,42.9 M EAST OF,Major Arterial,Toronto and East York,11,43.67512,-79.394153,Mid-Block,Non Intersection,No Control,Clear,"Dawn, artificial",Dry,Fatal,Pedestrian Collisions,Pedestrian,50 to 54,Fatal,65,Unknown,,,,,Pedestrian hit at mid-block,Other,Normal,,,,Yes,,Yes,,,,,,Yes,Yes,,,,95,Annex,95,Annex (95),D53,15715
-8825627.75025116,5429231.43838639,81511805,,2019,2019/07/26 04:00:00+00,1630,857 ELLESMERE RD,,10 m West of,Major Arterial,Scarborough,,43.765547,-79.281963,Mid-Block,Non Intersection,No Control,Clear,Daylight,Dry,Non-Fatal Injury,Rear End,Passenger,15 to 19,Minimal,,,,,,,,,,,,,,,Yes,,,,,Yes,Yes,Yes,,,,126,Dorset Park,126,Dorset Park (126),D41,15716
-8842774.29141804,5409453.7137507,81241065,,2019,2019/05/19 04:00:00+00,1154,KING ST W,JAMESON AVE,,Major Arterial,Toronto and East York,4,43.637103,-79.435993,Intersection,At Intersection,Traffic Signal,Clear,Daylight,Dry,Non-Fatal Injury,Pedestrian Collisions,Driver,25 to 29,None,,West,"Automobile, Station Wagon",Turning Left,Failed to Yield Right of Way,Inattentive,,,,,,,Yes,,Yes,,,,,,,Yes,,,,85,South Parkdale,85,South Parkdale (85),D14,15717
-8818262.63010129,5428650.64027104,81270756,,2019,2019/06/22 04:00:00+00,1909,LAWRENCE AVE E,SCARBOROUGH GOLF CLUB RD,3 metres east,Major Arterial,Scarborough,24,43.761779,-79.215801,Intersection,At Intersection,Traffic Signal,Clear,Daylight,Dry,Fatal,Angle,Driver,75 to 79,Fatal,24,South,"Automobile, Station Wagon",Going Ahead,Driving Properly,Normal,,,,,,,,,Yes,,,,,Yes,,Yes,Yes,,,141,Golfdale-Cedarbrae-Woburn,137,Woburn (137),D43,15718
-8825245.47911977,5432273.21072451,81330776,,2019,2019/08/21 04:00:00+00,1130,SHEPPARD AVE E,MIDLAND AVE,,Major Arterial,Scarborough,2223,43.785277,-79.278529,Intersection,At Intersection,Traffic Signal,Clear,Daylight,Dry,Fatal,Pedestrian Collisions,Pedestrian,75 to 79,Fatal,36,East,,,,,Vehicle turns right while ped crosses with ROW at inter.,Crossing with right of way,Unknown,,,,Yes,,Yes,,Yes,,,,,Yes,,,,128,Agincourt South-Malvern West,128,Agincourt South-Malvern West (128),D42,15719
-8833446.38600651,5412708.38845879,81469362,,2019,2019/04/01 04:00:00+00,848,QUEEN ST E,CARROLL ST,13 m East of,Major Arterial,Toronto and East York,14,43.658259,-79.352199,Intersection,At Intersection,Pedestrian Crossover,Clear,Daylight,Dry,Non-Fatal Injury,Pedestrian Collisions,Pedestrian,30 to 34,Major,,South,,,,,Pedestrian hit a PXO/ped. Mid-block signal,Crossing with right of way,Normal,,,,Yes,,Yes,,,Yes,,,,Yes,,,,70,South Riverdale,70,South Riverdale (70),D55,15720
-8828850.7834681,5432293.2561416,80976026,,2018,2018/11/24 05:00:00+00,1731,WARDEN AVE,HUNTINGWOOD DR,,Major Arterial,Scarborough,22,43.785407,-79.310916,Intersection,At Intersection,Traffic Signal,Rain,"Dark, artificial",Wet,Non-Fatal Injury,Pedestrian Collisions,Driver,50 to 54,None,,North,"Automobile, Station Wagon",Turning Left,Improper Turn,Inattentive,,,,,,,Yes,,Yes,,,,,Yes,,,,,,118,Tam O'Shanter-Sullivan,118,Tam O'Shanter-Sullivan (118),D42,15721
-8826796.3822655,5421203.85103237,80973616,,2018,2018/10/22 04:00:00+00,755,PHARMACY AVE,CAMILLA CRES,,Minor Arterial,Scarborough,20,43.713446,-79.292461,Intersection,At Intersection,No Control,Clear,Daylight,Dry,Non-Fatal Injury,Pedestrian Collisions,Passenger,25 to 29,None,,,,,,,,,,,,,Yes,,Yes,,,,,Yes,,,,,,120,Clairlea-Birchmount,120,Clairlea-Birchmount (120),D41,15722
-8828850.7834681,5432293.2561416,80976027,,2018,2018/11/24 05:00:00+00,1731,WARDEN AVE,HUNTINGWOOD DR,,Major Arterial,Scarborough,22,43.785407,-79.310916,Intersection,At Intersection,Traffic Signal,Rain,"Dark, artificial",Wet,Non-Fatal Injury,Pedestrian Collisions,Passenger,45 to 49,None,,,,,,,,,,,,,Yes,,Yes,,,,,Yes,,,,,,118,Tam O'Shanter-Sullivan,118,Tam O'Shanter-Sullivan (118),D42,15723
-8828456.71247069,5426842.66248441,81465426,,2019,2019/02/07 05:00:00+00,1642,PHARMACY AVE,TRESTLESIDE GRV,73 m South of,Minor Arterial,Scarborough,21,43.750048,-79.307376,Mid-Block,Non Intersection,No Control,Rain,"Dark, artificial",Ice,Non-Fatal Injury,Approaching,Passenger,25 to 29,Major,,,,,,,,,,,,,,,Yes,,,,,Yes,Yes,Yes,,,,119,Wexford/Maryvale,119,Wexford/Maryvale (119),D41,15724
-8825627.75025116,5429231.43838639,81511806,,2019,2019/07/26 04:00:00+00,1630,857 ELLESMERE RD,,10 m West of,Major Arterial,Scarborough,,43.765547,-79.281963,Mid-Block,Non Intersection,No Control,Clear,Daylight,Dry,Non-Fatal Injury,Rear End,Passenger,20 to 24,None,,,,,,,,,,,,,,,Yes,,,,,Yes,Yes,Yes,,,,126,Dorset Park,126,Dorset Park (126),D41,15725
-8853460.9625342,5413624.10696881,81331075,,2019,2019/08/22 04:00:00+00,815,ISLINGTON AVE,ANGLESEY BLVD,,Major Arterial,Etobicoke York,2,43.66421,-79.531993,Intersection,At Intersection,Stop Sign,Clear,Daylight,Dry,Non-Fatal Injury,Angle,Driver,40 to 44,None,,West,Pick Up Truck,Going Ahead,Failed to Yield Right of Way,Normal,,,,,,,,,Yes,Yes,,,,,,Yes,,,,9,Edenbridge-Humber Valley,9,Edenbridge-Humber Valley (9),D22,15726
-8829328.12144461,5428036.74190419,81332960,,2019,2019/07/26 04:00:00+00,2310,VICTORIA PARK AVE,ELLESMERE RD,,Major Arterial,Scarborough,1621,43.757796,-79.315204,Intersection,At Intersection,Traffic Signal,Clear,"Dark, artificial",Dry,Non-Fatal Injury,Turning Movement,Driver,25 to 29,None,,South,"Automobile, Station Wagon",Turning Left,Improper Turn,"Ability Impaired, Alcohol Over .08",,,,,,,,,Yes,,,,,Yes,,Yes,,Yes,,119,Wexford/Maryvale,119,Wexford/Maryvale (119),D41,15727
-8838116.68392325,5415303.13438281,80985327,,2018,2018/12/22 05:00:00+00,623,DAVENPORT  RD,HAZELTON  AVE,42.9 M EAST OF,Major Arterial,Toronto and East York,11,43.67512,-79.394153,Mid-Block,Non Intersection,No Control,Clear,"Dawn, artificial",Dry,Fatal,Pedestrian Collisions,Pedestrian,50 to 54,Major,,Unknown,,,,,Pedestrian hit at mid-block,Other,Normal,,,,Yes,,Yes,,,,,,Yes,Yes,,,,95,Annex,95,Annex (95),D53,15728
-8822232.17182349,5430237.13182904,81453514,,2019,2019/04/01 04:00:00+00,2343,MCCOWAN RD,ELLESMERE RD,,Major Arterial,Scarborough,2124,43.772071,-79.25146,Intersection,At Intersection,Traffic Signal,Clear,"Dark, artificial",Dry,Non-Fatal Injury,Pedestrian Collisions,Driver,20 to 24,None,,North,"Automobile, Station Wagon",Going Ahead,Exceeding Speed Limit,Unknown,,,,,,,Yes,,Yes,,,,,,Yes,Yes,,,,142,Woburn North,137,Woburn (137),D43,15729
-8842774.29141804,5409453.7137507,81241066,,2019,2019/05/19 04:00:00+00,1154,KING ST W,JAMESON AVE,,Major Arterial,Toronto and East York,4,43.637103,-79.435993,Intersection,At Intersection,Traffic Signal,Clear,Daylight,Dry,Non-Fatal Injury,Pedestrian Collisions,Driver,65 to 69,None,,East,"Automobile, Station Wagon",Going Ahead,Driving Properly,Normal,,,,,,,Yes,,Yes,,,,,,,Yes,,,,85,South Parkdale,85,South Parkdale (85),D14,15730
-8826796.3822655,5421203.85103237,80973617,,2018,2018/10/22 04:00:00+00,755,PHARMACY AVE,CAMILLA CRES,,Minor Arterial,Scarborough,20,43.713446,-79.292461,Intersection,At Intersection,No Control,Clear,Daylight,Dry,Non-Fatal Injury,Pedestrian Collisions,Pedestrian,20 to 24,Major,,West,,,,,Vehicle is going straight thru inter.while ped cross without ROW,Crossing without right of way,Normal,,,,Yes,,Yes,,,,,Yes,,,,,,120,Clairlea-Birchmount,120,Clairlea-Birchmount (120),D41,15731
-8828850.7834681,5432293.2561416,80976028,,2018,2018/11/24 05:00:00+00,1731,WARDEN AVE,HUNTINGWOOD DR,,Major Arterial,Scarborough,22,43.785407,-79.310916,Intersection,At Intersection,Traffic Signal,Rain,"Dark, artificial",Wet,Non-Fatal Injury,Pedestrian Collisions,Pedestrian,60 to 64,Major,,North,,,,,Vehicle turns left while ped crosses without ROW at inter.,Crossing without right of way,Normal,,,,Yes,,Yes,,,,,Yes,,,,,,118,Tam O'Shanter-Sullivan,118,Tam O'Shanter-Sullivan (118),D42,15732
-8837188.39068953,5413090.45254746,81473892,,2019,2019/02/08 05:00:00+00,330,COLLEGE ST,BAY ST,,Major Arterial,Toronto and East York,1113,43.660742,-79.385814,Intersection,At Intersection,Traffic Signal,Clear,"Dark, artificial",Dry,Non-Fatal Injury,Approaching,Driver,65 to 69,Major,,East,Pick Up Truck,Going Ahead,Lost control,Medical or Physical Disability,,,,,,,,,Yes,,,,Yes,Yes,,Yes,,,Yes,170,Yonge-Bay Corridor,76,Bay Street Corridor (76),D52,15733
-8818262.63010129,5428650.64027104,81270757,,2019,2019/06/22 04:00:00+00,1909,LAWRENCE AVE E,SCARBOROUGH GOLF CLUB RD,3 metres east,Major Arterial,Scarborough,24,43.761779,-79.215801,Intersection,At Intersection,Traffic Signal,Clear,Daylight,Dry,Fatal,Angle,Passenger,20 to 24,Minor,,,"Automobile, Station Wagon",,,,,,,,,,,,Yes,,,,,Yes,,Yes,Yes,,,141,Golfdale-Cedarbrae-Woburn,137,Woburn (137),D43,15734
-8838116.68392325,5415303.13438281,80985328,,2018,2018/12/22 05:00:00+00,623,DAVENPORT  RD,HAZELTON  AVE,42.9 M EAST OF,Major Arterial,Toronto and East York,11,43.67512,-79.394153,Mid-Block,Non Intersection,No Control,Clear,"Dawn, artificial",Dry,Fatal,Pedestrian Collisions,Driver,55 to 59,None,,West,"Automobile, Station Wagon",Going Ahead,Lost control,Inattentive,,,,,,,Yes,,Yes,,,,,,Yes,Yes,,,,95,Annex,95,Annex (95),D53,15735
-8822232.17182349,5430237.13182904,81453515,,2019,2019/04/01 04:00:00+00,2343,MCCOWAN RD,ELLESMERE RD,,Major Arterial,Scarborough,2124,43.772071,-79.25146,Intersection,At Intersection,Traffic Signal,Clear,"Dark, artificial",Dry,Non-Fatal Injury,Pedestrian Collisions,Pedestrian,20 to 24,Major,,East,,,,,Vehicle is going straight thru inter.while ped cross with ROW,Crossing with right of way,Normal,,,,Yes,,Yes,,,,,,Yes,Yes,,,,142,Woburn North,137,Woburn (137),D43,15736
-8837188.39068953,5413090.45254746,81473893,,2019,2019/02/08 05:00:00+00,330,COLLEGE ST,BAY ST,,Major Arterial,Toronto and East York,1113,43.660742,-79.385814,Intersection,At Intersection,Traffic Signal,Clear,"Dark, artificial",Dry,Non-Fatal Injury,Approaching,Driver,35 to 39,None,,West,Fire Vehicle,Slowing or Stopping,Driving Properly,Normal,,,,,,,,,Yes,,,,Yes,Yes,,Yes,,,Yes,170,Yonge-Bay Corridor,76,Bay Street Corridor (76),D52,15737