X,Y,INDEX_,ACCNUM,YEAR,DATE,TIME,STREET1,STREET2,OFFSET,ROAD_CLASS,DISTRICT,WARDNUM,LATITUDE,LONGITUDE,LOCCOORD,ACCLOC,TRAFFCTL,VISIBILITY,LIGHT,RDSFCOND,ACCLASS,IMPACTYPE,INVTYPE,INVAGE,INJURY,FATAL_NO,INITDIR,VEHTYPE,MANOEUVER,DRIVACT,DRIVCOND,PEDTYPE,PEDACT,PEDCOND,CYCLISTYPE,CYCACT,CYCCOND,PEDESTRIAN,CYCLIST,AUTOMOBILE,MOTORCYCLE,TRUCK,TRSN_CITY_VEH,EMERG_VEH,PASSENGER,SPEEDING,AG_DRIV,REDLIGHT,ALCOHOL,DISABILITY,HOOD_158,NEIGHBOURHOOD_158,HOOD_140,NEIGHBOURHOOD_140,DIVISION,ObjectId
-8831127.82365227,5433469.69008743,81239214,,2019,2019/04/06 04:00:00+00,1041,VICTORIA PARK AVE,FINCH AVE E,20 metres north,Major Arterial,North York,1722,43.793036,-79.331371,Intersection,Intersection Related,Traffic Signal,Clear,Daylight,Dry,Fatal,Approaching,Driver,40 to 44,Fatal,17,South,"Automobile, Station Wagon",Slowing or Stopping,Driving Properly,Normal,,,,,,,,,Yes,,,,,,Yes,Yes,,,,147,L'Amoreaux West,117,L'Amoreaux (117),D42,15791
-8827252.45821928,5434728.17340121,81241523,,2019,2019/05/22 04:00:00+00,724,KENNEDY RD,FINCH AVE E,,Major Arterial,Scarborough,22,43.801196,-79.296558,Intersection,At Intersection,Traffic Signal,Clear,Daylight,Dry,Non-Fatal Injury,Angle,Driver,35 to 39,None,,North,"Automobile, Station Wagon",Going Ahead,Driving Properly,Normal,,,,,,,,,Yes,Yes,,,,,,Yes,Yes,,,148,East L'Amoreaux,117,L'Amoreaux (117),D42,15792
-8836856.32464849,5412453.58526742,80976373,,2018,2018/11/26 05:00:00+00,1651,EDWARD ST,BAY ST,150 m East of,Collector,Toronto and East York,11,43.656603,-79.382831,Mid-Block,Non Intersection,No Control,Rain,"Dark, artificial",Wet,Non-Fatal Injury,Pedestrian Collisions,Passenger,unknown,None,,,,,,,,,,,,,Yes,,Yes,,,,,Yes,,,,,,170,Yonge-Bay Corridor,76,Bay Street Corridor (76),D52,15793
-8843873.23743116,5421301.49414675,80973689,,2018,2018/10/24 04:00:00+00,1455,MARLEE AVE,DELL PARK AVE,,Minor Arterial,North York,8,43.71408,-79.445865,Intersection,At Intersection,No Control,Clear,Daylight,Dry,Non-Fatal Injury,Cyclist Collisions,Cyclist,30 to 34,Major,,North,Bicycle,Going Ahead,,,,,,"Motorist turns right at non-signal Inter.(stop, yield, no cont.,and dwy) and strikes cyclist.",Driving Properly,Normal,,Yes,Yes,,,,,,,Yes,,,,31,Yorkdale-Glen Park,31,Yorkdale-Glen Park (31),D13,15794
-8823868.79097713,5427553.42009769,81278203,,2019,2019/06/25 04:00:00+00,2002,MIDLAND AVE,MIDWEST RD,,Major Arterial,Scarborough,21,43.75466,-79.266162,Mid-Block,Non Intersection,No Control,Clear,Daylight,Dry,Non-Fatal Injury,Pedestrian Collisions,Driver,20 to 24,None,,North,"Automobile, Station Wagon",Going Ahead,Other,Unknown,,,,,,,Yes,,Yes,,,,,Yes,,,,,,156,Bendale-Glen Andrew,127,Bendale (127),D41,15795
-8847306.99844416,5416290.68663507,81145408,,2019,2019/02/15 05:00:00+00,2049,WESTON RD,ROGERS RD,,Major Arterial,Etobicoke York,5,43.681536,-79.476711,Intersection,At Intersection,Yield Sign,Clear,"Dark, artificial",Wet,Non-Fatal Injury,Pedestrian Collisions,Truck Driver,60 to 64,None,,North,Truck-Tractor,Turning Right,Failed to Yield Right of Way,Normal,,,,,,,Yes,,,,Yes,,,Yes,,Yes,,,,111,Rockcliffe-Smythe,111,Rockcliffe-Smythe (111),D12,15796
-8837188.39068953,5413090.45254746,81330948,,2019,2019/08/22 04:00:00+00,1521,BAY ST,COLLEGE ST,,Major Arterial,Toronto and East York,1113,43.660742,-79.385814,Intersection,At Intersection,Traffic Signal,Clear,Daylight,Dry,Non-Fatal Injury,Pedestrian Collisions,Pedestrian,50 to 54,Major,,,,,,,Vehicle is going straight thru inter.while ped cross with ROW,Crossing with right of way,Normal,,,,Yes,,Yes,,,,,Yes,,Yes,Yes,,,170,Yonge-Bay Corridor,76,Bay Street Corridor (76),D52,15797
-8823390.67376417,5425373.7006958,81322435,,2019,2019/07/28 04:00:00+00,148,FITZGIBBON AVE,LORD ROBERTS DR,85 m South of,Local,Scarborough,21,43.740515,-79.261867,Mid-Block,At/Near Private Drive,No Control,Clear,"Dark, artificial",Dry,Non-Fatal Injury,SMV Other,Passenger,20 to 24,Major,,,,,,,,,,,,,,,Yes,,,,,Yes,Yes,Yes,,,,138,Eglinton East,138,Eglinton East (138),D41,15798
-8859989.51671075,5424828.88983219,80985247,,2018,2018/12/24 05:00:00+00,2050,FINCH AVE W,MARTIN GROVE RD,89 m East of,Major Arterial,Etobicoke York,1,43.736979,-79.59064,Mid-Block,Non Intersection,No Control,Clear,"Dark, artificial",Dry,Non-Fatal Injury,Approaching,Passenger,10 to 14,Minor,,,,,,,,,,,,,,,Yes,,,,,Yes,,Yes,,Yes,,2,Mount Olive-Silverstone-Jamestown,2,Mount Olive-Silverstone-Jamestown (2),D23,15799
-8857242.04035848,5410234.04815062,81163325,,2019,2019/04/07 04:00:00+00,1113,THE WEST MALL,CIVIC CENTRE CRT,8 m North of,Minor Arterial,Etobicoke York,2,43.642176,-79.565959,Intersection,At Intersection,Traffic Signal,Clear,Daylight,Dry,Non-Fatal Injury,SMV Other,Driver,25 to 29,Major,,South,"Automobile, Station Wagon",Going Ahead,Lost control,Unknown,,,,,,,,,Yes,,,,,,,,,,,13,Etobicoke West Mall,13,Etobicoke West Mall (13),D22,15800
-8838695.09999742,5411016.90989463,81241570,,2019,2019/05/22 04:00:00+00,1439,RICHMOND ST W,AUGUSTA AVE,,Major Arterial,Toronto and East York,10,43.647265,-79.399349,Intersection,At Intersection,No Control,Clear,Daylight,Dry,Non-Fatal Injury,Pedestrian Collisions,Truck Driver,35 to 39,None,,West,Truck - Tank,Going Ahead,Driving Properly,Unknown,,,,,,,Yes,,,,Yes,,,,,,,,,164,Wellington Place,77,Waterfront Communities-The Island (77),D14,15801
-8836856.32464849,5412453.58526742,80976374,,2018,2018/11/26 05:00:00+00,1651,EDWARD ST,BAY ST,150 m East of,Collector,Toronto and East York,11,43.656603,-79.382831,Mid-Block,Non Intersection,No Control,Rain,"Dark, artificial",Wet,Non-Fatal Injury,Pedestrian Collisions,Pedestrian,60 to 64,Major,,North,,,,,Vehicle hits the pedestrian walking or running out from between parked vehicles at mid-block,Coming From Behind Parked Vehicle,Normal,,,,Yes,,Yes,,,,,Yes,,,,,,170,Yonge-Bay Corridor,76,Bay Street Corridor (76),D52,15802
-8837273.327461,5411217.05870625,81270440,,2018,2018/10/24 04:00:00+00,2238,SIMCOE ST,ADELAIDE ST W,,Major Arterial,Toronto and East York,10,43.648566,-79.386577,Intersection,At Intersection,Traffic Signal,Clear,"Dark, artificial",Dry,Non-Fatal Injury,Pedestrian Collisions,Driver,35 to 39,None,,East,"Automobile, Station Wagon",Going Ahead,Driving Properly,Normal,,,,,,,Yes,,Yes,,,,,Yes,,,,,,170,Yonge-Bay Corridor,76,Bay Street Corridor (76),D52,15803
-8847306.99844416,5416290.68663507,81145409,,2019,2019/02/15 05:00:00+00,2049,WESTON RD,ROGERS RD,,Major Arterial,Etobicoke York,5,43.681536,-79.476711,Intersection,At Intersection,Yield Sign,Clear,"Dark, artificial",Wet,Non-Fatal Injury,Pedestrian Collisions,Passenger,40 to 44,None,,,,,,,,,,,,,Yes,,,,Yes,,,Yes,,Yes,,,,111,Rockcliffe-Smythe,111,Rockcliffe-Smythe (111),D12,15804
-8829286.48795506,5413314.80523529,81330890,,2019,2019/08/22 04:00:00+00,1823,LAKE SHORE BLVD E,COXWELL AVE,,Major Arterial,Toronto and East York,1419,43.6622,-79.31483,Intersection,At Intersection,Traffic Controller,Clear,Dusk,Dry,Non-Fatal Injury,Rear End,Driver,50 to 54,Major,,East,"Automobile, Station Wagon",Going Ahead,Following too Close,Unknown,,,,,,,,,Yes,Yes,,,,,,Yes,,,,70,South Riverdale,70,South Riverdale (70),D55,15805
-8859989.51671075,5424828.88983219,80985248,,2018,2018/12/24 05:00:00+00,2050,FINCH AVE W,MARTIN GROVE RD,89 m East of,Major Arterial,Etobicoke York,1,43.736979,-79.59064,Mid-Block,Non Intersection,No Control,Clear,"Dark, artificial",Dry,Non-Fatal Injury,Approaching,Passenger,0 to 4,None,,,,,,,,,,,,,,,Yes,,,,,Yes,,Yes,,Yes,,2,Mount Olive-Silverstone-Jamestown,2,Mount Olive-Silverstone-Jamestown (2),D23,15806
-8857889.25187795,5428369.50273046,81322096,,2019,2019/07/28 04:00:00+00,1054,ISLINGTON AVE,MILLWICK DR,,Major Arterial,Etobicoke York,7,43.759955,-79.571773,Intersection,At Intersection,Traffic Signal,Clear,Daylight,Dry,Fatal,Pedestrian Collisions,Driver,25 to 29,None,,South,"Automobile, Station Wagon",Turning Left,Failed to Yield Right of Way,Inattentive,,,,,,,Yes,,Yes,,,,,,,Yes,,,,21,Humber Summit,21,Humber Summit (21),D31,15807
-8831635.66316927,5419461.54174071,80976055,,2018,2018/11/28 05:00:00+00,1812,DON MILLS RD,DVP S DON MILLS RD N RAMP,15 m South of,Major Arterial,Toronto and East York,14,43.702132,-79.335933,Mid-Block,Non Intersection,No Control,Clear,Dark,Dry,Non-Fatal Injury,Approaching,Driver,20 to 24,Major,,North,"Automobile, Station Wagon",Going Ahead,Lost control,Unknown,,,,,,,,,Yes,,,,,Yes,,,,,,58,Old East York,58,Old East York (58),D55,15808
-8838695.09999742,5411016.90989463,81241571,,2019,2019/05/22 04:00:00+00,1439,RICHMOND ST W,AUGUSTA AVE,,Major Arterial,Toronto and East York,10,43.647265,-79.399349,Intersection,At Intersection,No Control,Clear,Daylight,Dry,Non-Fatal Injury,Pedestrian Collisions,Pedestrian,45 to 49,Major,,North,,,,,Vehicle is going straight thru inter.while ped cross without ROW,"Crossing, no Traffic Control",Inattentive,,,,Yes,,,,Yes,,,,,,,,,164,Wellington Place,77,Waterfront Communities-The Island (77),D14,15809
-8837273.327461,5411217.05870625,81270441,,2018,2018/10/24 04:00:00+00,2238,SIMCOE ST,ADELAIDE ST W,,Major Arterial,Toronto and East York,10,43.648566,-79.386577,Intersection,At Intersection,Traffic Signal,Clear,"Dark, artificial",Dry,Non-Fatal Injury,Pedestrian Collisions,Passenger,35 to 39,None,,,,,,,,,,,,,Yes,,Yes,,,,,Yes,,,,,,170,Yonge-Bay Corridor,76,Bay Street Corridor (76),D52,15810
-8823868.79097713,5427553.42009769,81278204,,2019,2019/06/25 04:00:00+00,2002,MIDLAND AVE,MIDWEST RD,,Major Arterial,Scarborough,21,43.75466,-79.266162,Mid-Block,Non Intersection,No Control,Clear,Daylight,Dry,Non-Fatal Injury,Pedestrian Collisions,Driver,40 to 44,None,,North,"Automobile, Station Wagon",Going Ahead,Driving Properly,Normal,,,,,,,Yes,,Yes,,,,,Yes,,,,,,156,Bendale-Glen Andrew,127,Bendale (127),D41,15811
-8809755.14933691,5432394.40906515,81163025,,2019,2019/04/07 04:00:00+00,1330,PORT UNION RD,CONFERENCE BLVD,4 m  of,Minor Arterial,Scarborough,25,43.786063,-79.139377,Intersection,At Intersection,Traffic Signal,Clear,Daylight,Dry,Non-Fatal Injury,Pedestrian Collisions,Driver,65 to 69,None,,East,Pick Up Truck,Turning Left,Failed to Yield Right of Way,Normal,,,,,,,Yes,,Yes,,,,,,,Yes,,,,133,Centennial Scarborough,133,Centennial Scarborough (133),D43,15812
-8829286.48795506,5413314.80523529,81514849,,2019,2019/08/22 04:00:00+00,1823,LAKE SHORE BLVD E,COXWELL AVE,,Major Arterial,Toronto and East York,1419,43.6622,-79.31483,Intersection,At Intersection,Traffic Controller,Clear,Dusk,Dry,Non-Fatal Injury,Rear End,Motorcycle Driver,50 to 54,Major,,East,Motorcycle,Slowing or Stopping,Driving Properly,Normal,,,,,,,,,Yes,Yes,,,,,,Yes,,,,70,South Riverdale,70,South Riverdale (70),D55,15813
-8847306.99844416,5416290.68663507,81145410,,2019,2019/02/15 05:00:00+00,2049,WESTON RD,ROGERS RD,,Major Arterial,Etobicoke York,5,43.681536,-79.476711,Intersection,At Intersection,Yield Sign,Clear,"Dark, artificial",Wet,Non-Fatal Injury,Pedestrian Collisions,Pedestrian,55 to 59,Major,,Unknown,,,,,Pedestrian hit on sidewalk or shoulder,On Sidewalk or Shoulder,Normal,,,,Yes,,,,Yes,,,Yes,,Yes,,,,111,Rockcliffe-Smythe,111,Rockcliffe-Smythe (111),D12,15814
-8859989.51671075,5424828.88983219,80985249,,2018,2018/12/24 05:00:00+00,2050,FINCH AVE W,MARTIN GROVE RD,89 m East of,Major Arterial,Etobicoke York,1,43.736979,-79.59064,Mid-Block,Non Intersection,No Control,Clear,"Dark, artificial",Dry,Non-Fatal Injury,Approaching,Other,35 to 39,Major,,,,,,,,,,,,,,,Yes,,,,,Yes,,Yes,,Yes,,2,Mount Olive-Silverstone-Jamestown,2,Mount Olive-Silverstone-Jamestown (2),D23,15815
-8857889.25187795,5428369.50273046,81322614,,2019,2019/07/28 04:00:00+00,1054,ISLINGTON AVE,MILLWICK DR,,Major Arterial,Etobicoke York,7,43.759955,-79.571773,Intersection,At Intersection,Traffic Signal,Clear,Daylight,Dry,Fatal,Pedestrian Collisions,Pedestrian,70 to 74,Fatal,29,North,,,,,Vehicle turns left while ped crosses with ROW at inter.,Crossing with right of way,Normal,,,,Yes,,Yes,,,,,,,Yes,,,,21,Humber Summit,21,Humber Summit (21),D31,15816
-8831635.66316927,5419461.54174071,80976056,,2018,2018/11/28 05:00:00+00,1812,DON MILLS RD,DVP S DON MILLS RD N RAMP,15 m South of,Major Arterial,Toronto and East York,14,43.702132,-79.335933,Mid-Block,Non Intersection,No Control,Clear,Dark,Dry,Non-Fatal Injury,Approaching,Driver,40 to 44,Minor,,South,"Automobile, Station Wagon",Going Ahead,Driving Properly,Normal,,,,,,,,,Yes,,,,,Yes,,,,,,58,Old East York,58,Old East York (58),D55,15817
-8837502.64561204,5409623.21899263,81242461,,2019,2019/05/23 04:00:00+00,1535,350 QUEENS QUAY W,,20 m East of,Minor Arterial,Toronto and East York,10,43.638205,-79.388637,Intersection,At Intersection,Traffic Signal,Clear,Daylight,Dry,Non-Fatal Injury,Approaching,Driver,30 to 34,Minimal,,West,Street Car,Going Ahead,Driving Properly,Normal,,,,,,,,,Yes,,,Yes,,Yes,Yes,Yes,,,,165,Harbourfront-CityPlace,77,Waterfront Communities-The Island (77),D52,15818
-8837273.327461,5411217.05870625,81270442,,2018,2018/10/24 04:00:00+00,2238,SIMCOE ST,ADELAIDE ST W,,Major Arterial,Toronto and East York,10,43.648566,-79.386577,Intersection,At Intersection,Traffic Signal,Clear,"Dark, artificial",Dry,Non-Fatal Injury,Pedestrian Collisions,Pedestrian,25 to 29,Major,,South,,,,,Vehicle is going straight thru inter.while ped cross without ROW,Crossing without right of way,Other,,,,Yes,,Yes,,,,,Yes,,,,,,170,Yonge-Bay Corridor,76,Bay Street Corridor (76),D52,15819
-8823868.79097713,5427553.42009769,81278205,,2019,2019/06/25 04:00:00+00,2002,MIDLAND AVE,MIDWEST RD,,Major Arterial,Scarborough,21,43.75466,-79.266162,Mid-Block,Non Intersection,No Control,Clear,Daylight,Dry,Non-Fatal Injury,Pedestrian Collisions,Driver,40 to 44,None,,North,Pick Up Truck,Turning Left,Driving Properly,Normal,,,,,,,Yes,,Yes,,,,,Yes,,,,,,156,Bendale-Glen Andrew,127,Bendale (127),D41,15820
-8809755.14933691,5432394.40906515,81163026,,2019,2019/04/07 04:00:00+00,1330,PORT UNION RD,CONFERENCE BLVD,4 m  of,Minor Arterial,Scarborough,25,43.786063,-79.139377,Intersection,At Intersection,Traffic Signal,Clear,Daylight,Dry,Non-Fatal Injury,Pedestrian Collisions,Pedestrian,45 to 49,Major,,West,,,,,Vehicle turns left while ped crosses with ROW at inter.,Crossing with right of way,Normal,,,,Yes,,Yes,,,,,,,Yes,,,,133,Centennial Scarborough,133,Centennial Scarborough (133),D43,15821
-8827444.37302141,5420453.08083458,81329846,,2019,2019/07/28 04:00:00+00,1503,ST CLAIR AVE E,GLENBURN AVE,2 m North of,Major Arterial,Toronto and East York,19,43.708571,-79.298282,Intersection,At Intersection,Stop Sign,Clear,Daylight,Dry,Non-Fatal Injury,Angle,Driver,85 to 89,Minimal,,South,"Automobile, Station Wagon",Going Ahead,Failed to Yield Right of Way,Inattentive,,,,,,,,,Yes,Yes,,,,,,Yes,,,,54,O'Connor-Parkview,54,O'Connor-Parkview (54),D55,15822
-8831635.66316927,5419461.54174071,80976057,,2018,2018/11/28 05:00:00+00,1812,DON MILLS RD,DVP S DON MILLS RD N RAMP,15 m South of,Major Arterial,Toronto and East York,14,43.702132,-79.335933,Mid-Block,Non Intersection,No Control,Clear,Dark,Dry,Non-Fatal Injury,Approaching,Passenger,25 to 29,Minor,,,,,,,,,,,,,,,Yes,,,,,Yes,,,,,,58,Old East York,58,Old East York (58),D55,15823
-8840520.18304897,5415539.70017172,81331612,,2019,2019/08/23 04:00:00+00,752,DAVENPORT RD,BATHURST ST,,Minor Arterial,Toronto and East York,12,43.676657,-79.415744,Intersection,At Intersection,Traffic Signal,Clear,Daylight,Dry,Non-Fatal Injury,Rear End,Truck Driver,35 to 39,None,,West,"Truck - Closed (Blazer, etc)",Going Ahead,Following too Close,Normal,,,,,,,,,,,Yes,Yes,,Yes,,Yes,,,,96,Casa Loma,96,Casa Loma (96),D13,15824
-8838926.08794081,5431712.72767349,80974089,,2018,2018/10/25 04:00:00+00,2020,WILFRED AVE,OLIVE AVE,20 m North of,Collector,North York,18,43.781642,-79.401424,Intersection,Intersection Related,No Control,Clear,"Dark, artificial",Dry,Non-Fatal Injury,Pedestrian Collisions,Driver,unknown,None,,Unknown,,Unknown,Other,Unknown,,,,,,,Yes,,,,,,,,,,,,,152,East Willowdale,51,Willowdale East (51),D32,15825
-8830377.8642428,5436918.28246628,81071312,,2019,2019/02/16 05:00:00+00,907,WARDEN  AVE,BAMBURGH  CRCL,89.5 m south,Major Arterial,Scarborough,22,43.815394,-79.324634,Mid-Block,Non Intersection,No Control,Clear,Daylight,Wet,Fatal,Pedestrian Collisions,Pedestrian,85 to 89,Fatal,12,East,,,,,Pedestrian hit at mid-block,"Crossing, no Traffic Control",Normal,,,,Yes,,Yes,,,,,,,,,,,116,Steeles,116,Steeles (116),D42,15826
-8823868.79097713,5427553.42009769,81278206,,2019,2019/06/25 04:00:00+00,2002,MIDLAND AVE,MIDWEST RD,,Major Arterial,Scarborough,21,43.75466,-79.266162,Mid-Block,Non Intersection,No Control,Clear,Daylight,Dry,Non-Fatal Injury,Pedestrian Collisions,Pedestrian,35 to 39,Major,,Unknown,,,,,Pedestrian hit at mid-block,Other,Normal,,,,Yes,,Yes,,,,,Yes,,,,,,156,Bendale-Glen Andrew,127,Bendale (127),D41,15827
-8849817.47560054,5416958.9142932,81163373,,2019,2019/04/09 04:00:00+00,853,JANE ST,EGLINTON AVE W,68 m North of,Major Arterial,Etobicoke York,5,43.685877,-79.499263,Mid-Block,Non Intersection,No Control,Clear,Daylight,Dry,Non-Fatal Injury,Pedestrian Collisions,Driver,20 to 24,None,,North,"Automobile, Station Wagon",Going Ahead,Driving Properly,Normal,,,,,,,Yes,,Yes,,,,,,,,,,,115,Mount Dennis,115,Mount Dennis (115),D12,15828
-8837502.64561204,5409623.21899263,81242462,,2019,2019/05/23 04:00:00+00,1535,350 QUEENS QUAY W,,20 m East of,Minor Arterial,Toronto and East York,10,43.638205,-79.388637,Intersection,At Intersection,Traffic Signal,Clear,Daylight,Dry,Non-Fatal Injury,Approaching,Passenger,30 to 34,Major,,,,,,,,,,,,,,,Yes,,,Yes,,Yes,Yes,Yes,,,,165,Harbourfront-CityPlace,77,Waterfront Communities-The Island (77),D52,15829
-8827444.37302141,5420453.08083458,81329847,,2019,2019/07/28 04:00:00+00,1503,ST CLAIR AVE E,GLENBURN AVE,2 m North of,Major Arterial,Toronto and East York,19,43.708571,-79.298282,Intersection,At Intersection,Stop Sign,Clear,Daylight,Dry,Non-Fatal Injury,Angle,Motorcycle Driver,55 to 59,Major,,East,Motorcycle,Going Ahead,Driving Properly,Normal,,,,,,,,,Yes,Yes,,,,,,Yes,,,,54,O'Connor-Parkview,54,O'Connor-Parkview (54),D55,15830
-8859989.51671075,5424828.88983219,80985250,,2018,2018/12/24 05:00:00+00,2050,FINCH AVE W,MARTIN GROVE RD,89 m East of,Major Arterial,Etobicoke York,1,43.736979,-79.59064,Mid-Block,Non Intersection,No Control,Clear,"Dark, artificial",Dry,Non-Fatal Injury,Approaching,Driver,25 to 29,Minor,,West,"Automobile, Station Wagon",Going Ahead,Lost control,"Ability Impaired, Alcohol Over .08",,,,,,,,,Yes,,,,,Yes,,Yes,,Yes,,2,Mount Olive-Silverstone-Jamestown,2,Mount Olive-Silverstone-Jamestown (2),D23,15831
-8831635.66316927,5419461.54174071,80976058,,2018,2018/11/28 05:00:00+00,1812,DON MILLS RD,DVP S DON MILLS RD N RAMP,15 m South of,Major Arterial,Toronto and East York,14,43.702132,-79.335933,Mid-Block,Non Intersection,No Control,Clear,Dark,Dry,Non-Fatal Injury,Approaching,Passenger,25 to 29,Major,,,,,,,,,,,,,,,Yes,,,,,Yes,,,,,,58,Old East York,58,Old East York (58),D55,15832
-8840520.18304897,5415539.70017172,81331613,,2019,2019/08/23 04:00:00+00,752,DAVENPORT RD,BATHURST ST,,Minor Arterial,Toronto and East York,12,43.676657,-79.415744,Intersection,At Intersection,Traffic Signal,Clear,Daylight,Dry,Non-Fatal Injury,Rear End,Driver,25 to 29,Minimal,,West,Municipal Transit Bus (TTC),Stopped,Driving Properly,Normal,,,,,,,,,,,Yes,Yes,,Yes,,Yes,,,,96,Casa Loma,96,Casa Loma (96),D13,15833
-8838926.08794081,5431712.72767349,80974090,,2018,2018/10/25 04:00:00+00,2020,WILFRED AVE,OLIVE AVE,20 m North of,Collector,North York,18,43.781642,-79.401424,Intersection,Intersection Related,No Control,Clear,"Dark, artificial",Dry,Non-Fatal Injury,Pedestrian Collisions,Pedestrian,65 to 69,Major,,Unknown,,,,,Unknown,Other,Inattentive,,,,Yes,,,,,,,,,,,,,152,East Willowdale,51,Willowdale East (51),D32,15834
-8830377.8642428,5436918.28246628,81425349,,2019,2019/02/16 05:00:00+00,907,WARDEN  AVE,BAMBURGH  CRCL,89.5 m south,Major Arterial,Scarborough,22,43.815394,-79.324634,Mid-Block,Non Intersection,No Control,Clear,Daylight,Wet,Fatal,Pedestrian Collisions,Driver,50 to 54,None,,South,"Automobile, Station Wagon",Going Ahead,Driving Properly,Normal,,,,,,,Yes,,Yes,,,,,,,,,,,116,Steeles,116,Steeles (116),D42,15835
-8823868.79097713,5427553.42009769,81278207,,2019,2019/06/25 04:00:00+00,2002,MIDLAND AVE,MIDWEST RD,,Major Arterial,Scarborough,21,43.75466,-79.266162,Mid-Block,Non Intersection,No Control,Clear,Daylight,Dry,Non-Fatal Injury,Pedestrian Collisions,Driver,55 to 59,None,,North,Passenger Van,Going Ahead,Driving Properly,Normal,,,,,,,Yes,,Yes,,,,,Yes,,,,,,156,Bendale-Glen Andrew,127,Bendale (127),D41,15836
-8837502.64561204,5409623.21899263,81242463,,2019,2019/05/23 04:00:00+00,1535,350 QUEENS QUAY W,,20 m East of,Minor Arterial,Toronto and East York,10,43.638205,-79.388637,Intersection,At Intersection,Traffic Signal,Clear,Daylight,Dry,Non-Fatal Injury,Approaching,Driver,25 to 29,Minor,,East,"Automobile, Station Wagon",Going Ahead,Other,Unknown,,,,,,,,,Yes,,,Yes,,Yes,Yes,Yes,,,,165,Harbourfront-CityPlace,77,Waterfront Communities-The Island (77),D52,15837
-8832396.64320833,5414149.48200576,81322216,,2019,2019/07/29 04:00:00+00,1937,GERRARD ST E,CARLAW AVE,,Minor Arterial,Toronto and East York,14,43.667624,-79.342769,Intersection,At Intersection,Traffic Signal,Clear,Daylight,Dry,Non-Fatal Injury,Cyclist Collisions,Cyclist,55 to 59,Major,,East,Bicycle,Going Ahead,,,,,,"Cyclist without ROW rides into path of motorist at inter, lnwy, dwy-Cyclist not turn.",Disobeyed Traffic Control,Inattentive,,Yes,Yes,,,,,Yes,,,,,,70,South Riverdale,70,South Riverdale (70),D55,15838
-8859989.51671075,5424828.88983219,80985251,,2018,2018/12/24 05:00:00+00,2050,FINCH AVE W,MARTIN GROVE RD,89 m East of,Major Arterial,Etobicoke York,1,43.736979,-79.59064,Mid-Block,Non Intersection,No Control,Clear,"Dark, artificial",Dry,Non-Fatal Injury,Approaching,Driver,40 to 44,Minor,,East,"Automobile, Station Wagon",Going Ahead,Driving Properly,Normal,,,,,,,,,Yes,,,,,Yes,,Yes,,Yes,,2,Mount Olive-Silverstone-Jamestown,2,Mount Olive-Silverstone-Jamestown (2),D23,15839
-8821704.74007611,5438271.35687018,80976247,,2018,2018/11/29 05:00:00+00,253,MCNICOLL AVE,MARKHAM RD,39 m East of,Minor Arterial,North York,23,43.824164,-79.246722,Mid-Block,Non Intersection,No Control,Clear,"Dark, artificial",Dry,Non-Fatal Injury,SMV Other,Driver,20 to 24,Major,,North,"Automobile, Station Wagon",Turning Right,Improper Turn,"Ability Impaired, Alcohol",,,,,,,,,Yes,,,,,,,,,Yes,,144,Morningside Heights,131,Rouge (131),D42,15840
-8855141.77552569,5404663.47652182,80974206,,2018,2018/10/25 04:00:00+00,2209,BROWNS LINE,VALERMO DR,,Major Arterial,Etobicoke York,3,43.605952,-79.547092,Intersection,At Intersection,Traffic Signal,Clear,"Dark, artificial",Dry,Non-Fatal Injury,Turning Movement,Driver,50 to 54,None,,South,"Automobile, Station Wagon",Turning Left,Failed to Yield Right of Way,Normal,,,,,,,,,Yes,Yes,,,,Yes,,Yes,,,,20,Alderwood,20,Alderwood (20),D22,15841
-8849817.47560054,5416958.9142932,81163374,,2019,2019/04/09 04:00:00+00,853,JANE ST,EGLINTON AVE W,68 m North of,Major Arterial,Etobicoke York,5,43.685877,-79.499263,Mid-Block,Non Intersection,No Control,Clear,Daylight,Dry,Non-Fatal Injury,Pedestrian Collisions,Pedestrian,10 to 14,Major,,Unknown,,,,,Pedestrian hit at mid-block,"Crossing, no Traffic Control",Normal,,,,Yes,,Yes,,,,,,,,,,,115,Mount Dennis,115,Mount Dennis (115),D12,15842
-8823868.79097713,5427553.42009769,81278208,,2019,2019/06/25 04:00:00+00,2002,MIDLAND AVE,MIDWEST RD,,Major Arterial,Scarborough,21,43.75466,-79.266162,Mid-Block,Non Intersection,No Control,Clear,Daylight,Dry,Non-Fatal Injury,Pedestrian Collisions,Passenger,20 to 24,None,,,,,,,,,,,,,Yes,,Yes,,,,,Yes,,,,,,156,Bendale-Glen Andrew,127,Bendale (127),D41,15843
-8833446.38600651,5412708.38845879,81329632,,2019,2019/05/23 04:00:00+00,1730,QUEEN ST E,CARROLL ST,,Major Arterial,North York,14,43.658259,-79.352199,Intersection,At Intersection,Pedestrian Crossover,Clear,Daylight,Dry,Non-Fatal Injury,Pedestrian Collisions,Driver,70 to 74,None,,West,"Automobile, Station Wagon",Going Ahead,Failed to Yield Right of Way,Inattentive,,,,,,,Yes,,Yes,,,,,,,Yes,,,,70,South Riverdale,70,South Riverdale (70),D55,15844