X,Y,INDEX_,ACCNUM,YEAR,DATE,TIME,STREET1,STREET2,OFFSET,ROAD_CLASS,DISTRICT,WARDNUM,LATITUDE,LONGITUDE,LOCCOORD,ACCLOC,TRAFFCTL,VISIBILITY,LIGHT,RDSFCOND,ACCLASS,IMPACTYPE,INVTYPE,INVAGE,INJURY,FATAL_NO,INITDIR,VEHTYPE,MANOEUVER,DRIVACT,DRIVCOND,PEDTYPE,PEDACT,PEDCOND,CYCLISTYPE,CYCACT,CYCCOND,PEDESTRIAN,CYCLIST,AUTOMOBILE,MOTORCYCLE,TRUCK,TRSN_CITY_VEH,EMERG_VEH,PASSENGER,SPEEDING,AG_DRIV,REDLIGHT,ALCOHOL,DISABILITY,HOOD_158,NEIGHBOURHOOD_158,HOOD_140,NEIGHBOURHOOD_140,DIVISION,ObjectId
-8853670.79977434,5406266.91703454,81477957,,2019,2019/07/31 04:00:00+00,1423,F G GARDINER XY  W,GARDINER X W 427 X N RAMP,155 m East of,Expressway,Etobicoke York,,43.616381,-79.533878,Mid-Block,Non Intersection,No Control,Clear,Daylight,Dry,Non-Fatal Injury,Rear End,Driver,55 to 59,Major,,West,"Automobile, Station Wagon",Slowing or Stopping,Driving Properly,Normal,,,,,,,,,Yes,,Yes,,,,Yes,Yes,,,,20,Alderwood,20,Alderwood (20),D22,15900
-8857459.447324,5409296.97800376,81474699,,2019,2019/08/25 04:00:00+00,1115,RENFORTH DR,BRIDGETOWN DR,,Collector,Etobicoke York,2,43.636084,-79.567912,Intersection,At Intersection,No Control,Clear,Daylight,Dry,Non-Fatal Injury,Pedestrian Collisions,Driver,unknown,None,,North,"Automobile, Station Wagon",Going Ahead,Failed to Yield Right of Way,Unknown,,,,,,,Yes,,Yes,,,,,,,Yes,,,,12,Markland Wood,13,Etobicoke West Mall (13),D22,15901
-8830351.48152348,5437561.00659786,80974029,,2018,2018/10/30 04:00:00+00,1037,STEELES AVE E,WARDEN AVE,,Major Arterial,Scarborough,22,43.81956,-79.324397,Intersection,At Intersection,Traffic Signal,Clear,Daylight,Dry,Non-Fatal Injury,Cyclist Collisions,Cyclist,80 to 84,Major,,North,Bicycle,Turning Right,,,,,,Cyclist turns right across motorists path,Failed to Yield Right of Way,Normal,,Yes,Yes,,,,,,,,,,,116,Steeles,116,Steeles (116),D42,15902
-8829847.87214713,5418488.27699951,80985070,,2018,2018/12/25 05:00:00+00,2130,COSBURN AVE,WOODMOUNT AVE,,Minor Arterial,Toronto and East York,19,43.695811,-79.319873,Intersection,At Intersection,Stop Sign,Clear,"Dark, artificial",Wet,Non-Fatal Injury,Angle,Other,40 to 44,None,,,,,,,,,,,,,,,Yes,,,,Yes,Yes,Yes,Yes,,,,59,Danforth East York,59,Danforth East York (59),D55,15903
-8850856.19776913,5403739.88322931,81278367,,2019,2019/06/27 04:00:00+00,1850,LAKE SHORE BLVD W,TENTH ST,6 m West of,Major Arterial,Etobicoke York,3,43.599944,-79.508594,Intersection,At Intersection,Traffic Signal,Clear,Daylight,Dry,Non-Fatal Injury,Pedestrian Collisions,Pedestrian,80 to 84,Major,,South,,,,,Vehicle turns left while ped crosses with ROW at inter.,Crossing with right of way,Normal,,,,Yes,,Yes,,,,,,,Yes,,,,18,New Toronto,18,New Toronto (18),D22,15904
-8834842.66637953,5411886.15026959,81278245,,2019,2019/06/28 04:00:00+00,1222,ADELAIDE ST E,BERKELEY ST,1 m West of,Major Arterial,Toronto and East York,13,43.652915,-79.364742,Intersection,At Intersection,Traffic Signal,Clear,Daylight,Dry,Non-Fatal Injury,Cyclist Collisions,Cyclist,60 to 64,Major,,East,Bicycle,Turning Left,,,,,,Cyclist turned left across motorists path.,Improper Turn,Normal,,Yes,Yes,,,,,Yes,,,,,,73,Moss Park,73,Moss Park (73),D51,15905
-8856836.05817556,5426480.06158369,81075006,,2019,2019/02/25 05:00:00+00,1949,FINCH AVE W,PEARLDALE AVE,,Major Arterial,Etobicoke York,7,43.747695,-79.562312,Intersection,At Intersection,Traffic Signal,Other,Dark,Other,Fatal,Pedestrian Collisions,Pedestrian,80 to 84,Fatal,11,North,,,,,Vehicle is going straight thru inter.while ped cross without ROW,Crossing without right of way,,,,,Yes,,Yes,,,,,,,,,,,22,Humbermede,22,Humbermede (22),D31,15906
-8828085.57328838,5437144.29532197,80976721,,2018,2018/11/29 05:00:00+00,1705,KENNEDY RD,PASSMORE AVE,169 m South of,Major Arterial,Scarborough,22,43.816859,-79.304042,Mid-Block,At/Near Private Drive,No Control,Clear,Dusk,Dry,Non-Fatal Injury,Cyclist Collisions,Driver,35 to 39,None,,North,"Automobile, Station Wagon",Going Ahead,Driving Properly,Normal,,,,,,,,Yes,Yes,,,,,Yes,,Yes,,,,130,Milliken,130,Milliken (130),D42,15907
-8835347.94554824,5413590.71419345,81513275,,2019,2019/05/26 04:00:00+00,1757,CARLTON ST,BERKELEY ST,1 m West of,Minor Arterial,Toronto and East York,,43.663993,-79.369281,Intersection,At Intersection,Stop Sign,Clear,Daylight,Dry,Non-Fatal Injury,Cyclist Collisions,Driver,60 to 64,None,,West,"Automobile, Station Wagon",Going Ahead,Driving Properly,Normal,,,,,,,,Yes,Yes,,,,,,,Yes,,,,73,Moss Park,71,Cabbagetown-South St.James Town (71),D51,15908
-8853670.79977434,5406266.91703454,81477958,,2019,2019/07/31 04:00:00+00,1423,F G GARDINER XY  W,GARDINER X W 427 X N RAMP,155 m East of,Expressway,Etobicoke York,,43.616381,-79.533878,Mid-Block,Non Intersection,No Control,Clear,Daylight,Dry,Non-Fatal Injury,Rear End,Driver,55 to 59,Major,,West,"Automobile, Station Wagon",Stopped,Driving Properly,Normal,,,,,,,,,Yes,,Yes,,,,Yes,Yes,,,,20,Alderwood,20,Alderwood (20),D22,15909
-8857459.447324,5409296.97800376,81474700,,2019,2019/08/25 04:00:00+00,1115,RENFORTH DR,BRIDGETOWN DR,,Collector,Etobicoke York,2,43.636084,-79.567912,Intersection,At Intersection,No Control,Clear,Daylight,Dry,Non-Fatal Injury,Pedestrian Collisions,Pedestrian,35 to 39,Major,,East,,,,,Vehicle is going straight thru inter.while ped cross with ROW,Crossing with right of way,Normal,,,,Yes,,Yes,,,,,,,Yes,,,,12,Markland Wood,13,Etobicoke West Mall (13),D22,15910
-8830351.48152348,5437561.00659786,80974030,,2018,2018/10/30 04:00:00+00,1037,STEELES AVE E,WARDEN AVE,,Major Arterial,Scarborough,22,43.81956,-79.324397,Intersection,At Intersection,Traffic Signal,Clear,Daylight,Dry,Non-Fatal Injury,Cyclist Collisions,Driver,45 to 49,None,,North,"Automobile, Station Wagon",Turning Right,Driving Properly,Normal,,,,,,,,Yes,Yes,,,,,,,,,,,116,Steeles,116,Steeles (116),D42,15911
-8853213.83326464,5411056.29317677,80985216,,2018,2018/12/26 05:00:00+00,1853,4968 DUNDAS ST W,,,Major Arterial,Etobicoke York,3,43.647521,-79.529773,Mid-Block,Non Intersection,No Control,Clear,"Dark, artificial",Dry,Fatal,Pedestrian Collisions,Driver,40 to 44,None,,West,"Automobile, Station Wagon",Changing Lanes,Other,Had Been Drinking,,,,,,,Yes,,Yes,,,,,,,,,,,159,Etobicoke City Centre,14,Islington-City Centre West (14),D22,15912
-8831798.74622328,5412189.55748975,80974940,,2018,2018/10/31 04:00:00+00,609,CARLAW AVE,LAKE SHORE BLVD E,,Major Arterial,Toronto and East York,14,43.654887,-79.337398,Intersection,At Intersection,Traffic Signal,Rain,"Dark, artificial",Wet,Non-Fatal Injury,Pedestrian Collisions,Driver,30 to 34,Major,,North,"Automobile, Station Wagon",Turning Left,Failed to Yield Right of Way,Normal,,,,,,,Yes,,Yes,,,,,,,Yes,,,,70,South Riverdale,70,South Riverdale (70),D55,15913
-8821569.70953378,5425366.7670975,81330341,,2019,2019/04/10 04:00:00+00,2138,DANFORTH RD,TRUDELLE ST,50 m North of,Major Arterial,Scarborough,21,43.74047,-79.245509,Mid-Block,At/Near Private Drive,No Control,Clear,"Dark, artificial",Dry,Non-Fatal Injury,Turning Movement,Driver,20 to 24,None,,South,"Automobile, Station Wagon",Going Ahead,Exceeding Speed Limit,Normal,,,,,,,,,Yes,,,,,Yes,Yes,Yes,,,,138,Eglinton East,138,Eglinton East (138),D43,15914
-8834842.66637953,5411886.15026959,81278246,,2019,2019/06/28 04:00:00+00,1222,ADELAIDE ST E,BERKELEY ST,1 m West of,Major Arterial,Toronto and East York,13,43.652915,-79.364742,Intersection,At Intersection,Traffic Signal,Clear,Daylight,Dry,Non-Fatal Injury,Cyclist Collisions,Driver,25 to 29,None,,East,"Automobile, Station Wagon",Going Ahead,Driving Properly,Normal,,,,,,,,Yes,Yes,,,,,Yes,,,,,,73,Moss Park,73,Moss Park (73),D51,15915
-8814980.93151271,5430085.28420322,81330777,,2019,2019/08/25 04:00:00+00,2035,KINGSTON RD,MORNINGSIDE AVE,,Major Arterial,Scarborough,25,43.771086,-79.186321,Mid-Block,Non Intersection,No Control,Clear,Dark,Dry,Fatal,Pedestrian Collisions,Driver,60 to 64,None,,East,"Automobile, Station Wagon",Going Ahead,Driving Properly,Normal,,,,,,,Yes,,Yes,,,,,,,,,,,136,West Hill,136,West Hill (136),D43,15916
-8832739.72987896,5426261.39840219,81146965,,2019,2019/02/26 05:00:00+00,835,DON MILLS RD,BOND AVE,10 m South of,Major Arterial,North York,16,43.746276,-79.345851,Intersection,At Intersection,No Control,Clear,Daylight,Dry,Non-Fatal Injury,Turning Movement,Driver,60 to 64,None,,North,"Automobile, Station Wagon",Turning Left,Improper Turn,Normal,,,,,,,,,Yes,,,,,Yes,,,,,,42,Banbury-Don Mills,42,Banbury-Don Mills (42),D33,15917
-8835347.94554824,5413590.71419345,81513276,,2019,2019/05/26 04:00:00+00,1757,CARLTON ST,BERKELEY ST,1 m West of,Minor Arterial,Toronto and East York,,43.663993,-79.369281,Intersection,At Intersection,Stop Sign,Clear,Daylight,Dry,Non-Fatal Injury,Cyclist Collisions,Cyclist,30 to 34,Major,,East,Bicycle,Going Ahead,,,,,,Motorist loses control and strikes cyclist.,Driving Properly,Normal,,Yes,Yes,,,,,,,Yes,,,,73,Moss Park,71,Cabbagetown-South St.James Town (71),D51,15918
-8853213.83326464,5411056.29317677,80985217,,2018,2018/12/26 05:00:00+00,1853,4968 DUNDAS ST W,,,Major Arterial,Etobicoke York,3,43.647521,-79.529773,Mid-Block,Non Intersection,No Control,Clear,"Dark, artificial",Dry,Fatal,Pedestrian Collisions,Pedestrian,75 to 79,Fatal,66,North,,,,,Pedestrian hit at mid-block,"Crossing, no Traffic Control",Normal,,,,Yes,,Yes,,,,,,,,,,,159,Etobicoke City Centre,14,Islington-City Centre West (14),D22,15919
-8853670.79977434,5406266.91703454,81477959,,2019,2019/07/31 04:00:00+00,1423,F G GARDINER XY  W,GARDINER X W 427 X N RAMP,155 m East of,Expressway,Etobicoke York,,43.616381,-79.533878,Mid-Block,Non Intersection,No Control,Clear,Daylight,Dry,Non-Fatal Injury,Rear End,Driver,55 to 59,Minimal,,West,Delivery Van,Stopped,Driving Properly,Normal,,,,,,,,,Yes,,Yes,,,,Yes,Yes,,,,20,Alderwood,20,Alderwood (20),D22,15920
-8831798.74622328,5412189.55748975,80974941,,2018,2018/10/31 04:00:00+00,609,CARLAW AVE,LAKE SHORE BLVD E,,Major Arterial,Toronto and East York,14,43.654887,-79.337398,Intersection,At Intersection,Traffic Signal,Rain,"Dark, artificial",Wet,Non-Fatal Injury,Pedestrian Collisions,Pedestrian,20 to 24,Minor,,North,,,,,Vehicle turns left while ped crosses with ROW at inter.,Crossing with right of way,Normal,,,,Yes,,Yes,,,,,,,Yes,,,,70,South Riverdale,70,South Riverdale (70),D55,15921
-8821569.70953378,5425366.7670975,81330342,,2019,2019/04/10 04:00:00+00,2138,DANFORTH RD,TRUDELLE ST,50 m North of,Major Arterial,Scarborough,21,43.74047,-79.245509,Mid-Block,At/Near Private Drive,No Control,Clear,"Dark, artificial",Dry,Non-Fatal Injury,Turning Movement,Driver,50 to 54,Minor,,North,"Automobile, Station Wagon",Turning Left,Driving Properly,Normal,,,,,,,,,Yes,,,,,Yes,Yes,Yes,,,,138,Eglinton East,138,Eglinton East (138),D43,15922
-8834842.66637953,5411886.15026959,81278247,,2019,2019/06/28 04:00:00+00,1222,ADELAIDE ST E,BERKELEY ST,1 m West of,Major Arterial,Toronto and East York,13,43.652915,-79.364742,Intersection,At Intersection,Traffic Signal,Clear,Daylight,Dry,Non-Fatal Injury,Cyclist Collisions,Passenger,25 to 29,None,,,,,,,,,,,,,,Yes,Yes,,,,,Yes,,,,,,73,Moss Park,73,Moss Park (73),D51,15923
-8834842.66637953,5411886.15026959,81278248,,2019,2019/06/28 04:00:00+00,1222,ADELAIDE ST E,BERKELEY ST,1 m West of,Major Arterial,Toronto and East York,13,43.652915,-79.364742,Intersection,At Intersection,Traffic Signal,Clear,Daylight,Dry,Non-Fatal Injury,Cyclist Collisions,Passenger,25 to 29,None,,,,,,,,,,,,,,Yes,Yes,,,,,Yes,,,,,,73,Moss Park,73,Moss Park (73),D51,15924
-8835538.19055801,5412702.54144688,80974067,,2018,2018/10/31 04:00:00+00,727,DUNDAS ST E,SHERBOURNE ST,17 m West of,Major Arterial,Scarborough,13,43.658221,-79.37099,Intersection,Intersection Related,No Control,Rain,Dark,Wet,Non-Fatal Injury,Pedestrian Collisions,Driver,40 to 44,None,,West,"Automobile, Station Wagon",Going Ahead,Driving Properly,Normal,,,,,,,Yes,,Yes,,,,,,,Yes,,,,73,Moss Park,73,Moss Park (73),D51,15925
-8814980.93151271,5430085.28420322,81330778,,2019,2019/08/25 04:00:00+00,2035,KINGSTON RD,MORNINGSIDE AVE,,Major Arterial,Scarborough,25,43.771086,-79.186321,Mid-Block,Non Intersection,No Control,Clear,Dark,Dry,Fatal,Pedestrian Collisions,Pedestrian,70 to 74,Fatal,37,North,,,,,Pedestrian hit at mid-block,"Crossing, no Traffic Control",Unknown,,,,Yes,,Yes,,,,,,,,,,,136,West Hill,136,West Hill (136),D43,15926
-8841448.4762827,5411089.67679347,81330172,,2019,2019/07/31 04:00:00+00,1748,220 DOVERCOURT RD,,,Collector,Toronto and East York,910,43.647738,-79.424083,Intersection,Intersection Related,No Control,Clear,Daylight,Dry,Non-Fatal Injury,Cyclist Collisions,Driver,30 to 34,None,,South,Pick Up Truck,Overtaking,Improper Passing,Inattentive,,,,,,,,Yes,Yes,,,,,Yes,,Yes,,,,84,Little Portugal,84,Little Portugal (84),D14,15927
-8823533.38535137,5430721.0568364,81070986,,2018,2018/12/31 05:00:00+00,650,BRIMLEY RD,PROGRESS AVE,,Major Arterial,Scarborough,21,43.77521,-79.263149,Intersection,At Intersection,Traffic Signal,Clear,"Dark, artificial",Wet,Non-Fatal Injury,Angle,Driver,60 to 64,None,,South,"Automobile, Station Wagon",Going Ahead,Disobeyed Traffic Control,Normal,,,,,,,,,Yes,,,,,Yes,,Yes,Yes,,,156,Bendale-Glen Andrew,127,Bendale (127),D43,15928
-8821569.70953378,5425366.7670975,81330343,,2019,2019/04/10 04:00:00+00,2138,DANFORTH RD,TRUDELLE ST,50 m North of,Major Arterial,Scarborough,21,43.74047,-79.245509,Mid-Block,At/Near Private Drive,No Control,Clear,"Dark, artificial",Dry,Non-Fatal Injury,Turning Movement,Passenger,15 to 19,None,,,,,,,,,,,,,,,Yes,,,,,Yes,Yes,Yes,,,,138,Eglinton East,138,Eglinton East (138),D43,15929
-8855878.04263779,5406731.59621429,81475714,,2019,2019/05/26 04:00:00+00,1914,NORTH QUEEN ST,INDEX RD,100 m West of,Minor Arterial,Etobicoke York,3,43.619403,-79.553706,Intersection,At Intersection,Traffic Signal,Clear,Daylight,Dry,Non-Fatal Injury,Pedestrian Collisions,Driver,80 to 84,None,,North,Passenger Van,Turning Left,Failed to Yield Right of Way,Inattentive,,,,,,,Yes,,Yes,,,,,Yes,,Yes,,,,159,Etobicoke City Centre,14,Islington-City Centre West (14),D22,15930
-8811683.87083439,5436619.30606079,81332693,,2019,2019/08/26 04:00:00+00,2046,TWYN RIVERS DR,SHEPPARD AVE E,3 m West of,Collector,Scarborough,25,43.813456,-79.156703,Mid-Block,Non Intersection,No Control,Clear,Dark,Dry,Non-Fatal Injury,SMV Other,Motorcycle Driver,45 to 49,Major,,North,Motorcycle,Going Ahead,Lost control,Normal,,,,,,,,,,Yes,,,,,,Yes,,,,144,Morningside Heights,131,Rouge (131),D42,15931
-8835538.19055801,5412702.54144688,80974068,,2018,2018/10/31 04:00:00+00,727,DUNDAS ST E,SHERBOURNE ST,17 m West of,Major Arterial,Scarborough,13,43.658221,-79.37099,Intersection,Intersection Related,No Control,Rain,Dark,Wet,Non-Fatal Injury,Pedestrian Collisions,Pedestrian,35 to 39,Major,,South,,,,,Pedestrian hit at mid-block,Running onto Roadway,Inattentive,,,,Yes,,Yes,,,,,,,Yes,,,,73,Moss Park,73,Moss Park (73),D51,15932
-8832739.72987896,5426261.39840219,81146966,,2019,2019/02/26 05:00:00+00,835,DON MILLS RD,BOND AVE,10 m South of,Major Arterial,North York,16,43.746276,-79.345851,Intersection,At Intersection,No Control,Clear,Daylight,Dry,Non-Fatal Injury,Turning Movement,Driver,20 to 24,None,,South,"Automobile, Station Wagon",Slowing or Stopping,Driving Properly,Normal,,,,,,,,,Yes,,,,,Yes,,,,,,42,Banbury-Don Mills,42,Banbury-Don Mills (42),D33,15933
-8842739.44841743,5415990.06922875,81334487,,2019,2019/07/01 04:00:00+00,719,ST CLAIR AVE W,OAKWOOD AVE,,Major Arterial,North York,9,43.679583,-79.43568,Intersection,At Intersection,Traffic Signal,Clear,Daylight,Dry,Non-Fatal Injury,Pedestrian Collisions,Driver,55 to 59,None,,West,"Automobile, Station Wagon",Going Ahead,Driving Properly,Normal,,,,,,,Yes,,Yes,,,,,,,,,,,94,Wychwood,94,Wychwood (94),D13,15934
-8823533.38535137,5430721.0568364,81070987,,2018,2018/12/31 05:00:00+00,650,BRIMLEY RD,PROGRESS AVE,,Major Arterial,Scarborough,21,43.77521,-79.263149,Intersection,At Intersection,Traffic Signal,Clear,"Dark, artificial",Wet,Non-Fatal Injury,Angle,Driver,20 to 24,Major,,West,"Automobile, Station Wagon",Going Ahead,Driving Properly,Normal,,,,,,,,,Yes,,,,,Yes,,Yes,Yes,,,156,Bendale-Glen Andrew,127,Bendale (127),D43,15935
-8842739.44841743,5415990.06922875,81334488,,2019,2019/07/01 04:00:00+00,719,ST CLAIR AVE W,OAKWOOD AVE,,Major Arterial,North York,9,43.679583,-79.43568,Intersection,At Intersection,Traffic Signal,Clear,Daylight,Dry,Non-Fatal Injury,Pedestrian Collisions,Pedestrian,60 to 64,Major,,South,,,,,Vehicle is going straight thru inter.while ped cross without ROW,Crossing without right of way,Inattentive,,,,Yes,,Yes,,,,,,,,,,,94,Wychwood,94,Wychwood (94),D13,15936
-8851078.72543122,5410750.46178555,81474060,,2019,2019/04/11 04:00:00+00,2355,ROYAL YORK RD,MEADOWVALE DR,,Minor Arterial,Etobicoke York,3,43.645533,-79.510593,Intersection,At Intersection,No Control,Clear,"Dark, artificial",Dry,Non-Fatal Injury,Approaching,Driver,unknown,None,,North,"Automobile, Station Wagon",Going Ahead,Speed too Fast For Condition,Inattentive,,,,,,,,,Yes,,,,,Yes,Yes,Yes,,,,16,Stonegate-Queensway,16,Stonegate-Queensway (16),D22,15937
-8841448.4762827,5411089.67679347,81330173,,2019,2019/07/31 04:00:00+00,1748,220 DOVERCOURT RD,,,Collector,Toronto and East York,910,43.647738,-79.424083,Intersection,Intersection Related,No Control,Clear,Daylight,Dry,Non-Fatal Injury,Cyclist Collisions,Cyclist,15 to 19,Major,,South,Bicycle,Going Ahead,,,,,,Cyclist and Driver travelling in same direction. One vehicle sideswipes the other.,Driving Properly,Normal,,Yes,Yes,,,,,Yes,,Yes,,,,84,Little Portugal,84,Little Portugal (84),D14,15938
-8855878.04263779,5406731.59621429,81475715,,2019,2019/05/26 04:00:00+00,1914,NORTH QUEEN ST,INDEX RD,100 m West of,Minor Arterial,Etobicoke York,3,43.619403,-79.553706,Intersection,At Intersection,Traffic Signal,Clear,Daylight,Dry,Non-Fatal Injury,Pedestrian Collisions,Passenger,35 to 39,None,,,,,,,,,,,,,Yes,,Yes,,,,,Yes,,Yes,,,,159,Etobicoke City Centre,14,Islington-City Centre West (14),D22,15939
-8829178.61936848,5431040.34716747,81330775,,2019,2019/08/30 04:00:00+00,2023,SHEPPARD AVE E,ABBOTSFIELD GT,,Major Arterial,Scarborough,22,43.777281,-79.313861,Mid-Block,Non Intersection,No Control,Clear,Dark,Dry,Fatal,Pedestrian Collisions,Pedestrian,30 to 34,Fatal,38,North,,Going Ahead,,,Pedestrian hit at mid-block,"Crossing, no Traffic Control",Inattentive,,,,Yes,,Yes,,,,,,,,,,,118,Tam O'Shanter-Sullivan,118,Tam O'Shanter-Sullivan (118),D42,15940
-8832739.72987896,5426261.39840219,81146967,,2019,2019/02/26 05:00:00+00,835,DON MILLS RD,BOND AVE,10 m South of,Major Arterial,North York,16,43.746276,-79.345851,Intersection,At Intersection,No Control,Clear,Daylight,Dry,Non-Fatal Injury,Turning Movement,Passenger,25 to 29,Major,,,,,,,,,,,,,,,Yes,,,,,Yes,,,,,,42,Banbury-Don Mills,42,Banbury-Don Mills (42),D33,15941
-8823533.38535137,5430721.0568364,81070988,,2018,2018/12/31 05:00:00+00,650,BRIMLEY RD,PROGRESS AVE,,Major Arterial,Scarborough,21,43.77521,-79.263149,Intersection,At Intersection,Traffic Signal,Clear,"Dark, artificial",Wet,Non-Fatal Injury,Angle,Passenger,55 to 59,None,,,,,,,,,,,,,,,Yes,,,,,Yes,,Yes,Yes,,,156,Bendale-Glen Andrew,127,Bendale (127),D43,15942
-8820993.07457147,5421928.96051099,81333134,,2019,2019/07/02 04:00:00+00,1015,BRIMLEY RD,KINGSTON RD,,Major Arterial,Scarborough,20,43.718154,-79.240329,Intersection,At Intersection,Traffic Signal,Clear,Daylight,Dry,Non-Fatal Injury,Angle,Driver,55 to 59,None,,South,"Automobile, Station Wagon",Going Ahead,Disobeyed Traffic Control,Inattentive,,,,,,,,,Yes,,,,,Yes,,Yes,Yes,,,123,Cliffcrest,123,Cliffcrest (123),D43,15943
-8851078.72543122,5410750.46178555,81474061,,2019,2019/04/11 04:00:00+00,2355,ROYAL YORK RD,MEADOWVALE DR,,Minor Arterial,Etobicoke York,3,43.645533,-79.510593,Intersection,At Intersection,No Control,Clear,"Dark, artificial",Dry,Non-Fatal Injury,Approaching,Driver,70 to 74,None,,South,"Automobile, Station Wagon",Going Ahead,Driving Properly,Normal,,,,,,,,,Yes,,,,,Yes,Yes,Yes,,,,16,Stonegate-Queensway,16,Stonegate-Queensway (16),D22,15944
-8855878.04263779,5406731.59621429,81475716,,2019,2019/05/26 04:00:00+00,1914,NORTH QUEEN ST,INDEX RD,100 m West of,Minor Arterial,Etobicoke York,3,43.619403,-79.553706,Intersection,At Intersection,Traffic Signal,Clear,Daylight,Dry,Non-Fatal Injury,Pedestrian Collisions,Passenger,5 to 9,None,,,,,,,,,,,,,Yes,,Yes,,,,,Yes,,Yes,,,,159,Etobicoke City Centre,14,Islington-City Centre West (14),D22,15945
-8830781.28607743,5433577.9499105,81116798,,2019,2019/02/27 05:00:00+00,602,2930 FINCH AVE E,,,Major Arterial,Scarborough,22,43.793738,-79.328258,Mid-Block,Non Intersection,No Control,Clear,Daylight,Dry,Non-Fatal Injury,Pedestrian Collisions,Driver,65 to 69,None,,East,"Automobile, Station Wagon",Going Ahead,Driving Properly,Normal,,,,,,,Yes,,Yes,,,,,Yes,,,,,,147,L'Amoreaux West,117,L'Amoreaux (117),D42,15946
-8829178.61936848,5431040.34716747,81330779,,2019,2019/08/30 04:00:00+00,2023,SHEPPARD AVE E,ABBOTSFIELD GT,,Major Arterial,Scarborough,22,43.777281,-79.313861,Mid-Block,Non Intersection,No Control,Clear,Dark,Dry,Fatal,Pedestrian Collisions,Driver,unknown,None,,East,"Automobile, Station Wagon",Going Ahead,Other,Unknown,,,,,,,Yes,,Yes,,,,,,,,,,,118,Tam O'Shanter-Sullivan,118,Tam O'Shanter-Sullivan (118),D42,15947
-8843558.98250865,5415729.48049066,81070255,,2019,2019/01/01 05:00:00+00,438,ST CLAIR AVE W,DUFFERIN ST,5 m East of,Major Arterial,Etobicoke York,9,43.67789,-79.443042,Intersection,Intersection Related,Traffic Signal,Clear,"Dark, artificial",Wet,Non-Fatal Injury,Pedestrian Collisions,Driver,unknown,None,,South,,Going Ahead,Other,Unknown,,,,,,,Yes,,,,,,,,,,,,,92,Corso Italia-Davenport,92,Corso Italia-Davenport (92),D13,15948
-8841448.4762827,5411089.67679347,81330174,,2019,2019/07/31 04:00:00+00,1748,220 DOVERCOURT RD,,,Collector,Toronto and East York,910,43.647738,-79.424083,Intersection,Intersection Related,No Control,Clear,Daylight,Dry,Non-Fatal Injury,Cyclist Collisions,Passenger,25 to 29,None,,,,,,,,,,,,,,Yes,Yes,,,,,Yes,,Yes,,,,84,Little Portugal,84,Little Portugal (84),D14,15949
-8820993.07457147,5421928.96051099,81333135,,2019,2019/07/02 04:00:00+00,1015,BRIMLEY RD,KINGSTON RD,,Major Arterial,Scarborough,20,43.718154,-79.240329,Intersection,At Intersection,Traffic Signal,Clear,Daylight,Dry,Non-Fatal Injury,Angle,Driver,50 to 54,Minor,,East,"Automobile, Station Wagon",Going Ahead,Driving Properly,Normal,,,,,,,,,Yes,,,,,Yes,,Yes,Yes,,,123,Cliffcrest,123,Cliffcrest (123),D43,15950
-8841448.4762827,5411089.67679347,81330175,,2019,2019/07/31 04:00:00+00,1748,220 DOVERCOURT RD,,,Collector,Toronto and East York,910,43.647738,-79.424083,Intersection,Intersection Related,No Control,Clear,Daylight,Dry,Non-Fatal Injury,Cyclist Collisions,Passenger,25 to 29,None,,,,,,,,,,,,,,Yes,Yes,,,,,Yes,,Yes,,,,84,Little Portugal,84,Little Portugal (84),D14,15951
-8851078.72543122,5410750.46178555,81474062,,2019,2019/04/11 04:00:00+00,2355,ROYAL YORK RD,MEADOWVALE DR,,Minor Arterial,Etobicoke York,3,43.645533,-79.510593,Intersection,At Intersection,No Control,Clear,"Dark, artificial",Dry,Non-Fatal Injury,Approaching,Driver,30 to 34,Major,,South,"Automobile, Station Wagon",Going Ahead,Driving Properly,Normal,,,,,,,,,Yes,,,,,Yes,Yes,Yes,,,,16,Stonegate-Queensway,16,Stonegate-Queensway (16),D22,15952
-8855878.04263779,5406731.59621429,81475717,,2019,2019/05/26 04:00:00+00,1914,NORTH QUEEN ST,INDEX RD,100 m West of,Minor Arterial,Etobicoke York,3,43.619403,-79.553706,Intersection,At Intersection,Traffic Signal,Clear,Daylight,Dry,Non-Fatal Injury,Pedestrian Collisions,Pedestrian,15 to 19,Major,,South,,,,,Vehicle turns left while ped crosses with ROW at inter.,Crossing with right of way,Normal,,,,Yes,,Yes,,,,,Yes,,Yes,,,,159,Etobicoke City Centre,14,Islington-City Centre West (14),D22,15953
-8830781.28607743,5433577.9499105,81116799,,2019,2019/02/27 05:00:00+00,602,2930 FINCH AVE E,,,Major Arterial,Scarborough,22,43.793738,-79.328258,Mid-Block,Non Intersection,No Control,Clear,Daylight,Dry,Non-Fatal Injury,Pedestrian Collisions,Passenger,65 to 69,None,,,,,,,,,,,,,Yes,,Yes,,,,,Yes,,,,,,147,L'Amoreaux West,117,L'Amoreaux (117),D42,15954