X,Y,INDEX_,ACCNUM,YEAR,DATE,TIME,STREET1,STREET2,OFFSET,ROAD_CLASS,DISTRICT,WARDNUM,LATITUDE,LONGITUDE,LOCCOORD,ACCLOC,TRAFFCTL,VISIBILITY,LIGHT,RDSFCOND,ACCLASS,IMPACTYPE,INVTYPE,INVAGE,INJURY,FATAL_NO,INITDIR,VEHTYPE,MANOEUVER,DRIVACT,DRIVCOND,PEDTYPE,PEDACT,PEDCOND,CYCLISTYPE,CYCACT,CYCCOND,PEDESTRIAN,CYCLIST,AUTOMOBILE,MOTORCYCLE,TRUCK,TRSN_CITY_VEH,EMERG_VEH,PASSENGER,SPEEDING,AG_DRIV,REDLIGHT,ALCOHOL,DISABILITY,HOOD_158,NEIGHBOURHOOD_158,HOOD_140,NEIGHBOURHOOD_140,DIVISION,ObjectId
-8835363.19631848,5412122.62856999,81484975,1086962,2020,2020/06/13 04:00:00+00,1040,SHERBOURNE ST,QUEEN ST E,,Major Arterial,Toronto and East York,13,43.654452,-79.369418,Intersection,At Intersection,Traffic Signal,Clear,Daylight,Dry,Non-Fatal Injury,Cyclist Collisions,Cyclist,55 to 59,Major,,South,Bicycle,Going Ahead,,,,,,"Cyclist without ROW rides into path of motorist at inter, lnwy, dwy-Cyclist not turn.",Disobeyed Traffic Control,Normal,,Yes,Yes,,,,,,,,,,,73,Moss Park,73,Moss Park (73),D51,16115
-8820175.21027261,5431787.35398647,81339098,,2019,2019/12/22 05:00:00+00,1834,PROGRESS AVE,MARKHAM RD,,Major Arterial,Scarborough,24,43.782126,-79.232982,Mid-Block,Non Intersection,No Control,Clear,"Dark, artificial",Wet,Fatal,Pedestrian Collisions,Pedestrian,15 to 19,Fatal,61,Unknown,,,,,Pedestrian hit on sidewalk or shoulder,On Sidewalk or Shoulder,Unknown,,,,Yes,,Yes,,,,,,,,,Yes,,142,Woburn North,137,Woburn (137),D43,16116
-8820175.21027261,5431787.35398647,81339099,,2019,2019/12/22 05:00:00+00,1834,PROGRESS AVE,MARKHAM RD,,Major Arterial,Scarborough,24,43.782126,-79.232982,Mid-Block,Non Intersection,No Control,Clear,"Dark, artificial",Wet,Fatal,Pedestrian Collisions,Driver,40 to 44,Minimal,,East,"Automobile, Station Wagon",Going Ahead,Lost control,"Ability Impaired, Alcohol",,,,,,,Yes,,Yes,,,,,,,,,Yes,,142,Woburn North,137,Woburn (137),D43,16117
-8826659.57061132,5426223.18295898,81464396,,2019,2019/10/10 04:00:00+00,1821,LAWRENCE AVE E,CROCKFORD BLVD,,Major Arterial,Scarborough,21,43.746028,-79.291232,Intersection,At Intersection,Traffic Signal,Clear,Daylight,Dry,Non-Fatal Injury,Pedestrian Collisions,Pedestrian,10 to 14,Major,,North,,,,,Vehicle is going straight thru inter.while ped cross without ROW,Crossing without right of way,Normal,,,,Yes,,Yes,,,,,,,,,,,119,Wexford/Maryvale,119,Wexford/Maryvale (119),D41,16118
-8850881.68993252,5422494.08639318,81502958,1000153209,2021,2021/01/25 05:00:00+00,653,JANE ST,WILSON AVE,105 m North of,Major Arterial,Etobicoke York,76,43.721823,-79.508823,Mid-Block,Non Intersection,No Control,Clear,"Dark, artificial",Dry,Non-Fatal Injury,Pedestrian Collisions,Pedestrian,50 to 54,Major,,West,,,,,Pedestrian hit at mid-block,"Crossing, no Traffic Control",Inattentive,,,,Yes,,Yes,,,,,,,,,,,154,Oakdale-Beverley Heights,26,Downsview-Roding-CFB (26),D31,16119
-8844650.35879638,5416648.88512824,81505381,2201920,2020,2020/11/20 05:00:00+00,1550,HARVIE AVE,ROGERS  RD,10 m North of,Local,Etobicoke York,9,43.683863,-79.452846,Intersection,Intersection Related,Stop Sign,Clear,Daylight,Dry,Non-Fatal Injury,Pedestrian Collisions,Pedestrian,10 to 14,Major,,Unknown,,,,,Vehicle is going straight thru inter.while ped cross without ROW,Running onto Roadway,Normal,,,,Yes,,Yes,,,,,,,,,,,109,Caledonia-Fairbank,109,Caledonia-Fairbank (109),D13,16120
-8847453.04961609,5420455.39080307,81337232,,2019,2019/11/13 05:00:00+00,1051,KEELE ST,LAWRENCE AVE W,,Major Arterial,Etobicoke York,5,43.708586,-79.478023,Intersection,At Intersection,Traffic Signal,Snow,Daylight,Wet,Fatal,Pedestrian Collisions,Pedestrian,20 to 24,Fatal,58,East,,,,,Vehicle turns right while ped crosses with ROW at inter.,Crossing with right of way,Normal,,,,Yes,,,,Yes,,,,,Yes,,,,30,Brookhaven-Amesbury,30,Brookhaven-Amesbury (30),D12,16121
-8847453.04961609,5420455.39080307,81422079,627897,2020,2020/03/30 04:00:00+00,945,KEELE ST,LAWRENCE AVE W,,Major Arterial,Etobicoke York,5,43.708586,-79.478023,Intersection,At Intersection,Traffic Signal,Rain,Daylight,Wet,Non-Fatal Injury,Pedestrian Collisions,Driver,55 to 59,None,,North,"Automobile, Station Wagon",Turning Left,Failed to Yield Right of Way,Normal,,,,,,,Yes,,Yes,,Yes,,,,Yes,Yes,,,,30,Brookhaven-Amesbury,30,Brookhaven-Amesbury (30),D12,16122
-8845978.62296053,5415795.8198675,81339873,,2019,2019/12/23 05:00:00+00,657,OLD WESTON RD,TURNBERRY AVE,,Minor Arterial,Toronto and East York,9,43.678321,-79.464778,Intersection,At Intersection,Traffic Signal,Clear,Dawn,Wet,Non-Fatal Injury,Pedestrian Collisions,Driver,55 to 59,None,,West,Delivery Van,Turning Right,Failed to Yield Right of Way,Inattentive,,,,,,,Yes,,Yes,,,,,,,Yes,,,,91,Weston-Pelham Park,91,Weston-Pellam Park (91),D12,16123
-8843163.24171888,5417509.88058509,81487300,1494344,2020,2020/08/10 04:00:00+00,1117,OAKWOOD AVE,JESMOND AVE,25 m South of,Minor Arterial,North York,,43.689456,-79.439487,Intersection,At Intersection,Traffic Signal,Clear,Daylight,Dry,Non-Fatal Injury,Cyclist Collisions,Driver,65 to 69,None,,North,"Automobile, Station Wagon",Going Ahead,Driving Properly,Normal,,,,,,,,Yes,Yes,,,,,,,,,,,107,Oakwood Village,107,Oakwood Village (107),D13,16124
-8845978.62296053,5415795.8198675,81339874,,2019,2019/12/23 05:00:00+00,657,OLD WESTON RD,TURNBERRY AVE,,Minor Arterial,Toronto and East York,9,43.678321,-79.464778,Intersection,At Intersection,Traffic Signal,Clear,Dawn,Wet,Non-Fatal Injury,Pedestrian Collisions,Pedestrian,25 to 29,Major,,East,,,,,Vehicle turns right while ped crosses with ROW at inter.,Crossing with right of way,Normal,,,,Yes,,Yes,,,,,,,Yes,,,,91,Weston-Pelham Park,91,Weston-Pellam Park (91),D12,16125
-8842184.85471429,5416143.37826549,81514925,220521,2020,2020/02/01 05:00:00+00,406,ST CLAIR AVE W,ATLAS AVE,23 m West of,Major Arterial,Toronto and East York,12,43.680579,-79.430698,Intersection,At Intersection,No Control,Clear,"Dark, artificial",Wet,Non-Fatal Injury,Rear End,Driver,20 to 24,Minimal,,West,"Automobile, Station Wagon",Going Ahead,Speed too Fast For Condition,"Ability Impaired, Alcohol",,,,,,,,,Yes,,,,,Yes,Yes,Yes,,Yes,,94,Wychwood,94,Wychwood (94),D13,16126
-8835363.19631848,5412122.62856999,81484976,1086962,2020,2020/06/13 04:00:00+00,1040,SHERBOURNE ST,QUEEN ST E,,Major Arterial,Toronto and East York,13,43.654452,-79.369418,Intersection,At Intersection,Traffic Signal,Clear,Daylight,Dry,Non-Fatal Injury,Cyclist Collisions,Driver,50 to 54,None,,East,Pick Up Truck,Going Ahead,Driving Properly,Normal,,,,,,,,Yes,Yes,,,,,,,,,,,73,Moss Park,73,Moss Park (73),D51,16127
-8835244.30710232,5433230.35094649,81467666,,2019,2019/10/10 04:00:00+00,1918,LESLIE ST,RAVEL RD,20 m North of,Major Arterial,North York,17,43.791484,-79.36835,Intersection,At Intersection,Traffic Signal,Clear,Daylight,Dry,Non-Fatal Injury,Pedestrian Collisions,Driver,65 to 69,None,,South,"Automobile, Station Wagon",Going Ahead,Driving Properly,Normal,,,,,,,Yes,,Yes,,,,,,,,,,,48,Hillcrest Village,48,Hillcrest Village (48),D33,16128
-8839710.77903141,5419830.48840245,81513868,1000167735,2021,2021/01/27 05:00:00+00,905,AVENUE RD,EGLINTON AVE W,,Major Arterial,Toronto and East York,812,43.704528,-79.408473,Intersection,At Intersection,Traffic Signal,Clear,Daylight,Wet,Non-Fatal Injury,Turning Movement,Driver,15 to 19,None,,South,"Automobile, Station Wagon",Turning Left,Improper Turn,Normal,,,,,,,,,Yes,,,,,,,Yes,,,,100,Yonge-Eglinton,100,Yonge-Eglinton (100),D53,16129
-8844650.35879638,5416648.88512824,81505382,2201920,2020,2020/11/20 05:00:00+00,1550,HARVIE AVE,ROGERS  RD,10 m North of,Local,Etobicoke York,9,43.683863,-79.452846,Intersection,Intersection Related,Stop Sign,Clear,Daylight,Dry,Non-Fatal Injury,Pedestrian Collisions,Pedestrian,5 to 9,Minor,,Unknown,,,,,Vehicle is going straight thru inter.while ped cross without ROW,Running onto Roadway,Normal,,,,Yes,,Yes,,,,,,,,,,,109,Caledonia-Fairbank,109,Caledonia-Fairbank (109),D13,16130
-8856576.23848405,5411093.8305238,81431842,1501323,2020,2020/08/11 04:00:00+00,1109,THE EAST MALL,MONTEBELLO GDNS,,Minor Arterial,Etobicoke York,2,43.647765,-79.559978,Mid-Block (Abnormal),Non Intersection,Stop Sign,Clear,Daylight,Dry,Fatal,Pedestrian Collisions,Pedestrian,0 to 4,Fatal,18,East,,,,,Vehicle turns left while ped crosses without ROW at inter.,"Crossing, no Traffic Control",Unknown,,,,Yes,,Yes,,,,,,,,,,,158,Islington,14,Islington-City Centre West (14),D22,16131
-8851801.41156545,5413023.0554791,81465376,,2019,2019/12/23 05:00:00+00,1415,ROYAL YORK RD,LAMBETH RD,,Minor Arterial,Etobicoke York,2,43.660304,-79.517085,Intersection,At Intersection,No Control,Clear,Daylight,Dry,Non-Fatal Injury,Turning Movement,Driver,65 to 69,Major,,North,"Automobile, Station Wagon",Making U Turn,Improper Turn,Inattentive,,,,,,,,,Yes,,,,,Yes,,Yes,,,,9,Edenbridge-Humber Valley,9,Edenbridge-Humber Valley (9),D22,16132
-8851764.11953604,5412673.76804743,81515017,1109990,2020,2020/06/16 04:00:00+00,2107,DUNDAS ST W,ROYAL YORK RD,34 m West of,Major Arterial,Etobicoke York,23,43.658034,-79.51675,Mid-Block,Overpass or Bridge,No Control,Clear,Dark,Dry,Non-Fatal Injury,Rear End,Driver,25 to 29,Major,,West,"Automobile, Station Wagon",Reversing,Other,Medical or Physical Disability,,,,,,,,,Yes,,,,,,,,,,Yes,15,Kingsway South,15,Kingsway South (15),D22,16133
-8835244.30710232,5433230.35094649,81467667,,2019,2019/10/10 04:00:00+00,1918,LESLIE ST,RAVEL RD,20 m North of,Major Arterial,North York,17,43.791484,-79.36835,Intersection,At Intersection,Traffic Signal,Clear,Daylight,Dry,Non-Fatal Injury,Pedestrian Collisions,Pedestrian,80 to 84,Major,,Unknown,,,,,Vehicle is going straight thru inter.while ped cross without ROW,Crossing without right of way,Normal,,,,Yes,,Yes,,,,,,,,,,,48,Hillcrest Village,48,Hillcrest Village (48),D33,16134
-8849713.05791817,5406224.17141335,81432590,2202286,2020,2020/11/20 05:00:00+00,1643,ROYAL YORK RD,JUDSON ST,,Minor Arterial,Etobicoke York,3,43.616103,-79.498325,Intersection,At Intersection,No Control,Clear,Dusk,Dry,Fatal,Cyclist Collisions,Cyclist,55 to 59,Fatal,33,South,,Going Ahead,,,,,,"Motorist turns right at non-signal Inter.(stop, yield, no cont.,and dwy) and strikes cyclist.",Driving Properly,Normal,,Yes,,,Yes,,,,,Yes,,,,160,Mimico-Queensway,17,Mimico (includes Humber Bay Shores) (17),D22,16135
-8842184.85471429,5416143.37826549,81514926,220521,2020,2020/02/01 05:00:00+00,406,ST CLAIR AVE W,ATLAS AVE,23 m West of,Major Arterial,Toronto and East York,12,43.680579,-79.430698,Intersection,At Intersection,No Control,Clear,"Dark, artificial",Wet,Non-Fatal Injury,Rear End,Driver,35 to 39,Major,,West,"Automobile, Station Wagon",Going Ahead,Driving Properly,Normal,,,,,,,,,Yes,,,,,Yes,Yes,Yes,,Yes,,94,Wychwood,94,Wychwood (94),D13,16136
-8839710.77903141,5419830.48840245,81513869,1000167735,2021,2021/01/27 05:00:00+00,905,AVENUE RD,EGLINTON AVE W,,Major Arterial,Toronto and East York,812,43.704528,-79.408473,Intersection,At Intersection,Traffic Signal,Clear,Daylight,Wet,Non-Fatal Injury,Turning Movement,Driver,30 to 34,Major,,North,"Automobile, Station Wagon",Going Ahead,Driving Properly,Normal,,,,,,,,,Yes,,,,,,,Yes,,,,100,Yonge-Eglinton,100,Yonge-Eglinton (100),D53,16137
-8856576.23848405,5411093.8305238,81431843,1501323,2020,2020/08/11 04:00:00+00,1109,THE EAST MALL,MONTEBELLO GDNS,,Minor Arterial,Etobicoke York,2,43.647765,-79.559978,Mid-Block (Abnormal),Non Intersection,Stop Sign,Clear,Daylight,Dry,Fatal,Pedestrian Collisions,Pedestrian,35 to 39,Minor,,East,,,,,Vehicle turns left while ped crosses without ROW at inter.,"Crossing, no Traffic Control",Unknown,,,,Yes,,Yes,,,,,,,,,,,158,Islington,14,Islington-City Centre West (14),D22,16138
-8851801.41156545,5413023.0554791,81465377,,2019,2019/12/23 05:00:00+00,1415,ROYAL YORK RD,LAMBETH RD,,Minor Arterial,Etobicoke York,2,43.660304,-79.517085,Intersection,At Intersection,No Control,Clear,Daylight,Dry,Non-Fatal Injury,Turning Movement,Driver,55 to 59,Minimal,,South,"Automobile, Station Wagon",Going Ahead,Driving Properly,Normal,,,,,,,,,Yes,,,,,Yes,,Yes,,,,9,Edenbridge-Humber Valley,9,Edenbridge-Humber Valley (9),D22,16139
-8852665.13949452,5407022.9936503,81452601,,2019,2019/10/10 04:00:00+00,2259,THE QUEENSWAY,STOCK AVE,47 m East of,Major Arterial,Etobicoke York,3,43.621298,-79.524844,Mid-Block,Non Intersection,No Control,Clear,"Dark, artificial",Dry,Non-Fatal Injury,Rear End,Driver,40 to 44,None,,West,"Automobile, Station Wagon",Changing Lanes,Improper Lane Change,Inattentive,,,,,,,,,Yes,Yes,,,,,,,,,,159,Etobicoke City Centre,14,Islington-City Centre West (14),D22,16140
-8851801.41156545,5413023.0554791,81465378,,2019,2019/12/23 05:00:00+00,1415,ROYAL YORK RD,LAMBETH RD,,Minor Arterial,Etobicoke York,2,43.660304,-79.517085,Intersection,At Intersection,No Control,Clear,Daylight,Dry,Non-Fatal Injury,Turning Movement,Passenger,15 to 19,Minor,,,,,,,,,,,,,,,Yes,,,,,Yes,,Yes,,,,9,Edenbridge-Humber Valley,9,Edenbridge-Humber Valley (9),D22,16141
-8851764.11953604,5412673.76804743,81515018,1109990,2020,2020/06/16 04:00:00+00,2107,DUNDAS ST W,ROYAL YORK RD,34 m West of,Major Arterial,Etobicoke York,23,43.658034,-79.51675,Mid-Block,Overpass or Bridge,No Control,Clear,Dark,Dry,Non-Fatal Injury,Rear End,Driver,50 to 54,None,,West,"Automobile, Station Wagon",Going Ahead,Other,Normal,,,,,,,,,Yes,,,,,,,,,,Yes,15,Kingsway South,15,Kingsway South (15),D22,16142
-8849713.05791817,5406224.17141335,81432591,2202286,2020,2020/11/20 05:00:00+00,1643,ROYAL YORK RD,JUDSON ST,,Minor Arterial,Etobicoke York,3,43.616103,-79.498325,Intersection,At Intersection,No Control,Clear,Dusk,Dry,Fatal,Cyclist Collisions,Truck Driver,45 to 49,None,,South,Truck - Tank,Turning Right,Failed to Yield Right of Way,Inattentive,,,,,,,,Yes,,,Yes,,,,,Yes,,,,160,Mimico-Queensway,17,Mimico (includes Humber Bay Shores) (17),D22,16143
-8842184.85471429,5416143.37826549,81514927,220521,2020,2020/02/01 05:00:00+00,406,ST CLAIR AVE W,ATLAS AVE,23 m West of,Major Arterial,Toronto and East York,12,43.680579,-79.430698,Intersection,At Intersection,No Control,Clear,"Dark, artificial",Wet,Non-Fatal Injury,Rear End,Passenger,20 to 24,None,,,,,,,,,,,,,,,Yes,,,,,Yes,Yes,Yes,,Yes,,94,Wychwood,94,Wychwood (94),D13,16144
-8852204.83340009,5404844.73177146,81512375,1000182420,2021,2021/01/29 05:00:00+00,1130,HORNER AVE,KIPLING AVE,,Major Arterial,Etobicoke York,3,43.607131,-79.520709,Intersection,At Intersection,Traffic Signal,Clear,Daylight,Dry,Non-Fatal Injury,Angle,Driver,20 to 24,Major,,North,Pick Up Truck,Going Ahead,Driving Properly,Normal,,,,,,,,,Yes,,,,,,,Yes,Yes,,,160,Mimico-Queensway,17,Mimico (includes Humber Bay Shores) (17),D22,16145
-8856576.23848405,5411093.8305238,81431844,1501323,2020,2020/08/11 04:00:00+00,1109,THE EAST MALL,MONTEBELLO GDNS,,Minor Arterial,Etobicoke York,2,43.647765,-79.559978,Mid-Block (Abnormal),Non Intersection,Stop Sign,Clear,Daylight,Dry,Fatal,Pedestrian Collisions,Driver,80 to 84,None,,West,"Automobile, Station Wagon",Turning Left,Improper Turn,Normal,,,,,,,Yes,,Yes,,,,,,,,,,,158,Islington,14,Islington-City Centre West (14),D22,16146
-8852665.13949452,5407022.9936503,81452602,,2019,2019/10/10 04:00:00+00,2259,THE QUEENSWAY,STOCK AVE,47 m East of,Major Arterial,Etobicoke York,3,43.621298,-79.524844,Mid-Block,Non Intersection,No Control,Clear,"Dark, artificial",Dry,Non-Fatal Injury,Rear End,Motorcycle Driver,40 to 44,Major,,West,Motorcycle,Going Ahead,Driving Properly,Normal,,,,,,,,,Yes,Yes,,,,,,,,,,159,Etobicoke City Centre,14,Islington-City Centre West (14),D22,16147
-8832867.96993235,5430694.07723302,81340389,,2019,2019/12/25 05:00:00+00,850,SHEPPARD AVE E,DON MILLS RD,,Major Arterial,North York,17,43.775035,-79.347003,Intersection,At Intersection,Traffic Signal,Clear,Daylight,Wet,Non-Fatal Injury,Pedestrian Collisions,Driver,45 to 49,None,,South,"Automobile, Station Wagon",Turning Left,Failed to Yield Right of Way,Inattentive,,,,,,,Yes,,Yes,,,,,,,Yes,,,,53,Henry Farm,53,Henry Farm (53),D33,16148
-8833063.33563869,5411944.15382081,81487812,2204531,2020,2020/11/20 05:00:00+00,2345,DON VALLEY PARKWAY  N,EASTERN AVE DIVERSION,666 m South of,Expressway,Toronto and East York,,43.653292,-79.348758,Mid-Block,Non Intersection,No Control,Clear,"Dark, artificial",Dry,Non-Fatal Injury,SMV Other,Motorcycle Driver,30 to 34,Major,,North,Motorcycle,Changing Lanes,Lost control,Normal,,,,,,,,,,Yes,,,,,,,,,,70,South Riverdale,70,South Riverdale (70),D55,16149
-8847216.94097611,5419016.23844744,81421359,231164,2020,2020/02/02 05:00:00+00,1756,KEELE ST,GULLIVER RD,12 m South of,Major Arterial,Etobicoke York,5,43.69924,-79.475902,Intersection,Intersection Related,Traffic Signal,Clear,"Dark, artificial",Wet,Non-Fatal Injury,Approaching,Driver,50 to 54,Major,,South,"Automobile, Station Wagon",Going Ahead,Lost control,Medical or Physical Disability,,,,,,,,,Yes,,,,,,,,,,Yes,30,Brookhaven-Amesbury,30,Brookhaven-Amesbury (30),D12,16150
-8847216.94097611,5419016.23844744,81421360,231164,2020,2020/02/02 05:00:00+00,1756,KEELE ST,GULLIVER RD,12 m South of,Major Arterial,Etobicoke York,5,43.69924,-79.475902,Intersection,Intersection Related,Traffic Signal,Clear,"Dark, artificial",Wet,Non-Fatal Injury,Approaching,Driver,50 to 54,Minimal,,North,"Automobile, Station Wagon",Stopped,Driving Properly,Normal,,,,,,,,,Yes,,,,,,,,,,Yes,30,Brookhaven-Amesbury,30,Brookhaven-Amesbury (30),D12,16151
-8826216.29639898,5419334.66198903,81419256,245690,2020,2020/02/04 05:00:00+00,1541,PHARMACY AVE,DONSIDE DR,20 m South of,Minor Arterial,Scarborough,20,43.701308,-79.28725,Intersection,At Intersection,No Control,Clear,Daylight,Dry,Non-Fatal Injury,Approaching,Driver,20 to 24,Minimal,,North,"Automobile, Station Wagon",Going Ahead,Exceeding Speed Limit,Inattentive,,,,,,,,,Yes,,,,,Yes,Yes,Yes,,,,120,Clairlea-Birchmount,120,Clairlea-Birchmount (120),D41,16152
-8826216.29639898,5419334.66198903,81419257,245690,2020,2020/02/04 05:00:00+00,1541,PHARMACY AVE,DONSIDE DR,20 m South of,Minor Arterial,Scarborough,20,43.701308,-79.28725,Intersection,At Intersection,No Control,Clear,Daylight,Dry,Non-Fatal Injury,Approaching,Driver,50 to 54,Major,,South,"Automobile, Station Wagon",Going Ahead,Driving Properly,Normal,,,,,,,,,Yes,,,,,Yes,Yes,Yes,,,,120,Clairlea-Birchmount,120,Clairlea-Birchmount (120),D41,16153
-8826216.29639898,5419334.66198903,81419258,245690,2020,2020/02/04 05:00:00+00,1541,PHARMACY AVE,DONSIDE DR,20 m South of,Minor Arterial,Scarborough,20,43.701308,-79.28725,Intersection,At Intersection,No Control,Clear,Daylight,Dry,Non-Fatal Injury,Approaching,Driver,25 to 29,None,,South,"Automobile, Station Wagon",Going Ahead,Driving Properly,Normal,,,,,,,,,Yes,,,,,Yes,Yes,Yes,,,,120,Clairlea-Birchmount,120,Clairlea-Birchmount (120),D41,16154
-8826216.29639898,5419334.66198903,81419259,245690,2020,2020/02/04 05:00:00+00,1541,PHARMACY AVE,DONSIDE DR,20 m South of,Minor Arterial,Scarborough,20,43.701308,-79.28725,Intersection,At Intersection,No Control,Clear,Daylight,Dry,Non-Fatal Injury,Approaching,Passenger,15 to 19,Minor,,,,,,,,,,,,,,,Yes,,,,,Yes,Yes,Yes,,,,120,Clairlea-Birchmount,120,Clairlea-Birchmount (120),D41,16155
-8826216.29639898,5419334.66198903,81419260,245690,2020,2020/02/04 05:00:00+00,1541,PHARMACY AVE,DONSIDE DR,20 m South of,Minor Arterial,Scarborough,20,43.701308,-79.28725,Intersection,At Intersection,No Control,Clear,Daylight,Dry,Non-Fatal Injury,Approaching,Passenger,15 to 19,Major,,,,,,,,,,,,,,,Yes,,,,,Yes,Yes,Yes,,,,120,Clairlea-Birchmount,120,Clairlea-Birchmount (120),D41,16156
-8826216.29639898,5419334.66198903,81419261,245690,2020,2020/02/04 05:00:00+00,1541,PHARMACY AVE,DONSIDE DR,20 m South of,Minor Arterial,Scarborough,20,43.701308,-79.28725,Intersection,At Intersection,No Control,Clear,Daylight,Dry,Non-Fatal Injury,Approaching,Passenger,15 to 19,Minor,,,,,,,,,,,,,,,Yes,,,,,Yes,Yes,Yes,,,,120,Clairlea-Birchmount,120,Clairlea-Birchmount (120),D41,16157
-8850802.65309406,5422060.49666964,81423226,270261,2020,2020/02/07 05:00:00+00,1915,JANE ST,BEVERLY HILLS DR,,Major Arterial,Etobicoke York,76,43.719008,-79.508113,Intersection,At Intersection,Traffic Signal,Clear,"Dark, artificial",Wet,Non-Fatal Injury,Pedestrian Collisions,Driver,50 to 54,None,,South,"Automobile, Station Wagon",Going Ahead,Driving Properly,Normal,,,,,,,Yes,,Yes,,,,,,,,,,,154,Oakdale-Beverley Heights,26,Downsview-Roding-CFB (26),D31,16158
-8850802.65309406,5422060.49666964,81423227,270261,2020,2020/02/07 05:00:00+00,1915,JANE ST,BEVERLY HILLS DR,,Major Arterial,Etobicoke York,76,43.719008,-79.508113,Intersection,At Intersection,Traffic Signal,Clear,"Dark, artificial",Wet,Non-Fatal Injury,Pedestrian Collisions,Pedestrian,50 to 54,Major,,West,,,,,Vehicle is going straight thru inter.while ped cross without ROW,Crossing without right of way,Normal,,,,Yes,,Yes,,,,,,,,,,,154,Oakdale-Beverley Heights,26,Downsview-Roding-CFB (26),D31,16159
-8828629.14636192,5415498.6047039,81514883,1119919,2020,2020/06/18 04:00:00+00,958,WOODBINE AVE,CORLEY AVE,,Major Arterial,Toronto and East York,19,43.67639,-79.308925,Intersection,At Intersection,Traffic Signal,Clear,Daylight,Dry,Non-Fatal Injury,Pedestrian Collisions,Driver,60 to 64,None,,East,"Automobile, Station Wagon",Turning Left,Failed to Yield Right of Way,Normal,,,,,,,Yes,,Yes,,,,,,,Yes,,,,62,East End-Danforth,62,East End-Danforth (62),D55,16160
-8842057.39389733,5421959.45701783,81487437,296685,2020,2020/02/11 05:00:00+00,1355,BATHURST ST,STORMONT AVE,2 m  of,Major Arterial,North York,,43.718352,-79.429553,Intersection,At Intersection,No Control,Clear,Daylight,Dry,Non-Fatal Injury,Pedestrian Collisions,Driver,55 to 59,None,,North,Passenger Van,Going Ahead,Driving Properly,Normal,,,,,,,Yes,,Yes,,,,,,,,,,,39,Bedford Park-Nortown,39,Bedford Park-Nortown (39),D53,16161
-8842057.39389733,5421959.45701783,81487438,296685,2020,2020/02/11 05:00:00+00,1355,BATHURST ST,STORMONT AVE,2 m  of,Major Arterial,North York,,43.718352,-79.429553,Intersection,At Intersection,No Control,Clear,Daylight,Dry,Non-Fatal Injury,Pedestrian Collisions,Pedestrian,10 to 14,Major,,East,,,,,Vehicle is going straight thru inter.while ped cross without ROW,"Crossing, no Traffic Control",Normal,,,,Yes,,Yes,,,,,,,,,,,39,Bedford Park-Nortown,39,Bedford Park-Nortown (39),D53,16162
-8842057.39389733,5421959.45701783,81487439,296685,2020,2020/02/11 05:00:00+00,1355,BATHURST ST,STORMONT AVE,2 m  of,Major Arterial,North York,,43.718352,-79.429553,Intersection,At Intersection,No Control,Clear,Daylight,Dry,Non-Fatal Injury,Pedestrian Collisions,Pedestrian,10 to 14,None,,East,,,,,Vehicle is going straight thru inter.while ped cross without ROW,"Crossing, no Traffic Control",Normal,,,,Yes,,Yes,,,,,,,,,,,39,Bedford Park-Nortown,39,Bedford Park-Nortown (39),D53,16163
-8836294.04990049,5410350.34253742,81484562,316011,2020,2020/02/13 05:00:00+00,2345,BAY ST,LAKE SHORE BLVD W,30 m North of,Major Arterial,Toronto and East York,10,43.642932,-79.37778,Intersection,Intersection Related,No Control,Clear,"Dark, artificial",Dry,Non-Fatal Injury,Pedestrian Collisions,Driver,30 to 34,None,,South,"Automobile, Station Wagon",Going Ahead,Other,Had Been Drinking,,,,,,,Yes,,Yes,,,,,,,Yes,,,,166,St Lawrence-East Bayfront-The Islands,77,Waterfront Communities-The Island (77),D52,16164
-8836294.04990049,5410350.34253742,81484563,316011,2020,2020/02/13 05:00:00+00,2345,BAY ST,LAKE SHORE BLVD W,30 m North of,Major Arterial,Toronto and East York,10,43.642932,-79.37778,Intersection,Intersection Related,No Control,Clear,"Dark, artificial",Dry,Non-Fatal Injury,Pedestrian Collisions,Pedestrian,30 to 34,Major,,West,,,,,Pedestrian hit at mid-block,"Crossing, no Traffic Control",Normal,,,,Yes,,Yes,,,,,,,Yes,,,,166,St Lawrence-East Bayfront-The Islands,77,Waterfront Communities-The Island (77),D52,16165
-8838954.029133,5434855.26509403,81423867,332841,2020,2020/02/16 05:00:00+00,1130,STEELES AVE E,CONACHER DR,66 m West of,Major Arterial,North York,18,43.80202,-79.401675,Mid-Block,Non Intersection,No Control,Clear,Daylight,Dry,Non-Fatal Injury,Rear End,Driver,70 to 74,None,,East,"Automobile, Station Wagon",Going Ahead,Following too Close,Inattentive,,,,,,,,,Yes,,,,,Yes,,Yes,,,,50,Newtonbrook East,50,Newtonbrook East (50),D32,16166