X,Y,INDEX_,ACCNUM,YEAR,DATE,TIME,STREET1,STREET2,OFFSET,ROAD_CLASS,DISTRICT,WARDNUM,LATITUDE,LONGITUDE,LOCCOORD,ACCLOC,TRAFFCTL,VISIBILITY,LIGHT,RDSFCOND,ACCLASS,IMPACTYPE,INVTYPE,INVAGE,INJURY,FATAL_NO,INITDIR,VEHTYPE,MANOEUVER,DRIVACT,DRIVCOND,PEDTYPE,PEDACT,PEDCOND,CYCLISTYPE,CYCACT,CYCCOND,PEDESTRIAN,CYCLIST,AUTOMOBILE,MOTORCYCLE,TRUCK,TRSN_CITY_VEH,EMERG_VEH,PASSENGER,SPEEDING,AG_DRIV,REDLIGHT,ALCOHOL,DISABILITY,HOOD_158,NEIGHBOURHOOD_158,HOOD_140,NEIGHBOURHOOD_140,DIVISION,ObjectId
-8857963.94725628,5410401.87557093,81507090,2343661,2020,2020/12/12 05:00:00+00,1811,BURNHAMTHORPE RD,RENFORTH DR,4 m East of,Major Arterial,Etobicoke York,2,43.643267,-79.572444,Intersection,At Intersection,Traffic Signal,Clear,"Dusk, artificial",Dry,Non-Fatal Injury,Pedestrian Collisions,Driver,40 to 44,None,,South,Pick Up Truck,Turning Left,Failed to Yield Right of Way,Normal,,,,,,,Yes,,Yes,,,,,Yes,,Yes,,,,13,Etobicoke West Mall,13,Etobicoke West Mall (13),D22,16378
-8857963.94725628,5410401.87557093,81507091,2343661,2020,2020/12/12 05:00:00+00,1811,BURNHAMTHORPE RD,RENFORTH DR,4 m East of,Major Arterial,Etobicoke York,2,43.643267,-79.572444,Intersection,At Intersection,Traffic Signal,Clear,"Dusk, artificial",Dry,Non-Fatal Injury,Pedestrian Collisions,Pedestrian,65 to 69,Major,,North,,,,,Vehicle turns left while ped crosses with ROW at inter.,Crossing with right of way,Normal,,,,Yes,,Yes,,,,,Yes,,Yes,,,,13,Etobicoke West Mall,13,Etobicoke West Mall (13),D22,16379
-8857963.94725628,5410401.87557093,81507092,2343661,2020,2020/12/12 05:00:00+00,1811,BURNHAMTHORPE RD,RENFORTH DR,4 m East of,Major Arterial,Etobicoke York,2,43.643267,-79.572444,Intersection,At Intersection,Traffic Signal,Clear,"Dusk, artificial",Dry,Non-Fatal Injury,Pedestrian Collisions,Passenger,80 to 84,None,,,,,,,,,,,,,Yes,,Yes,,,,,Yes,,Yes,,,,13,Etobicoke West Mall,13,Etobicoke West Mall (13),D22,16380
-8857963.94725628,5410401.87557093,81507093,2343661,2020,2020/12/12 05:00:00+00,1811,BURNHAMTHORPE RD,RENFORTH DR,4 m East of,Major Arterial,Etobicoke York,2,43.643267,-79.572444,Intersection,At Intersection,Traffic Signal,Clear,"Dusk, artificial",Dry,Non-Fatal Injury,Pedestrian Collisions,Passenger,70 to 74,None,,,,,,,,,,,,,Yes,,Yes,,,,,Yes,,Yes,,,,13,Etobicoke West Mall,13,Etobicoke West Mall (13),D22,16381
-8857963.94725628,5410401.87557093,81507094,2343661,2020,2020/12/12 05:00:00+00,1811,BURNHAMTHORPE RD,RENFORTH DR,4 m East of,Major Arterial,Etobicoke York,2,43.643267,-79.572444,Intersection,At Intersection,Traffic Signal,Clear,"Dusk, artificial",Dry,Non-Fatal Injury,Pedestrian Collisions,Passenger,5 to 9,None,,,,,,,,,,,,,Yes,,Yes,,,,,Yes,,Yes,,,,13,Etobicoke West Mall,13,Etobicoke West Mall (13),D22,16382
-8857963.94725628,5410401.87557093,81507095,2343661,2020,2020/12/12 05:00:00+00,1811,BURNHAMTHORPE RD,RENFORTH DR,4 m East of,Major Arterial,Etobicoke York,2,43.643267,-79.572444,Intersection,At Intersection,Traffic Signal,Clear,"Dusk, artificial",Dry,Non-Fatal Injury,Pedestrian Collisions,Passenger,35 to 39,None,,,,,,,,,,,,,Yes,,Yes,,,,,Yes,,Yes,,,,13,Etobicoke West Mall,13,Etobicoke West Mall (13),D22,16383
-8819250.3679431,5428032.58054329,81542315,2345305,2020,2020/12/12 05:00:00+00,2342,GREENCEDAR CRCT,MARKHAM RD,1 m North of,Major Arterial,Scarborough,,43.757769,-79.224674,Intersection,At Intersection,Traffic Signal,Clear,"Dark, artificial",Wet,Non-Fatal Injury,SMV Other,Driver,15 to 19,Major,,West,"Automobile, Station Wagon",Turning Right,Lost control,Normal,,,,,,,,,Yes,,,,,Yes,,,,,,141,Golfdale-Cedarbrae-Woburn,137,Woburn (137),D43,16384
-8819250.3679431,5428032.58054329,81542316,2345305,2020,2020/12/12 05:00:00+00,2342,GREENCEDAR CRCT,MARKHAM RD,1 m North of,Major Arterial,Scarborough,,43.757769,-79.224674,Intersection,At Intersection,Traffic Signal,Clear,"Dark, artificial",Wet,Non-Fatal Injury,SMV Other,Passenger,15 to 19,Major,,,,,,,,,,,,,,,Yes,,,,,Yes,,,,,,141,Golfdale-Cedarbrae-Woburn,137,Woburn (137),D43,16385
-8826290.9917773,5426334.2855534,81432754,2372537,2020,2020/12/17 05:00:00+00,1141,LAWRENCE AVE E,HOWDEN RD,,Major Arterial,Scarborough,21,43.746749,-79.287921,Intersection,At Intersection,Traffic Signal,Clear,Daylight,Dry,Fatal,Pedestrian Collisions,Truck Driver,50 to 54,None,,South,Truck-Tractor,Turning Right,Failed to Yield Right of Way,Normal,,,,,,,Yes,,,,Yes,,,,,Yes,,,,119,Wexford/Maryvale,119,Wexford/Maryvale (119),D41,16386
-8826290.9917773,5426334.2855534,81432757,2372537,2020,2020/12/17 05:00:00+00,1141,LAWRENCE AVE E,HOWDEN RD,,Major Arterial,Scarborough,21,43.746749,-79.287921,Intersection,At Intersection,Traffic Signal,Clear,Daylight,Dry,Fatal,Pedestrian Collisions,Pedestrian,40 to 44,Fatal,37,North,,,,,Vehicle turns right while ped crosses with ROW at inter.,Crossing with right of way,Normal,,,,Yes,,,,Yes,,,,,Yes,,,,119,Wexford/Maryvale,119,Wexford/Maryvale (119),D41,16387
-8825083.28662169,5417624.88104952,81432755,2374044,2020,2020/12/17 05:00:00+00,1550,168 CLONMORE DR,,,Minor Arterial,Scarborough,,43.690203,-79.277072,Mid-Block,Non Intersection,No Control,Clear,Daylight,Dry,Fatal,Pedestrian Collisions,Pedestrian,30 to 34,Fatal,38,Unknown,,,,,Pedestrian hit at mid-block,Playing or Working on Highway,Normal,,,,Yes,,Yes,,,,,,,Yes,,,,122,Birchcliffe-Cliffside,122,Birchcliffe-Cliffside (122),D41,16388
-8825083.28662169,5417624.88104952,81432756,2374044,2020,2020/12/17 05:00:00+00,1550,168 CLONMORE DR,,,Minor Arterial,Scarborough,,43.690203,-79.277072,Mid-Block,Non Intersection,No Control,Clear,Daylight,Dry,Fatal,Pedestrian Collisions,Driver,20 to 24,None,,West,"Automobile, Station Wagon",Going Ahead,Failed to Yield Right of Way,Inattentive,,,,,,,Yes,,Yes,,,,,,,Yes,,,,122,Birchcliffe-Cliffside,122,Birchcliffe-Cliffside (122),D41,16389
-8831625.42177612,5428095.46353046,81512723,2383203,2020,2020/12/18 05:00:00+00,2238,YORK MILLS RD,DON VALLEY PARKWAY  S,,Major Arterial,North York,16,43.758177,-79.335841,Intersection,At Intersection,No Control,Clear,Dark,Dry,Non-Fatal Injury,Turning Movement,Driver,45 to 49,Major,,West,"Automobile, Station Wagon",Turning Left,Improper Turn,Normal,,,,,,,,,Yes,,,,,Yes,,Yes,,,,149,Parkwoods-O'Connor Hills,45,Parkwoods-Donalda (45),D33,16390
-8831625.42177612,5428095.46353046,81512724,2383203,2020,2020/12/18 05:00:00+00,2238,YORK MILLS RD,DON VALLEY PARKWAY  S,,Major Arterial,North York,16,43.758177,-79.335841,Intersection,At Intersection,No Control,Clear,Dark,Dry,Non-Fatal Injury,Turning Movement,Driver,20 to 24,None,,East,"Automobile, Station Wagon",Going Ahead,Driving Properly,Normal,,,,,,,,,Yes,,,,,Yes,,Yes,,,,149,Parkwoods-O'Connor Hills,45,Parkwoods-Donalda (45),D33,16391
-8831625.42177612,5428095.46353046,81512725,2383203,2020,2020/12/18 05:00:00+00,2238,YORK MILLS RD,DON VALLEY PARKWAY  S,,Major Arterial,North York,16,43.758177,-79.335841,Intersection,At Intersection,No Control,Clear,Dark,Dry,Non-Fatal Injury,Turning Movement,Passenger,20 to 24,None,,,,,,,,,,,,,,,Yes,,,,,Yes,,Yes,,,,149,Parkwoods-O'Connor Hills,45,Parkwoods-Donalda (45),D33,16392
-8852833.3432451,5411636.13912975,81515544,2390427,2020,2020/12/20 05:00:00+00,305,ISLINGTON AVE,DUNDAS ST W,12 m East of,Major Arterial,Etobicoke York,2,43.65129,-79.526355,Intersection,At Intersection,Traffic Signal,Rain,"Dark, artificial",Wet,Non-Fatal Injury,SMV Other,Driver,15 to 19,Major,,North,"Automobile, Station Wagon",Going Ahead,Speed too Fast For Condition,"Ability Impaired, Alcohol Over .08",,,,,,,,,Yes,,,,,Yes,Yes,Yes,,Yes,,15,Kingsway South,15,Kingsway South (15),D22,16393
-8852833.3432451,5411636.13912975,81515545,2390427,2020,2020/12/20 05:00:00+00,305,ISLINGTON AVE,DUNDAS ST W,12 m East of,Major Arterial,Etobicoke York,2,43.65129,-79.526355,Intersection,At Intersection,Traffic Signal,Rain,"Dark, artificial",Wet,Non-Fatal Injury,SMV Other,Passenger,15 to 19,Major,,,,,,,,,,,,,,,Yes,,,,,Yes,Yes,Yes,,Yes,,15,Kingsway South,15,Kingsway South (15),D22,16394
-8852833.3432451,5411636.13912975,81515546,2390427,2020,2020/12/20 05:00:00+00,305,ISLINGTON AVE,DUNDAS ST W,12 m East of,Major Arterial,Etobicoke York,2,43.65129,-79.526355,Intersection,At Intersection,Traffic Signal,Rain,"Dark, artificial",Wet,Non-Fatal Injury,SMV Other,Passenger,15 to 19,Major,,,,,,,,,,,,,,,Yes,,,,,Yes,Yes,Yes,,Yes,,15,Kingsway South,15,Kingsway South (15),D22,16395
-8836327.22310875,5414372.62924327,81504434,2400863,2020,2020/12/21 05:00:00+00,2035,ISABELLA ST,HUNTLEY ST,4 m North of,Collector,Toronto and East York,13,43.669074,-79.378078,Intersection,Intersection Related,Stop Sign,Rain,Dark,Wet,Non-Fatal Injury,Pedestrian Collisions,Driver,unknown,None,,South,"Automobile, Station Wagon",Turning Left,Failed to Yield Right of Way,Unknown,,,,,,,Yes,,Yes,,,,,,,Yes,,,,74,North St.James Town,74,North St.James Town (74),D51,16396
-8836327.22310875,5414372.62924327,81504435,2400863,2020,2020/12/21 05:00:00+00,2035,ISABELLA ST,HUNTLEY ST,4 m North of,Collector,Toronto and East York,13,43.669074,-79.378078,Intersection,Intersection Related,Stop Sign,Rain,Dark,Wet,Non-Fatal Injury,Pedestrian Collisions,Pedestrian,unknown,Major,,East,,,,,Vehicle turns left while ped crosses with ROW at inter.,Crossing with right of way,Normal,,,,Yes,,Yes,,,,,,,Yes,,,,74,North St.James Town,74,North St.James Town (74),D51,16397
-8858785.26245935,5410102.06502419,81514096,2419967,2020,2020/12/25 05:00:00+00,318,BURNHAMTHORPE RD,SILVER SHADOW PATH,52 m West of,Major Arterial,Etobicoke York,,43.641318,-79.579822,Mid-Block,Non Intersection,No Control,Snow,"Dark, artificial",Loose Snow,Non-Fatal Injury,SMV Other,Driver,50 to 54,Major,,East,"Automobile, Station Wagon",Going Ahead,Lost control,Normal,,,,,,,,,Yes,,,,,Yes,,Yes,,,,12,Markland Wood,12,Markland Wood (12),D22,16398
-8858785.26245935,5410102.06502419,81514097,2419967,2020,2020/12/25 05:00:00+00,318,BURNHAMTHORPE RD,SILVER SHADOW PATH,52 m West of,Major Arterial,Etobicoke York,,43.641318,-79.579822,Mid-Block,Non Intersection,No Control,Snow,"Dark, artificial",Loose Snow,Non-Fatal Injury,SMV Other,Passenger,65 to 69,Minor,,,,,,,,,,,,,,,Yes,,,,,Yes,,Yes,,,,12,Markland Wood,12,Markland Wood (12),D22,16399
-8825108.77878508,5426672.84082337,81514735,2431394,2020,2020/12/27 05:00:00+00,1520,LAWRENCE AVE E,KENNEDY RD,200 m West of,Major Arterial,Scarborough,,43.748946,-79.277301,Mid-Block,Non Intersection,No Control,Clear,Daylight,Dry,Non-Fatal Injury,Rear End,Driver,55 to 59,Minor,,East,"Automobile, Station Wagon",Going Ahead,Speed too Fast For Condition,Inattentive,,,,,,,,,Yes,,,,,Yes,Yes,Yes,,,,126,Dorset Park,126,Dorset Park (126),D41,16400
-8825108.77878508,5426672.84082337,81514736,2431394,2020,2020/12/27 05:00:00+00,1520,LAWRENCE AVE E,KENNEDY RD,200 m West of,Major Arterial,Scarborough,,43.748946,-79.277301,Mid-Block,Non Intersection,No Control,Clear,Daylight,Dry,Non-Fatal Injury,Rear End,Driver,35 to 39,None,,East,"Automobile, Station Wagon",Slowing or Stopping,Driving Properly,Normal,,,,,,,,,Yes,,,,,Yes,Yes,Yes,,,,126,Dorset Park,126,Dorset Park (126),D41,16401
-8825108.77878508,5426672.84082337,81514737,2431394,2020,2020/12/27 05:00:00+00,1520,LAWRENCE AVE E,KENNEDY RD,200 m West of,Major Arterial,Scarborough,,43.748946,-79.277301,Mid-Block,Non Intersection,No Control,Clear,Daylight,Dry,Non-Fatal Injury,Rear End,Passenger,35 to 39,Major,,,,,,,,,,,,,,,Yes,,,,,Yes,Yes,Yes,,,,126,Dorset Park,126,Dorset Park (126),D41,16402
-8825108.77878508,5426672.84082337,81514738,2431394,2020,2020/12/27 05:00:00+00,1520,LAWRENCE AVE E,KENNEDY RD,200 m West of,Major Arterial,Scarborough,,43.748946,-79.277301,Mid-Block,Non Intersection,No Control,Clear,Daylight,Dry,Non-Fatal Injury,Rear End,Passenger,unknown,Minimal,,,,,,,,,,,,,,,Yes,,,,,Yes,Yes,Yes,,,,126,Dorset Park,126,Dorset Park (126),D41,16403
-8835451.58399417,5412731.31493594,81509300,2449891,2020,2020/12/30 05:00:00+00,1700,DUNDAS ST E,OSKENONTON  LANE,54 m East of,Major Arterial,Toronto and East York,,43.658408,-79.370212,Mid-Block,Non Intersection,No Control,Rain,"Dark, artificial",Wet,Non-Fatal Injury,Pedestrian Collisions,Driver,40 to 44,None,,East,"Automobile, Station Wagon",Going Ahead,Driving Properly,Normal,,,,,,,Yes,,Yes,,,,,,,,,,,73,Moss Park,73,Moss Park (73),D51,16404
-8835451.58399417,5412731.31493594,81509301,2449891,2020,2020/12/30 05:00:00+00,1700,DUNDAS ST E,OSKENONTON  LANE,54 m East of,Major Arterial,Toronto and East York,,43.658408,-79.370212,Mid-Block,Non Intersection,No Control,Rain,"Dark, artificial",Wet,Non-Fatal Injury,Pedestrian Collisions,Pedestrian,70 to 74,Major,,South,,,,,Pedestrian hit at mid-block,"Crossing, no Traffic Control",Inattentive,,,,Yes,,Yes,,,,,,,,,,,73,Moss Park,73,Moss Park (73),D51,16405
-8826323.27442963,5431954.95701959,81432824,2450003,2020,2020/12/30 05:00:00+00,1721,KENNEDY RD,SHEPPARD AVE E,,Major Arterial,Scarborough,,43.783213,-79.288211,Intersection,Intersection Related,Traffic Signal,Rain,"Dark, artificial",Wet,Fatal,Pedestrian Collisions,Driver,35 to 39,None,,North,"Automobile, Station Wagon",Going Ahead,Other,Unknown,,,,,,,Yes,,Yes,,,,,,,,,,,128,Agincourt South-Malvern West,128,Agincourt South-Malvern West (128),D42,16406
-8826323.27442963,5431954.95701959,81432825,2450003,2020,2020/12/30 05:00:00+00,1721,KENNEDY RD,SHEPPARD AVE E,,Major Arterial,Scarborough,,43.783213,-79.288211,Intersection,Intersection Related,Traffic Signal,Rain,"Dark, artificial",Wet,Fatal,Pedestrian Collisions,Pedestrian,55 to 59,Fatal,40,Unknown,,,,,Vehicle is going straight thru inter.while ped cross without ROW,Crossing marked crosswalk without ROW,Unknown,,,,Yes,,Yes,,,,,,,,,,,128,Agincourt South-Malvern West,128,Agincourt South-Malvern West (128),D42,16407
-8848386.46354639,5426019.16448135,81478493,1000002228,2021,2021/01/01 05:00:00+00,1129,KEELE ST,SHEPPARD AVE W,,Major Arterial,North York,,43.744704,-79.486408,Intersection,Non Intersection,Traffic Signal,Clear,Daylight,Dry,Fatal,Angle,Driver,20 to 24,Major,,North,"Automobile, Station Wagon",Going Ahead,Exceeding Speed Limit,Unknown,,,,,,,,,Yes,,,,,Yes,Yes,Yes,,,,155,Downsview,26,Downsview-Roding-CFB (26),D31,16408
-8848386.46354639,5426019.16448135,81478494,1000002228,2021,2021/01/01 05:00:00+00,1129,KEELE ST,SHEPPARD AVE W,,Major Arterial,North York,,43.744704,-79.486408,Intersection,Non Intersection,Traffic Signal,Clear,Daylight,Dry,Fatal,Angle,Driver,40 to 44,Minimal,,South,"Automobile, Station Wagon",Stopped,Driving Properly,Normal,,,,,,,,,Yes,,,,,Yes,Yes,Yes,,,,155,Downsview,26,Downsview-Roding-CFB (26),D31,16409
-8848386.46354639,5426019.16448135,81478495,1000002228,2021,2021/01/01 05:00:00+00,1129,KEELE ST,SHEPPARD AVE W,,Major Arterial,North York,,43.744704,-79.486408,Intersection,Non Intersection,Traffic Signal,Clear,Daylight,Dry,Fatal,Angle,Passenger,35 to 39,Minor,,,,,,,,,,,,,,,Yes,,,,,Yes,Yes,Yes,,,,155,Downsview,26,Downsview-Roding-CFB (26),D31,16410
-8848386.46354639,5426019.16448135,81478496,1000002228,2021,2021/01/01 05:00:00+00,1129,KEELE ST,SHEPPARD AVE W,,Major Arterial,North York,,43.744704,-79.486408,Intersection,Non Intersection,Traffic Signal,Clear,Daylight,Dry,Fatal,Angle,Passenger,10 to 14,Minor,,,,,,,,,,,,,,,Yes,,,,,Yes,Yes,Yes,,,,155,Downsview,26,Downsview-Roding-CFB (26),D31,16411
-8848386.46354639,5426019.16448135,81478497,1000002228,2021,2021/01/01 05:00:00+00,1129,KEELE ST,SHEPPARD AVE W,,Major Arterial,North York,,43.744704,-79.486408,Intersection,Non Intersection,Traffic Signal,Clear,Daylight,Dry,Fatal,Angle,Passenger,5 to 9,Minor,,,,,,,,,,,,,,,Yes,,,,,Yes,Yes,Yes,,,,155,Downsview,26,Downsview-Roding-CFB (26),D31,16412
-8848386.46354639,5426019.16448135,81478498,1000002228,2021,2021/01/01 05:00:00+00,1129,KEELE ST,SHEPPARD AVE W,,Major Arterial,North York,,43.744704,-79.486408,Intersection,Non Intersection,Traffic Signal,Clear,Daylight,Dry,Fatal,Angle,Driver,65 to 69,Fatal,2,West,"Automobile, Station Wagon",Going Ahead,Driving Properly,Normal,,,,,,,,,Yes,,,,,Yes,Yes,Yes,,,,155,Downsview,26,Downsview-Roding-CFB (26),D31,16413
-8843752.67842263,5409593.8399122,81512829,1000041217,2021,2021/01/07 05:00:00+00,1610,1582 KING ST W,,103 m West of,Major Arterial,Toronto and East York,,43.638014,-79.444782,Mid-Block,Non Intersection,No Control,Clear,Daylight,Dry,Non-Fatal Injury,Pedestrian Collisions,Driver,50 to 54,None,,West,"Bus (Other) (Go Bus, Gray Coach)",Going Ahead,Driving Properly,Normal,,,,,,,Yes,,,,,Yes,,,,,,,,85,South Parkdale,85,South Parkdale (85),D14,16414
-8843752.67842263,5409593.8399122,81512830,1000041217,2021,2021/01/07 05:00:00+00,1610,1582 KING ST W,,103 m West of,Major Arterial,Toronto and East York,,43.638014,-79.444782,Mid-Block,Non Intersection,No Control,Clear,Daylight,Dry,Non-Fatal Injury,Pedestrian Collisions,Pedestrian,30 to 34,Major,,South,,,,,Pedestrian hit at mid-block,Running onto Roadway,"Ability Impaired, Drugs",,,,Yes,,,,,Yes,,,,,,,,85,South Parkdale,85,South Parkdale (85),D14,16415
-8817582.24537356,5426150.75896467,81495951,1000067206,2021,2021/01/11 05:00:00+00,1915,KINGSTON RD,SCARBOROUGH GOLF CLUB RD,33 m West of,Major Arterial,Scarborough,24,43.745558,-79.209689,Mid-Block,Non Intersection,No Control,Clear,Dark,Dry,Non-Fatal Injury,Rear End,Driver,35 to 39,Major,,East,"Automobile, Station Wagon",Stopped,Speed too Fast For Condition,"Ability Impaired, Alcohol",,,,,,,,,Yes,,,Yes,,Yes,Yes,Yes,,Yes,,139,Scarborough Village,139,Scarborough Village (139),D43,16416
-8817582.24537356,5426150.75896467,81495952,1000067206,2021,2021/01/11 05:00:00+00,1915,KINGSTON RD,SCARBOROUGH GOLF CLUB RD,33 m West of,Major Arterial,Scarborough,24,43.745558,-79.209689,Mid-Block,Non Intersection,No Control,Clear,Dark,Dry,Non-Fatal Injury,Rear End,Driver,55 to 59,Minor,,East,Intercity Bus,Going Ahead,Driving Properly,Normal,,,,,,,,,Yes,,,Yes,,Yes,Yes,Yes,,Yes,,139,Scarborough Village,139,Scarborough Village (139),D43,16417
-8817582.24537356,5426150.75896467,81495953,1000067206,2021,2021/01/11 05:00:00+00,1915,KINGSTON RD,SCARBOROUGH GOLF CLUB RD,33 m West of,Major Arterial,Scarborough,24,43.745558,-79.209689,Mid-Block,Non Intersection,No Control,Clear,Dark,Dry,Non-Fatal Injury,Rear End,Passenger,20 to 24,Minor,,,,,,,,,,,,,,,Yes,,,Yes,,Yes,Yes,Yes,,Yes,,139,Scarborough Village,139,Scarborough Village (139),D43,16418
-8817582.24537356,5426150.75896467,81495954,1000067206,2021,2021/01/11 05:00:00+00,1915,KINGSTON RD,SCARBOROUGH GOLF CLUB RD,33 m West of,Major Arterial,Scarborough,24,43.745558,-79.209689,Mid-Block,Non Intersection,No Control,Clear,Dark,Dry,Non-Fatal Injury,Rear End,Passenger,35 to 39,Minor,,,,,,,,,,,,,,,Yes,,,Yes,,Yes,Yes,Yes,,Yes,,139,Scarborough Village,139,Scarborough Village (139),D43,16419
-8817582.24537356,5426150.75896467,81495955,1000067206,2021,2021/01/11 05:00:00+00,1915,KINGSTON RD,SCARBOROUGH GOLF CLUB RD,33 m West of,Major Arterial,Scarborough,24,43.745558,-79.209689,Mid-Block,Non Intersection,No Control,Clear,Dark,Dry,Non-Fatal Injury,Rear End,Passenger,15 to 19,Minor,,,,,,,,,,,,,,,Yes,,,Yes,,Yes,Yes,Yes,,Yes,,139,Scarborough Village,139,Scarborough Village (139),D43,16420
-8858504.1807451,5425920.39280627,81432991,1000073767,2021,2021/01/12 05:00:00+00,1903,FINCH AVE W,KIPLING AVE,,Major Arterial,Etobicoke York,,43.744063,-79.577297,Mid-Block,Non Intersection,No Control,Clear,"Dark, artificial",Wet,Fatal,Pedestrian Collisions,Pedestrian,40 to 44,Fatal,1,North,,,,,Pedestrian hit at mid-block,"Crossing, no Traffic Control",Unknown,,,,Yes,,Yes,,,,,,,,,,,3,Thistletown-Beaumond Heights,3,Thistletown-Beaumond Heights (3),D23,16421
-8858504.1807451,5425920.39280627,81614775,1000073767,2021,2021/01/12 05:00:00+00,1903,FINCH AVE W,KIPLING AVE,,Major Arterial,Etobicoke York,,43.744063,-79.577297,Mid-Block,Non Intersection,No Control,Clear,"Dark, artificial",Wet,Fatal,Pedestrian Collisions,Driver,60 to 64,None,,East,"Automobile, Station Wagon",Going Ahead,Driving Properly,Normal,,,,,,,Yes,,Yes,,,,,,,,,,,3,Thistletown-Beaumond Heights,3,Thistletown-Beaumond Heights (3),D23,16422
-8820937.86010404,5434347.98844982,81482380,1000078163,2021,2021/01/13 05:00:00+00,1258,MCLEVIN AVE,MARKHAM RD,107 m East of,Minor Arterial,Scarborough,,43.798731,-79.239833,Mid-Block,Non Intersection,No Control,Clear,Daylight,Wet,Non-Fatal Injury,SMV Other,Driver,20 to 24,Major,,West,"Automobile, Station Wagon",Going Ahead,Speed too Fast For Condition,Normal,,,,,,,,,Yes,,,,,,Yes,Yes,,,,145,Malvern West,132,Malvern (132),D42,16423
-8831003.81373953,5413102.30094134,81495945,1000091204,2021,2021/01/15 05:00:00+00,1150,EASTERN AVE,MARIGOLD AVE,,Minor Arterial,Toronto and East York,14,43.660819,-79.330257,Intersection,At Intersection,No Control,Clear,Daylight,Dry,Non-Fatal Injury,SMV Other,Truck Driver,60 to 64,Major,,East,Tow Truck,Pulling Onto Shoulder or towardCurb,Lost control,Medical or Physical Disability,,,,,,,,,Yes,,,,,,,,,,Yes,70,South Riverdale,70,South Riverdale (70),D55,16424
-8846298.77781605,5417846.88064249,81583632,1000093718,2021,2021/01/15 05:00:00+00,1805,GABIAN WAY,EGLINTON AVE W,30 m North of,Local,Etobicoke York,,43.691645,-79.467654,Intersection,Intersection Related,No Control,Rain,Dark,Wet,Non-Fatal Injury,Pedestrian Collisions,Driver,55 to 59,None,,South,"Automobile, Station Wagon",Going Ahead,Driving Properly,Normal,,,,,,,Yes,,Yes,,,,,,,,,,,110,Keelesdale-Eglinton West,110,Keelesdale-Eglinton West (110),D12,16425
-8846298.77781605,5417846.88064249,81583633,1000093718,2021,2021/01/15 05:00:00+00,1805,GABIAN WAY,EGLINTON AVE W,30 m North of,Local,Etobicoke York,,43.691645,-79.467654,Intersection,Intersection Related,No Control,Rain,Dark,Wet,Non-Fatal Injury,Pedestrian Collisions,Pedestrian,60 to 64,Major,,East,,,,,Pedestrian hit at mid-block,"Crossing, no Traffic Control",Inattentive,,,,Yes,,Yes,,,,,,,,,,,110,Keelesdale-Eglinton West,110,Keelesdale-Eglinton West (110),D12,16426
-8834481.65727089,5428320.64362641,81482231,1000113248,2021,2021/01/18 05:00:00+00,2120,LESLIE ST,BANNATYNE DR,102 m North of,Major Arterial,North York,1516,43.759638,-79.361499,Mid-Block,Non Intersection,No Control,Snow,Dark,Wet,Non-Fatal Injury,SMV Other,Driver,65 to 69,Major,,South,"Automobile, Station Wagon",Going Ahead,Lost control,Normal,,,,,,,,,Yes,,,,,,,,,,,40,St.Andrew-Windfields,40,St.Andrew-Windfields (40),D33,16427
-8834481.65727089,5428320.64362641,81482232,1000113248,2021,2021/01/18 05:00:00+00,2120,LESLIE ST,BANNATYNE DR,102 m North of,Major Arterial,North York,1516,43.759638,-79.361499,Mid-Block,Non Intersection,No Control,Snow,Dark,Wet,Non-Fatal Injury,SMV Other,Other,unknown,None,,Unknown,"Automobile, Station Wagon",Parked,,,,,,,,,,,Yes,,,,,,,,,,,40,St.Andrew-Windfields,40,St.Andrew-Windfields (40),D33,16428
-8835208.68486526,5432992.09747226,81511961,1000123006,2021,2021/01/20 05:00:00+00,1145,FINCH  AVE E,LESLIE ST,,Major Arterial,North York,17,43.789939,-79.36803,Intersection,At Intersection,Traffic Signal,Clear,Daylight,Dry,Non-Fatal Injury,Pedestrian Collisions,Driver,25 to 29,None,,North,"Automobile, Station Wagon",Going Ahead,Driving Properly,Normal,,,,,,,Yes,,Yes,,,,,,,,,,,47,Don Valley Village,47,Don Valley Village (47),D33,16429
-8835208.68486526,5432992.09747226,81511962,1000123006,2021,2021/01/20 05:00:00+00,1145,FINCH  AVE E,LESLIE ST,,Major Arterial,North York,17,43.789939,-79.36803,Intersection,At Intersection,Traffic Signal,Clear,Daylight,Dry,Non-Fatal Injury,Pedestrian Collisions,Pedestrian,85 to 89,Major,,West,,,,,Vehicle is going straight thru inter.while ped cross without ROW,Crossing without right of way,Inattentive,,,,Yes,,Yes,,,,,,,,,,,47,Don Valley Village,47,Don Valley Village (47),D33,16430
-8829750.2449537,5419146.03936781,81543165,1000123041,2021,2021/01/20 05:00:00+00,1157,WOODBINE AVE,O CONNOR DR,,Major Arterial,Toronto and East York,19,43.700083,-79.318996,Intersection,Intersection Related,Traffic Signal,Clear,Daylight,Dry,Non-Fatal Injury,Cyclist Collisions,Driver,35 to 39,None,,North,Pick Up Truck,Turning Right,Failed to Yield Right of Way,Unknown,,,,,,,,Yes,Yes,,,,,,,Yes,,,,60,Woodbine-Lumsden,60,Woodbine-Lumsden (60),D55,16431
-8829750.2449537,5419146.03936781,81543166,1000123041,2021,2021/01/20 05:00:00+00,1157,WOODBINE AVE,O CONNOR DR,,Major Arterial,Toronto and East York,19,43.700083,-79.318996,Intersection,Intersection Related,Traffic Signal,Clear,Daylight,Dry,Non-Fatal Injury,Cyclist Collisions,Cyclist,55 to 59,Major,,North,Bicycle,Turning Right,,,,,,Motorist turning right on red at signalized intersection strikes cyclist.,Failed to Yield Right of Way,Unknown,,Yes,Yes,,,,,,,Yes,,,,60,Woodbine-Lumsden,60,Woodbine-Lumsden (60),D55,16432