X,Y,INDEX_,ACCNUM,YEAR,DATE,TIME,STREET1,STREET2,OFFSET,ROAD_CLASS,DISTRICT,WARDNUM,LATITUDE,LONGITUDE,LOCCOORD,ACCLOC,TRAFFCTL,VISIBILITY,LIGHT,RDSFCOND,ACCLASS,IMPACTYPE,INVTYPE,INVAGE,INJURY,FATAL_NO,INITDIR,VEHTYPE,MANOEUVER,DRIVACT,DRIVCOND,PEDTYPE,PEDACT,PEDCOND,CYCLISTYPE,CYCACT,CYCCOND,PEDESTRIAN,CYCLIST,AUTOMOBILE,MOTORCYCLE,TRUCK,TRSN_CITY_VEH,EMERG_VEH,PASSENGER,SPEEDING,AG_DRIV,REDLIGHT,ALCOHOL,DISABILITY,HOOD_158,NEIGHBOURHOOD_158,HOOD_140,NEIGHBOURHOOD_140,DIVISION,ObjectId
-8838540.4772247,5409796.41902989,81421063,73153,2020,2020/01/11 05:00:00+00,1625,FORT YORK BLVD,DAN LECKIE WAY,,Local,Toronto and East York,10,43.639331,-79.39796,Intersection,At Intersection,Traffic Signal,Rain,Dark,Wet,Non-Fatal Injury,Pedestrian Collisions,Pedestrian,25 to 29,Major,,South,,,,,Vehicle turns left while ped crosses with ROW at inter.,Crossing with right of way,Normal,,,,Yes,,Yes,,,,,,,,,,,165,Harbourfront-CityPlace,77,Waterfront Communities-The Island (77),D14,16594
-8838581.22015833,5420158.79557702,81504802,1311242,2020,2020/07/15 04:00:00+00,950,YONGE ST,EGLINTON AVE E,16 m West of,Major Arterial,North York,812,43.70666,-79.398326,Intersection,At Intersection,Traffic Signal,Clear,Daylight,Dry,Non-Fatal Injury,Cyclist Collisions,Truck Driver,35 to 39,None,,East,Truck - Tank,Going Ahead,Driving Properly,Normal,,,,,,,,Yes,,,Yes,,,,,,,,,174,South Eglinton-Davisville,104,Mount Pleasant West (104),D53,16595
-8835689.36242651,5412683.76948628,81483292,819828,2020,2020/05/01 04:00:00+00,1452,PEMBROKE ST,DUNDAS ST E,,Major Arterial,Toronto and East York,13,43.658099,-79.372348,Intersection,At Intersection,Stop Sign,Clear,Daylight,Dry,Non-Fatal Injury,Pedestrian Collisions,Pedestrian,40 to 44,Major,,Unknown,,,,,Pedestrian hit at mid-block,Other,Normal,,,,Yes,,Yes,,,,,Yes,,Yes,,,,73,Moss Park,73,Moss Park (73),D51,16596
-8839890.00341159,5428092.07277021,81506508,1630486,2020,2020/08/29 04:00:00+00,1419,YONGE ST,FLORENCE AVE,,Major Arterial,North York,18,43.758155,-79.410083,Intersection,At Intersection,Traffic Signal,Clear,Daylight,Dry,Non-Fatal Injury,Turning Movement,Driver,75 to 79,None,,North,"Automobile, Station Wagon",Turning Left,Failed to Yield Right of Way,Normal,,,,,,,,,Yes,Yes,,,,,,Yes,,,,153,Avondale,51,Willowdale East (51),D32,16597
-8825344.88742505,5428565.2500021,81457782,,2019,2019/11/23 05:00:00+00,1245,KENNEDY RD,BRIGSTOCK RD,8 m South of,Major Arterial,Scarborough,21,43.761225,-79.279422,Intersection,At Intersection,No Control,Clear,Daylight,Dry,Non-Fatal Injury,Turning Movement,Passenger,25 to 29,None,,,,,,,,,,,,,,,Yes,Yes,,,,Yes,,Yes,,,,126,Dorset Park,126,Dorset Park (126),D41,16598
-8843326.32477289,5414964.38026121,81451329,,2019,2019/10/24 04:00:00+00,1016,DUFFERIN ST,DAVENPORT RD,,Major Arterial,Scarborough,9,43.672919,-79.440952,Intersection,At Intersection,Traffic Signal,Clear,Daylight,Dry,Non-Fatal Injury,Turning Movement,Passenger,50 to 54,Minor,,,,,,,,,,,,,,,Yes,,,,,Yes,,Yes,,,,171,Junction-Wallace Emerson,93,Dovercourt-Wallace Emerson-Junction (93),D13,16599
-8820094.50364179,5426740.95403601,81513126,1000367345,2021,2021/02/26 05:00:00+00,2200,BELLAMY RD N,BRAEBURN BLVD,,Minor Arterial,Scarborough,,43.749388,-79.232257,Intersection,At Intersection,No Control,Clear,"Dark, artificial",Dry,Non-Fatal Injury,Rear End,Passenger,25 to 29,Minimal,,,,,,,,,,,,,,,Yes,,,,,Yes,Yes,Yes,,,,141,Golfdale-Cedarbrae-Woburn,137,Woburn (137),D43,16600
-8820094.50364179,5426740.95403601,81513127,1000367345,2021,2021/02/26 05:00:00+00,2200,BELLAMY RD N,BRAEBURN BLVD,,Minor Arterial,Scarborough,,43.749388,-79.232257,Intersection,At Intersection,No Control,Clear,"Dark, artificial",Dry,Non-Fatal Injury,Rear End,Passenger,35 to 39,Minimal,,,,,,,,,,,,,,,Yes,,,,,Yes,Yes,Yes,,,,141,Golfdale-Cedarbrae-Woburn,137,Woburn (137),D43,16601
-8850203.86555308,5417898.60946975,81418475,74293,2020,2020/01/11 05:00:00+00,1938,WESTON RD,DORA SPENCER RD,,Minor Arterial,Etobicoke York,5,43.691981,-79.502734,Intersection,At Intersection,No Control,Rain,"Dark, artificial",Wet,Non-Fatal Injury,Pedestrian Collisions,Driver,40 to 44,None,,North,"Automobile, Station Wagon",Turning Left,Failed to Yield Right of Way,Normal,,,,,,,Yes,,Yes,,,,,,,Yes,,,,115,Mount Dennis,115,Mount Dennis (115),D12,16602
-8848877.27118129,5409903.78622441,81509607,1331742,2020,2020/07/18 04:00:00+00,218,RIVERWOOD PKWY,HUMBER VALLEY RD,44 m West of,Local,Etobicoke York,,43.640029,-79.490817,Mid-Block,Non Intersection,No Control,Clear,"Dark, artificial",Dry,Non-Fatal Injury,SMV Other,Motorcycle Driver,25 to 29,Major,,West,Motorcycle,Going Ahead,Lost control,Normal,,,,,,,,,,Yes,,,,,,,,,,16,Stonegate-Queensway,16,Stonegate-Queensway (16),D22,16603
-8840636.51191685,5411338.59622618,81423773,823448,2020,2020/05/02 04:00:00+00,459,CRAWFORD ST,DUNDAS ST W,78 m South of,Local,Toronto and East York,10,43.649356,-79.416789,Mid-Block,Non Intersection,No Control,Clear,"Dark, artificial",Dry,Non-Fatal Injury,Pedestrian Collisions,Driver,50 to 54,None,,North,"Automobile, Station Wagon",Going Ahead,Other,Inattentive,,,,,,,Yes,,Yes,,,,,,,,,,,81,Trinity-Bellwoods,81,Trinity-Bellwoods (81),D14,16604
-8852574.30279003,5421814.36847696,81454473,,2019,2019/11/23 05:00:00+00,1714,1841 WILSON AVE,,,Major Arterial,Etobicoke York,7,43.71741,-79.524028,Mid-Block,At/Near Private Drive,No Control,Clear,Dusk,Dry,Non-Fatal Injury,Cyclist Collisions,Driver,unknown,None,,East,Passenger Van,Turning Right,Failed to Yield Right of Way,Unknown,,,,,,,,Yes,Yes,,,,,,,Yes,,,,154,Oakdale-Beverley Heights,26,Downsview-Roding-CFB (26),D31,16605
-8852574.30279003,5421814.36847696,81454474,,2019,2019/11/23 05:00:00+00,1714,1841 WILSON AVE,,,Major Arterial,Etobicoke York,7,43.71741,-79.524028,Mid-Block,At/Near Private Drive,No Control,Clear,Dusk,Dry,Non-Fatal Injury,Cyclist Collisions,Cyclist,30 to 34,Major,,East,Bicycle,Going Ahead,,,,,,"Motorist turns right at non-signal Inter.(stop, yield, no cont.,and dwy) and strikes cyclist.",Driving Properly,Normal,,Yes,Yes,,,,,,,Yes,,,,154,Oakdale-Beverley Heights,26,Downsview-Roding-CFB (26),D31,16606
-8839890.00341159,5428092.07277021,81506509,1630486,2020,2020/08/29 04:00:00+00,1419,YONGE ST,FLORENCE AVE,,Major Arterial,North York,18,43.758155,-79.410083,Intersection,At Intersection,Traffic Signal,Clear,Daylight,Dry,Non-Fatal Injury,Turning Movement,Motorcycle Driver,25 to 29,Major,,South,Motorcycle,Going Ahead,Driving Properly,Normal,,,,,,,,,Yes,Yes,,,,,,Yes,,,,153,Avondale,51,Willowdale East (51),D32,16607
-8843326.32477289,5414964.38026121,81451330,,2019,2019/10/24 04:00:00+00,1016,DUFFERIN ST,DAVENPORT RD,,Major Arterial,Scarborough,9,43.672919,-79.440952,Intersection,At Intersection,Traffic Signal,Clear,Daylight,Dry,Non-Fatal Injury,Turning Movement,Passenger,30 to 34,Minimal,,,,,,,,,,,,,,,Yes,,,,,Yes,,Yes,,,,171,Junction-Wallace Emerson,93,Dovercourt-Wallace Emerson-Junction (93),D13,16608
-8838405.44668237,5411998.77288228,81514743,1000373871,2021,2021/02/27 05:00:00+00,2307,LN N DUNDAS W HURON,HURON ST,70 m West of,Laneway,Toronto and East York,,43.653647,-79.396747,Mid-Block,Laneway,No Control,Clear,"Dark, artificial",Wet,Non-Fatal Injury,SMV Other,Driver,50 to 54,Major,,West,"Automobile, Station Wagon",Going Ahead,Lost control,Medical or Physical Disability,,,,,,,,,Yes,,,,,,Yes,Yes,,,Yes,78,Kensington-Chinatown,78,Kensington-Chinatown (78),D52,16609
-8850203.86555308,5417898.60946975,81418476,74293,2020,2020/01/11 05:00:00+00,1938,WESTON RD,DORA SPENCER RD,,Minor Arterial,Etobicoke York,5,43.691981,-79.502734,Intersection,At Intersection,No Control,Rain,"Dark, artificial",Wet,Non-Fatal Injury,Pedestrian Collisions,Pedestrian,70 to 74,Major,,South,,,,,Vehicle turns left while ped crosses without ROW at inter.,Crossing without right of way,Had Been Drinking,,,,Yes,,Yes,,,,,,,Yes,,,,115,Mount Dennis,115,Mount Dennis (115),D12,16610
-8812658.91825425,5430378.19049369,81269664,1343123,2020,2020/07/19 04:00:00+00,1802,LAWRENCE AVE E,MCMILLAN AVE,,Minor Arterial,Scarborough,25,43.772986,-79.165462,Intersection,Intersection Related,No Control,Clear,Daylight,Dry,Fatal,Approaching,Passenger,20 to 24,Minor,,,,,,,,,,,,,,,Yes,,,,,Yes,,,,,,136,West Hill,136,West Hill (136),D43,16611
-8840636.51191685,5411338.59622618,81423774,823448,2020,2020/05/02 04:00:00+00,459,CRAWFORD ST,DUNDAS ST W,78 m South of,Local,Toronto and East York,10,43.649356,-79.416789,Mid-Block,Non Intersection,No Control,Clear,"Dark, artificial",Dry,Non-Fatal Injury,Pedestrian Collisions,Pedestrian,35 to 39,Major,,Unknown,,,,,Pedestrian hit at mid-block,"Crossing, no Traffic Control",Other,,,,Yes,,Yes,,,,,,,,,,,81,Trinity-Bellwoods,81,Trinity-Bellwoods (81),D14,16612
-8819560.28140547,5423651.70902731,81471712,,2019,2019/11/24 05:00:00+00,257,3207 KINGSTON RD,,200 m East of,Major Arterial,Scarborough,20,43.729338,-79.227458,Mid-Block,Non Intersection,No Control,Clear,"Dark, artificial",Dry,Property Damage Only,Rear End,Driver,35 to 39,None,,East,"Automobile, Station Wagon",Going Ahead,Speed too Fast For Condition,Unknown,,,,,,,,,Yes,,,,,,Yes,Yes,,,,123,Cliffcrest,123,Cliffcrest (123),D43,16613
-8820836.78200639,5421411.30538175,81577636,1636966,2020,2020/08/30 04:00:00+00,1340,BRIMLEY RD,BARKDENE HILLS,50 m South of,Collector,Etobicoke York,,43.714793,-79.238925,Mid-Block,Non Intersection,No Control,Clear,Daylight,Dry,Non-Fatal Injury,Cyclist Collisions,Driver,unknown,None,,North,"Automobile, Station Wagon",Going Ahead,Improper Passing,Unknown,,,,,,,,Yes,Yes,,,,,,,Yes,,,,123,Cliffcrest,123,Cliffcrest (123),D41,16614
-8834513.04936729,5420064.24437742,81510172,,2019,2019/10/24 04:00:00+00,2120,LAIRD DR,LEA AVE,7 m North of,Major Arterial,North York,15,43.706046,-79.361781,Intersection,At Intersection,No Control,Clear,"Dark, artificial",Dry,Non-Fatal Injury,SMV Other,Driver,20 to 24,Major,,South,"Automobile, Station Wagon",Changing Lanes,Lost control,Had Been Drinking,,,,,,,,,Yes,,,,,Yes,,,,,,55,Thorncliffe Park,55,Thorncliffe Park (55),D53,16615
-8812658.91825425,5430378.19049369,81431719,1343123,2020,2020/07/19 04:00:00+00,1802,LAWRENCE AVE E,MCMILLAN AVE,,Minor Arterial,Scarborough,25,43.772986,-79.165462,Intersection,Intersection Related,No Control,Clear,Daylight,Dry,Fatal,Approaching,Driver,20 to 24,Minor,,West,"Automobile, Station Wagon",Going Ahead,Lost control,Unknown,,,,,,,,,Yes,,,,,Yes,,,,,,136,West Hill,136,West Hill (136),D43,16616
-8843200.53374829,5409880.86676156,81514113,1000403643,2021,2021/03/04 05:00:00+00,1143,QUEEN ST W,DOWLING AVE,24 m West of,Major Arterial,Toronto and East York,,43.63988,-79.439822,Intersection,Intersection Related,No Control,Clear,Daylight,Dry,Non-Fatal Injury,Pedestrian Collisions,Driver,25 to 29,None,,East,Ambulance,Going Ahead,Driving Properly,Normal,,,,,,,Yes,,,,,,Yes,Yes,,,,,,85,South Parkdale,85,South Parkdale (85),D14,16617
-8834513.04936729,5420064.24437742,81510173,,2019,2019/10/24 04:00:00+00,2120,LAIRD DR,LEA AVE,7 m North of,Major Arterial,North York,15,43.706046,-79.361781,Intersection,At Intersection,No Control,Clear,"Dark, artificial",Dry,Non-Fatal Injury,SMV Other,Passenger,55 to 59,Minimal,,,,,,,,,,,,,,,Yes,,,,,Yes,,,,,,55,Thorncliffe Park,55,Thorncliffe Park (55),D53,16618
-8812658.91825425,5430378.19049369,81431720,1343123,2020,2020/07/19 04:00:00+00,1802,LAWRENCE AVE E,MCMILLAN AVE,,Minor Arterial,Scarborough,25,43.772986,-79.165462,Intersection,Intersection Related,No Control,Clear,Daylight,Dry,Fatal,Approaching,Driver,25 to 29,Minor,,East,"Automobile, Station Wagon",Going Ahead,Driving Properly,Normal,,,,,,,,,Yes,,,,,Yes,,,,,,136,West Hill,136,West Hill (136),D43,16619
-8843062.94285767,5415890.32736652,81423697,75272,2020,2020/01/11 05:00:00+00,2257,ST CLAIR AVE W,GLENHOLME AVE,,Major Arterial,Etobicoke York,9,43.678935,-79.438586,Intersection,At Intersection,Traffic Signal,Rain,"Dark, artificial",Wet,Non-Fatal Injury,Pedestrian Collisions,Driver,20 to 24,None,,West,"Automobile, Station Wagon",Going Ahead,Driving Properly,Normal,,,,,,,Yes,,Yes,,,,,Yes,,,,,,92,Corso Italia-Davenport,92,Corso Italia-Davenport (92),D13,16620
-8836088.55412049,5410112.67898214,81486442,825994,2020,2020/05/02 04:00:00+00,1538,12 QUEENS QUAY W,,,Minor Arterial,Toronto and East York,10,43.641387,-79.375934,Mid-Block,At/Near Private Drive,Stop Sign,Rain,Daylight,Wet,Non-Fatal Injury,Cyclist Collisions,Driver,30 to 34,None,,North,"Automobile, Station Wagon",Turning Right,Failed to Yield Right of Way,Inattentive,,,,,,,,Yes,Yes,,,,,Yes,,Yes,,,,166,St Lawrence-East Bayfront-The Islands,77,Waterfront Communities-The Island (77),D52,16621
-8819560.28140547,5423651.70902731,81471713,,2019,2019/11/24 05:00:00+00,257,3207 KINGSTON RD,,200 m East of,Major Arterial,Scarborough,20,43.729338,-79.227458,Mid-Block,Non Intersection,No Control,Clear,"Dark, artificial",Dry,Property Damage Only,Rear End,Driver,45 to 49,Major,,East,"Automobile, Station Wagon",Going Ahead,Driving Properly,Normal,,,,,,,,,Yes,,,,,,Yes,Yes,,,,123,Cliffcrest,123,Cliffcrest (123),D43,16622
-8820836.78200639,5421411.30538175,81577637,1636966,2020,2020/08/30 04:00:00+00,1340,BRIMLEY RD,BARKDENE HILLS,50 m South of,Collector,Etobicoke York,,43.714793,-79.238925,Mid-Block,Non Intersection,No Control,Clear,Daylight,Dry,Non-Fatal Injury,Cyclist Collisions,Cyclist,25 to 29,Major,,North,Bicycle,Going Ahead,,,,,,Cyclist and Driver travelling in same direction. One vehicle rear-ended the other.,Driving Properly,Normal,,Yes,Yes,,,,,,,Yes,,,,123,Cliffcrest,123,Cliffcrest (123),D41,16623
-8843062.94285767,5415890.32736652,81423698,75272,2020,2020/01/11 05:00:00+00,2257,ST CLAIR AVE W,GLENHOLME AVE,,Major Arterial,Etobicoke York,9,43.678935,-79.438586,Intersection,At Intersection,Traffic Signal,Rain,"Dark, artificial",Wet,Non-Fatal Injury,Pedestrian Collisions,Passenger,15 to 19,None,,,,,,,,,,,,,Yes,,Yes,,,,,Yes,,,,,,92,Corso Italia-Davenport,92,Corso Italia-Davenport (92),D13,16624
-8839867.07159649,5432784.38247837,81452948,,2019,2019/10/25 04:00:00+00,2028,CUMMER AVE,WILLOWDALE AVE,,Minor Arterial,North York,18,43.788592,-79.409877,Intersection,At Intersection,Traffic Signal,Clear,"Dark, artificial",Dry,Non-Fatal Injury,Cyclist Collisions,Driver,60 to 64,None,,West,"Automobile, Station Wagon",Turning Left,Failed to Yield Right of Way,Unknown,,,,,,,,Yes,Yes,,,,,,,Yes,,,,50,Newtonbrook East,50,Newtonbrook East (50),D32,16625
-8843062.94285767,5415890.32736652,81423699,75272,2020,2020/01/11 05:00:00+00,2257,ST CLAIR AVE W,GLENHOLME AVE,,Major Arterial,Etobicoke York,9,43.678935,-79.438586,Intersection,At Intersection,Traffic Signal,Rain,"Dark, artificial",Wet,Non-Fatal Injury,Pedestrian Collisions,Passenger,15 to 19,None,,,,,,,,,,,,,Yes,,Yes,,,,,Yes,,,,,,92,Corso Italia-Davenport,92,Corso Italia-Davenport (92),D13,16626
-8832180.01547925,5423381.50706579,81335256,,2019,2019/11/25 05:00:00+00,1210,DON MILLS RD,GREEN BELT DR,,Major Arterial,North York,16,43.727584,-79.340823,Intersection,At Intersection,Traffic Signal,Clear,Daylight,Dry,Fatal,Turning Movement,Passenger,15 to 19,Minor,,,,,,,,,,,,,,,Yes,,,,,Yes,,Yes,,,,42,Banbury-Don Mills,42,Banbury-Don Mills (42),D33,16627
-8843200.53374829,5409880.86676156,81514114,1000403643,2021,2021/03/04 05:00:00+00,1143,QUEEN ST W,DOWLING AVE,24 m West of,Major Arterial,Toronto and East York,,43.63988,-79.439822,Intersection,Intersection Related,No Control,Clear,Daylight,Dry,Non-Fatal Injury,Pedestrian Collisions,Passenger,20 to 24,None,,,,,,,,,,,,,Yes,,,,,,Yes,Yes,,,,,,85,South Parkdale,85,South Parkdale (85),D14,16628
-8820068.23224196,5425323.16258762,81505452,1650701,2020,2020/09/01 04:00:00+00,1205,EGLINTON AVE E,BELLAMY RD N,,Major Arterial,Scarborough,2120,43.740187,-79.232021,Intersection,At Intersection,Traffic Signal,Clear,Daylight,Dry,Non-Fatal Injury,Turning Movement,Driver,65 to 69,None,,East,"Automobile, Station Wagon",Turning Left,Failed to Yield Right of Way,Inattentive,,,,,,,,,Yes,,,,,Yes,,Yes,,,,138,Eglinton East,138,Eglinton East (138),D43,16629
-8836088.55412049,5410112.67898214,81486443,825994,2020,2020/05/02 04:00:00+00,1538,12 QUEENS QUAY W,,,Minor Arterial,Toronto and East York,10,43.641387,-79.375934,Mid-Block,At/Near Private Drive,Stop Sign,Rain,Daylight,Wet,Non-Fatal Injury,Cyclist Collisions,Cyclist,30 to 34,Major,,East,Bicycle,Going Ahead,,,,,,"Motorist turns right at non-signal Inter.(stop, yield, no cont.,and dwy) and strikes cyclist.",Driving Properly,Normal,,Yes,Yes,,,,,Yes,,Yes,,,,166,St Lawrence-East Bayfront-The Islands,77,Waterfront Communities-The Island (77),D52,16630
-8812658.91825425,5430378.19049369,81431721,1343123,2020,2020/07/19 04:00:00+00,1802,LAWRENCE AVE E,MCMILLAN AVE,,Minor Arterial,Scarborough,25,43.772986,-79.165462,Intersection,Intersection Related,No Control,Clear,Daylight,Dry,Fatal,Approaching,Passenger,20 to 24,Fatal,15,,,,,,,,,,,,,,Yes,,,,,Yes,,,,,,136,West Hill,136,West Hill (136),D43,16631
-8839867.07159649,5432784.38247837,81452949,,2019,2019/10/25 04:00:00+00,2028,CUMMER AVE,WILLOWDALE AVE,,Minor Arterial,North York,18,43.788592,-79.409877,Intersection,At Intersection,Traffic Signal,Clear,"Dark, artificial",Dry,Non-Fatal Injury,Cyclist Collisions,Cyclist,20 to 24,Major,,East,Bicycle,Going Ahead,,,,,,,Driving Properly,Normal,,Yes,Yes,,,,,,,Yes,,,,50,Newtonbrook East,50,Newtonbrook East (50),D32,16632
-8825960.59552863,5422438.32699953,81450949,,2019,2019/10/26 04:00:00+00,1145,COMSTOCK RD,WARDEN AVE,25 m East of,Major Arterial,Scarborough,20,43.721461,-79.284953,Intersection,At Intersection,Traffic Signal,Clear,Daylight,Dry,Non-Fatal Injury,Rear End,Driver,70 to 74,Major,,West,"Automobile, Station Wagon",Going Ahead,Lost control,Medical or Physical Disability,,,,,,,,,Yes,,,,,,,,,,Yes,120,Clairlea-Birchmount,120,Clairlea-Birchmount (120),D41,16633
-8843062.94285767,5415890.32736652,81423700,75272,2020,2020/01/11 05:00:00+00,2257,ST CLAIR AVE W,GLENHOLME AVE,,Major Arterial,Etobicoke York,9,43.678935,-79.438586,Intersection,At Intersection,Traffic Signal,Rain,"Dark, artificial",Wet,Non-Fatal Injury,Pedestrian Collisions,Passenger,10 to 14,None,,,,,,,,,,,,,Yes,,Yes,,,,,Yes,,,,,,92,Corso Italia-Davenport,92,Corso Italia-Davenport (92),D13,16634
-8843200.53374829,5409880.86676156,81514115,1000403643,2021,2021/03/04 05:00:00+00,1143,QUEEN ST W,DOWLING AVE,24 m West of,Major Arterial,Toronto and East York,,43.63988,-79.439822,Intersection,Intersection Related,No Control,Clear,Daylight,Dry,Non-Fatal Injury,Pedestrian Collisions,Passenger,65 to 69,None,,,,,,,,,,,,,Yes,,,,,,Yes,Yes,,,,,,85,South Parkdale,85,South Parkdale (85),D14,16635
-8836088.55412049,5410112.67898214,81486444,825994,2020,2020/05/02 04:00:00+00,1538,12 QUEENS QUAY W,,,Minor Arterial,Toronto and East York,10,43.641387,-79.375934,Mid-Block,At/Near Private Drive,Stop Sign,Rain,Daylight,Wet,Non-Fatal Injury,Cyclist Collisions,Passenger,25 to 29,None,,,,,,,,,,,,,,Yes,Yes,,,,,Yes,,Yes,,,,166,St Lawrence-East Bayfront-The Islands,77,Waterfront Communities-The Island (77),D52,16636
-8820068.23224196,5425323.16258762,81505453,1650701,2020,2020/09/01 04:00:00+00,1205,EGLINTON AVE E,BELLAMY RD N,,Major Arterial,Scarborough,2120,43.740187,-79.232021,Intersection,At Intersection,Traffic Signal,Clear,Daylight,Dry,Non-Fatal Injury,Turning Movement,Driver,30 to 34,Minor,,West,"Automobile, Station Wagon",Going Ahead,Driving Properly,Normal,,,,,,,,,Yes,,,,,Yes,,Yes,,,,138,Eglinton East,138,Eglinton East (138),D43,16637
-8840408.97487767,5410330.34472122,81511603,1345150,2020,2020/07/20 04:00:00+00,120,911A ADELAIDE ST W,,4 m North of,Collector,Toronto and East York,,43.642802,-79.414745,Mid-Block,Non Intersection,No Control,Clear,Dark,Dry,Non-Fatal Injury,Pedestrian Collisions,Driver,50 to 54,None,,East,"Automobile, Station Wagon",Going Ahead,Improper Passing,Had Been Drinking,,,,,,,Yes,,Yes,,,,,,,Yes,,,,162,West Queen West,82,Niagara (82),D14,16638
-8832180.01547925,5423381.50706579,81337494,,2019,2019/11/25 05:00:00+00,1210,DON MILLS RD,GREEN BELT DR,,Major Arterial,North York,16,43.727584,-79.340823,Intersection,At Intersection,Traffic Signal,Clear,Daylight,Dry,Fatal,Turning Movement,Driver,15 to 19,Minor,,North,"Automobile, Station Wagon",Going Ahead,Driving Properly,Normal,,,,,,,,,Yes,,,,,Yes,,Yes,,,,42,Banbury-Don Mills,42,Banbury-Don Mills (42),D33,16639
-8820068.23224196,5425323.16258762,81505454,1650701,2020,2020/09/01 04:00:00+00,1205,EGLINTON AVE E,BELLAMY RD N,,Major Arterial,Scarborough,2120,43.740187,-79.232021,Intersection,At Intersection,Traffic Signal,Clear,Daylight,Dry,Non-Fatal Injury,Turning Movement,Passenger,10 to 14,Major,,,,,,,,,,,,,,,Yes,,,,,Yes,,Yes,,,,138,Eglinton East,138,Eglinton East (138),D43,16640
-8825960.59552863,5422438.32699953,81450950,,2019,2019/10/26 04:00:00+00,1145,COMSTOCK RD,WARDEN AVE,25 m East of,Major Arterial,Scarborough,20,43.721461,-79.284953,Intersection,At Intersection,Traffic Signal,Clear,Daylight,Dry,Non-Fatal Injury,Rear End,Driver,50 to 54,None,,West,"Automobile, Station Wagon",Stopped,Driving Properly,Normal,,,,,,,,,Yes,,,,,,,,,,Yes,120,Clairlea-Birchmount,120,Clairlea-Birchmount (120),D41,16641
-8843062.94285767,5415890.32736652,81423701,75272,2020,2020/01/11 05:00:00+00,2257,ST CLAIR AVE W,GLENHOLME AVE,,Major Arterial,Etobicoke York,9,43.678935,-79.438586,Intersection,At Intersection,Traffic Signal,Rain,"Dark, artificial",Wet,Non-Fatal Injury,Pedestrian Collisions,Pedestrian,55 to 59,Major,,North,,,,,Vehicle is going straight thru inter.while ped cross without ROW,Crossing without right of way,Normal,,,,Yes,,Yes,,,,,Yes,,,,,,92,Corso Italia-Davenport,92,Corso Italia-Davenport (92),D13,16642
-8844605.27440261,5412408.50306726,81507253,826306,2020,2020/05/02 04:00:00+00,1632,DUNDAS ST W,BLOOR ST W,,Major Arterial,Etobicoke York,4,43.65631,-79.452441,Intersection,At Intersection,Traffic Signal,Clear,Daylight,Dry,Non-Fatal Injury,Angle,Driver,50 to 54,Major,,South,"Automobile, Station Wagon",Going Ahead,Disobeyed Traffic Control,"Ability Impaired, Drugs",,,,,,,,,Yes,,,,,Yes,Yes,Yes,Yes,,,86,Roncesvalles,86,Roncesvalles (86),D11,16643
-8843200.53374829,5409880.86676156,81514116,1000403643,2021,2021/03/04 05:00:00+00,1143,QUEEN ST W,DOWLING AVE,24 m West of,Major Arterial,Toronto and East York,,43.63988,-79.439822,Intersection,Intersection Related,No Control,Clear,Daylight,Dry,Non-Fatal Injury,Pedestrian Collisions,Pedestrian,60 to 64,Major,,North,,,,,Pedestrian hit at mid-block,"Crossing, no Traffic Control",Normal,,,,Yes,,,,,,Yes,Yes,,,,,,85,South Parkdale,85,South Parkdale (85),D14,16644
-8840408.97487767,5410330.34472122,81511604,1345150,2020,2020/07/20 04:00:00+00,120,911A ADELAIDE ST W,,4 m North of,Collector,Toronto and East York,,43.642802,-79.414745,Mid-Block,Non Intersection,No Control,Clear,Dark,Dry,Non-Fatal Injury,Pedestrian Collisions,Pedestrian,25 to 29,Major,,Unknown,,,,,Pedestrian hit at mid-block,Crossing with right of way,Had Been Drinking,,,,Yes,,Yes,,,,,,,Yes,,,,162,West Queen West,82,Niagara (82),D14,16645
-8827925.94113858,5420303.24211347,81577147,1000453193,2021,2021/03/11 05:00:00+00,1440,PLAXTON  DR,ST CLAIR  AVE E,,Major Arterial,Toronto and East York,19,43.707598,-79.302608,Intersection,At Intersection,Traffic Signal,Clear,Daylight,Dry,Non-Fatal Injury,Pedestrian Collisions,Driver,60 to 64,None,,North,Pick Up Truck,Turning Left,Failed to Yield Right of Way,Inattentive,,,,,,,Yes,,Yes,,,,,,,Yes,,,,54,O'Connor-Parkview,54,O'Connor-Parkview (54),D55,16646
-8832180.01547925,5423381.50706579,81337495,,2019,2019/11/25 05:00:00+00,1210,DON MILLS RD,GREEN BELT DR,,Major Arterial,North York,16,43.727584,-79.340823,Intersection,At Intersection,Traffic Signal,Clear,Daylight,Dry,Fatal,Turning Movement,Passenger,15 to 19,Fatal,52,,,,,,,,,,,,,,Yes,,,,,Yes,,Yes,,,,42,Banbury-Don Mills,42,Banbury-Don Mills (42),D33,16647
-8842533.06208149,5413003.05187764,81509748,1650875,2020,2020/09/01 04:00:00+00,1238,BLOOR ST W,GLADSTONE AVE,9 m South of,Major Arterial,Toronto and East York,,43.660174,-79.433826,Intersection,At Intersection,No Control,Clear,Daylight,Dry,Non-Fatal Injury,Cyclist Collisions,Driver,50 to 54,None,,East,"Automobile, Station Wagon",Slowing or Stopping,Improper Lane Change,Normal,,,,,,,,Yes,Yes,,,,,,,,,,,83,Dufferin Grove,83,Dufferin Grove (83),D14,16648