X,Y,INDEX_,ACCNUM,YEAR,DATE,TIME,STREET1,STREET2,OFFSET,ROAD_CLASS,DISTRICT,WARDNUM,LATITUDE,LONGITUDE,LOCCOORD,ACCLOC,TRAFFCTL,VISIBILITY,LIGHT,RDSFCOND,ACCLASS,IMPACTYPE,INVTYPE,INVAGE,INJURY,FATAL_NO,INITDIR,VEHTYPE,MANOEUVER,DRIVACT,DRIVCOND,PEDTYPE,PEDACT,PEDCOND,CYCLISTYPE,CYCACT,CYCCOND,PEDESTRIAN,CYCLIST,AUTOMOBILE,MOTORCYCLE,TRUCK,TRSN_CITY_VEH,EMERG_VEH,PASSENGER,SPEEDING,AG_DRIV,REDLIGHT,ALCOHOL,DISABILITY,HOOD_158,NEIGHBOURHOOD_158,HOOD_140,NEIGHBOURHOOD_140,DIVISION,ObjectId
-8841172.40394553,5425263.22598285,81513618,1675722,2020,2020/09/04 04:00:00+00,2030,WILSON  AVE,AVENUE  RD,,Major Arterial,North York,8,43.739798,-79.421603,Intersection,Intersection Related,Traffic Signal,Clear,Daylight,Dry,Non-Fatal Injury,Pedestrian Collisions,Pedestrian,80 to 84,Major,,North,,,,,Vehicle is going straight thru inter.while ped cross with ROW,Crossing with right of way,Normal,,,,Yes,,Yes,,Yes,,,,,,,,,39,Bedford Park-Nortown,39,Bedford Park-Nortown (39),D32,16755
-8837456.78198183,5429530.17523106,81421128,117822,2020,2020/01/17 05:00:00+00,1915,MALLINGHAM CRT,BAYVIEW AVE,10 m North of,Major Arterial,North York,1817,43.767485,-79.388225,Intersection,At Intersection,Stop Sign,Clear,Daylight,Dry,Non-Fatal Injury,Rear End,Passenger,25 to 29,None,,,"Automobile, Station Wagon",,,,,,,,,,,,Yes,,,,,Yes,,Yes,,,,52,Bayview Village,52,Bayview Village (52),D33,16756
-8844904.27855488,5427130.84251241,81431665,1393549,2020,2020/07/26 04:00:00+00,2119,881 SHEPPARD AVE W,,,Major Arterial,North York,6,43.751918,-79.455127,Mid-Block,Non Intersection,No Control,Clear,"Dark, artificial",Dry,Fatal,Pedestrian Collisions,Pedestrian,25 to 29,Fatal,16,South,,,,,Pedestrian hit at mid-block,"Crossing, no Traffic Control",Unknown,,,,Yes,,Yes,,,,,,Yes,Yes,,,,33,Clanton Park,33,Clanton Park (33),D32,16757
-8835738.67696093,5411842.60938153,81461504,,2019,2019/10/30 04:00:00+00,304,RICHMOND ST E,JARVIS ST,,Major Arterial,Toronto and East York,13,43.652632,-79.372791,Intersection,At Intersection,Traffic Signal,Clear,"Dark, artificial",Dry,Non-Fatal Injury,Pedestrian Collisions,Pedestrian,60 to 64,Major,,Unknown,,,,,Unknown,Walking on Roadway with Traffic,Inattentive,,,,Yes,,Yes,,,,,,,Yes,,,,73,Moss Park,73,Moss Park (73),D51,16758
-8826776.79003512,5426203.15073345,81452845,,2019,2019/12/01 05:00:00+00,2010,LAWRENCE AVE E,AINSDALE RD,5 m East of,Major Arterial,Scarborough,21,43.745898,-79.292285,Intersection,At Intersection,No Control,Snow,"Dark, artificial",Loose Snow,Non-Fatal Injury,Rear End,Passenger,35 to 39,None,,,,,,,,,,,,,,,Yes,,,,,Yes,Yes,Yes,,,,119,Wexford/Maryvale,119,Wexford/Maryvale (119),D41,16759
-8836396.7977905,5419951.98533447,81514683,1000501047,2021,2021/03/18 04:00:00+00,1515,204 CLEVELAND ST,,2 m South of,Collector,Toronto and East York,,43.705317,-79.378703,Mid-Block,Non Intersection,No Control,Clear,Daylight,Dry,Non-Fatal Injury,Pedestrian Collisions,Pedestrian,5 to 9,Major,,West,,,,,Pedestrian hit at mid-block,Running onto Roadway,Normal,,,,Yes,,Yes,,,,,,,,,,,99,Mount Pleasant East,99,Mount Pleasant East (99),D53,16760
-8813299.22796529,5430171.15103057,81427269,888584,2020,2020/05/13 04:00:00+00,945,LAWRENCE AVE E,FERN MEADOW RD,,Minor Arterial,Scarborough,25,43.771643,-79.171214,Mid-Block,Non Intersection,No Control,Clear,Daylight,Dry,Fatal,Pedestrian Collisions,Other,unknown,Minor,,South,"Automobile, Station Wagon",Parked,,,,,,,,,Yes,,Yes,,,,,,,,,,,136,West Hill,136,West Hill (136),D43,16761
-8855436.43821782,5407251.81242815,81509117,118659,2020,2020/01/17 05:00:00+00,2140,THE EAST MALL,CORONET RD,,Minor Arterial,Etobicoke York,,43.622786,-79.549739,Intersection,At Intersection,No Control,Clear,"Dark, artificial",Dry,Non-Fatal Injury,Sideswipe,Driver,30 to 34,Major,,South,"Automobile, Station Wagon",Changing Lanes,Improper Lane Change,"Ability Impaired, Alcohol Over .08",,,,,,,,,Yes,,,,,,,,,Yes,,159,Etobicoke City Centre,14,Islington-City Centre West (14),D22,16762
-8849253.53106017,5406054.11345297,81431840,1402441,2020,2020/07/28 04:00:00+00,700,STANLEY AVE,STATION RD,,Local,Etobicoke York,3,43.614997,-79.494197,Intersection,Intersection Related,Stop Sign,Clear,Daylight,Dry,Fatal,Pedestrian Collisions,Pedestrian,80 to 84,Fatal,17,East,,,,,Pedestrian hit at mid-block,Walking on Roadway with Traffic,Normal,,,,Yes,,Yes,,,,,,,,,,,160,Mimico-Queensway,17,Mimico (includes Humber Bay Shores) (17),D22,16763
-8824511.77235596,5437300.27056738,81448814,,2019,2019/10/30 04:00:00+00,2006,MCNICOLL AVE,MCCOWAN RD,,Major Arterial,Scarborough,23,43.81787,-79.271938,Intersection,At Intersection,Traffic Signal,Rain,"Dark, artificial",Wet,Non-Fatal Injury,Pedestrian Collisions,Driver,35 to 39,None,,West,"Automobile, Station Wagon",Going Ahead,Driving Properly,Normal,,,,,,,Yes,,Yes,,,,,Yes,,,,,,130,Milliken,130,Milliken (130),D42,16764
-8821294.52775254,5436533.37913658,81338695,,2019,2019/12/03 05:00:00+00,1030,MARKHAM  RD,FINCH  AVE E,1 m North of,Major Arterial,Scarborough,23,43.812899,-79.243037,Intersection,Intersection Related,Traffic Signal,Clear,Daylight,Wet,Non-Fatal Injury,Pedestrian Collisions,Driver,55 to 59,None,,East,"Automobile, Station Wagon",Turning Left,Failed to Yield Right of Way,Normal,,,,,,,Yes,,Yes,,,,,,,Yes,,,,145,Malvern West,132,Malvern (132),D42,16765
-8863016.40498491,5424519.21247828,81514999,1000505074,2021,2021/03/19 04:00:00+00,722,FINCH AVE W,HUMBERLINE DR,13 m East of,Major Arterial,Etobicoke York,1,43.734969,-79.617831,Intersection,Intersection Related,No Control,Clear,Daylight,Dry,Non-Fatal Injury,Pedestrian Collisions,Driver,50 to 54,None,,East,"Automobile, Station Wagon",Going Ahead,Driving Properly,Normal,,,,,,,Yes,,Yes,,,,,,,,,,,1,West Humber-Clairville,1,West Humber-Clairville (1),D23,16766
-8813299.22796529,5430171.15103057,81427270,888584,2020,2020/05/13 04:00:00+00,945,LAWRENCE AVE E,FERN MEADOW RD,,Minor Arterial,Scarborough,25,43.771643,-79.171214,Mid-Block,Non Intersection,No Control,Clear,Daylight,Dry,Fatal,Pedestrian Collisions,Other,unknown,Minor,,South,"Automobile, Station Wagon",Parked,,,,,,,,,Yes,,Yes,,,,,,,,,,,136,West Hill,136,West Hill (136),D43,16767
-8863016.40498491,5424519.21247828,81515000,1000505074,2021,2021/03/19 04:00:00+00,722,FINCH AVE W,HUMBERLINE DR,13 m East of,Major Arterial,Etobicoke York,1,43.734969,-79.617831,Intersection,Intersection Related,No Control,Clear,Daylight,Dry,Non-Fatal Injury,Pedestrian Collisions,Pedestrian,15 to 19,Major,,North,,,,,Pedestrian hit at mid-block,"Crossing, no Traffic Control",Inattentive,,,,Yes,,Yes,,,,,,,,,,,1,West Humber-Clairville,1,West Humber-Clairville (1),D23,16768
-8838110.67267075,5414306.76177378,81504587,1676151,2020,2020/09/04 04:00:00+00,2146,AVENUE RD,BLOOR ST W,,Major Arterial,Toronto and East York,11,43.668646,-79.394099,Intersection,At Intersection,Traffic Signal,Clear,Dark,Dry,Non-Fatal Injury,Turning Movement,Driver,25 to 29,Major,,South,"Automobile, Station Wagon",Turning Left,Improper Turn,Normal,,,,,,,,,Yes,Yes,,,,,Yes,Yes,,,,169,Bay-Cloverhill,76,Bay Street Corridor (76),D52,16769
-8855436.43821782,5407251.81242815,81509118,118659,2020,2020/01/17 05:00:00+00,2140,THE EAST MALL,CORONET RD,,Minor Arterial,Etobicoke York,,43.622786,-79.549739,Intersection,At Intersection,No Control,Clear,"Dark, artificial",Dry,Non-Fatal Injury,Sideswipe,Driver,40 to 44,Minor,,South,"Automobile, Station Wagon",Going Ahead,Driving Properly,Normal,,,,,,,,,Yes,,,,,,,,,Yes,,159,Etobicoke City Centre,14,Islington-City Centre West (14),D22,16770
-8849253.53106017,5406054.11345297,81431841,1402441,2020,2020/07/28 04:00:00+00,700,STANLEY AVE,STATION RD,,Local,Etobicoke York,3,43.614997,-79.494197,Intersection,Intersection Related,Stop Sign,Clear,Daylight,Dry,Fatal,Pedestrian Collisions,Driver,65 to 69,Minimal,,East,"Automobile, Station Wagon",Going Ahead,Driving Properly,Inattentive,,,,,,,Yes,,Yes,,,,,,,,,,,160,Mimico-Queensway,17,Mimico (includes Humber Bay Shores) (17),D22,16771
-8824511.77235596,5437300.27056738,81448815,,2019,2019/10/30 04:00:00+00,2006,MCNICOLL AVE,MCCOWAN RD,,Major Arterial,Scarborough,23,43.81787,-79.271938,Intersection,At Intersection,Traffic Signal,Rain,"Dark, artificial",Wet,Non-Fatal Injury,Pedestrian Collisions,Pedestrian,75 to 79,Major,,North,,,,,Vehicle is going straight thru inter.while ped cross without ROW,Crossing without right of way,Normal,,,,Yes,,Yes,,,,,Yes,,,,,,130,Milliken,130,Milliken (130),D42,16772
-8827067.2225866,5437726.86323863,81510275,1411275,2020,2020/07/28 04:00:00+00,845,MIDLAND  AVE,COPTHORNE  AVE,,Major Arterial,Scarborough,2223,43.820635,-79.294894,Intersection,At Intersection,Traffic Signal,Clear,Daylight,Dry,Non-Fatal Injury,Pedestrian Collisions,Driver,55 to 59,None,,West,"Automobile, Station Wagon",Turning Right,Failed to Yield Right of Way,Inattentive,,,,,,,Yes,,Yes,,,,,,,Yes,,,,130,Milliken,130,Milliken (130),D42,16773
-8818232.90779725,5425891.57817989,81509683,895313,2020,2020/05/14 04:00:00+00,1149,EGLINTON AVE E,CEDAR DR,,Major Arterial,Scarborough,24,43.743876,-79.215534,Intersection,Intersection Related,Traffic Signal,Clear,Daylight,Dry,Non-Fatal Injury,Pedestrian Collisions,Pedestrian,10 to 14,Major,,Unknown,,,,,Pedestrian hit on sidewalk or shoulder,On Sidewalk or Shoulder,Normal,,,,Yes,,,,,,,,,,,,,139,Scarborough Village,139,Scarborough Village (139),D43,16774
-8833172.98533712,5421141.63103776,81514835,1000520942,2021,2021/03/21 04:00:00+00,1430,WICKSTEED AV,210,284 m North of,,,,43.713042,-79.349743,,Overpass or Bridge,No Control,Clear,Daylight,Dry,Non-Fatal Injury,Pedestrian Collisions,Driver,50 to 54,None,,South,Railway Train,Going Ahead,Driving Properly,Normal,,,,,,,Yes,,,,,,,Yes,,,,,,55,Thorncliffe Park,55,Thorncliffe Park (55),D53,16775
-8838110.67267075,5414306.76177378,81504588,1676151,2020,2020/09/04 04:00:00+00,2146,AVENUE RD,BLOOR ST W,,Major Arterial,Toronto and East York,11,43.668646,-79.394099,Intersection,At Intersection,Traffic Signal,Clear,Dark,Dry,Non-Fatal Injury,Turning Movement,Motorcycle Driver,30 to 34,None,,North,Motorcycle,Going Ahead,Driving Properly,Normal,,,,,,,,,Yes,Yes,,,,,Yes,Yes,,,,169,Bay-Cloverhill,76,Bay Street Corridor (76),D52,16776
-8862615.54349856,5426130.26461843,81484298,121282,2020,2020/01/18 05:00:00+00,955,ALBION RD,CARRIER DR,23 m West of,Major Arterial,Etobicoke York,1,43.745425,-79.61423,Intersection,At Intersection,Traffic Signal,Snow,Daylight,Wet,Non-Fatal Injury,SMV Other,Driver,60 to 64,Major,,East,"Automobile, Station Wagon",Going Ahead,Lost control,Medical or Physical Disability,,,,,,,,,Yes,,,,,,,,,,Yes,1,West Humber-Clairville,1,West Humber-Clairville (1),D23,16777
-8821294.52775254,5436533.37913658,81338696,,2019,2019/12/03 05:00:00+00,1030,MARKHAM  RD,FINCH  AVE E,1 m North of,Major Arterial,Scarborough,23,43.812899,-79.243037,Intersection,Intersection Related,Traffic Signal,Clear,Daylight,Wet,Non-Fatal Injury,Pedestrian Collisions,Pedestrian,70 to 74,Major,,West,,,,,Vehicle turns left while ped crosses with ROW at inter.,Crossing with right of way,Normal,,,,Yes,,Yes,,,,,,,Yes,,,,145,Malvern West,132,Malvern (132),D42,16778
-8824511.77235596,5437300.27056738,81448816,,2019,2019/10/30 04:00:00+00,2006,MCNICOLL AVE,MCCOWAN RD,,Major Arterial,Scarborough,23,43.81787,-79.271938,Intersection,At Intersection,Traffic Signal,Rain,"Dark, artificial",Wet,Non-Fatal Injury,Pedestrian Collisions,Passenger,5 to 9,None,,,,,,,,,,,,,Yes,,Yes,,,,,Yes,,,,,,130,Milliken,130,Milliken (130),D42,16779
-8815064.97772826,5429630.21878359,81509791,1676594,2020,2020/09/04 04:00:00+00,2314,LAWRENCE AVE E,MORNINGSIDE AVE,53 m West of,Major Arterial,Scarborough,,43.768134,-79.187076,Mid-Block,Non Intersection,No Control,Clear,"Dark, artificial",Dry,Non-Fatal Injury,Pedestrian Collisions,Driver,20 to 24,None,,East,"Automobile, Station Wagon",Going Ahead,Driving Properly,Normal,,,,,,,Yes,,Yes,,,,,,,,,,,136,West Hill,136,West Hill (136),D43,16780
-8827067.2225866,5437726.86323863,81510276,1411275,2020,2020/07/28 04:00:00+00,845,MIDLAND  AVE,COPTHORNE  AVE,,Major Arterial,Scarborough,2223,43.820635,-79.294894,Intersection,At Intersection,Traffic Signal,Clear,Daylight,Dry,Non-Fatal Injury,Pedestrian Collisions,Pedestrian,60 to 64,Major,,South,,,,,Vehicle turns right while ped crosses with ROW at inter.,Crossing with right of way,Normal,,,,Yes,,Yes,,,,,,,Yes,,,,130,Milliken,130,Milliken (130),D42,16781
-8818232.90779725,5425891.57817989,81509684,895313,2020,2020/05/14 04:00:00+00,1149,EGLINTON AVE E,CEDAR DR,,Major Arterial,Scarborough,24,43.743876,-79.215534,Intersection,Intersection Related,Traffic Signal,Clear,Daylight,Dry,Non-Fatal Injury,Pedestrian Collisions,Pedestrian,35 to 39,Minor,,Unknown,,,,,Pedestrian hit on sidewalk or shoulder,On Sidewalk or Shoulder,Normal,,,,Yes,,,,,,,,,,,,,139,Scarborough Village,139,Scarborough Village (139),D43,16782
-8836004.50790494,5410592.01187614,81487107,133203,2020,2020/01/20 05:00:00+00,940,F G GARDINER XY  W,YONGE ST,20 m West of,Expressway,Toronto and East York,,43.644503,-79.375179,Mid-Block,Non Intersection,No Control,Clear,Daylight,Dry,Non-Fatal Injury,SMV Other,Driver,60 to 64,Major,,West,"Automobile, Station Wagon",Changing Lanes,Other,Medical or Physical Disability,,,,,,,,,Yes,,,,,,,,,,Yes,166,St Lawrence-East Bayfront-The Islands,77,Waterfront Communities-The Island (77),D51,16783
-8818232.90779725,5425891.57817989,81509685,895313,2020,2020/05/14 04:00:00+00,1149,EGLINTON AVE E,CEDAR DR,,Major Arterial,Scarborough,24,43.743876,-79.215534,Intersection,Intersection Related,Traffic Signal,Clear,Daylight,Dry,Non-Fatal Injury,Pedestrian Collisions,Pedestrian,50 to 54,Minor,,Unknown,,,,,Pedestrian hit on sidewalk or shoulder,On Sidewalk or Shoulder,Normal,,,,Yes,,,,,,,,,,,,,139,Scarborough Village,139,Scarborough Village (139),D43,16784
-8848631.03246766,5427435.36766357,81338458,,2019,2019/12/06 05:00:00+00,1720,3680 KEELE ST,,56 m South of St REGIS CR,Major Arterial,North York,76,43.753894,-79.488605,Mid-Block,Non Intersection,No Control,Clear,Dark,Wet,Fatal,Pedestrian Collisions,Pedestrian,75 to 79,Fatal,64,East,,Going Ahead,,,Pedestrian hit at mid-block,"Crossing, no Traffic Control",Inattentive,,,,Yes,,Yes,,,,,,,,,,,27,York University Heights,27,York University Heights (27),D31,16785
-8826464.31622447,5426908.00304902,81335261,,2019,2019/10/30 04:00:00+00,2015,39 HOWDEN  RD,,,Collector,Scarborough,21,43.750472,-79.289478,Mid-Block,Non Intersection,No Control,Rain,"Dark, artificial",Wet,Fatal,Pedestrian Collisions,Pedestrian,55 to 59,Fatal,51,East,,,,,Pedestrian hit at mid-block,"Crossing, no Traffic Control",Inattentive,,,,Yes,,Yes,,,,,,,,,,,119,Wexford/Maryvale,119,Wexford/Maryvale (119),D41,16786
-8833172.98533712,5421141.63103776,81514836,1000520942,2021,2021/03/21 04:00:00+00,1430,WICKSTEED AV,210,284 m North of,,,,43.713042,-79.349743,,Overpass or Bridge,No Control,Clear,Daylight,Dry,Non-Fatal Injury,Pedestrian Collisions,Passenger,40 to 44,None,,,,,,,,,,,,,Yes,,,,,,,Yes,,,,,,55,Thorncliffe Park,55,Thorncliffe Park (55),D53,16787
-8815064.97772826,5429630.21878359,81509792,1676594,2020,2020/09/04 04:00:00+00,2314,LAWRENCE AVE E,MORNINGSIDE AVE,53 m West of,Major Arterial,Scarborough,,43.768134,-79.187076,Mid-Block,Non Intersection,No Control,Clear,"Dark, artificial",Dry,Non-Fatal Injury,Pedestrian Collisions,Pedestrian,25 to 29,Major,,West,,,,,Pedestrian hit at mid-block,Pushing/Working on Vehicle,"Ability Impaired, Alcohol",,,,Yes,,Yes,,,,,,,,,,,136,West Hill,136,West Hill (136),D43,16788
-8841648.96268561,5413365.89316586,81511049,1417758,2020,2020/07/30 04:00:00+00,953,746 OSSINGTON AVE,,3 m East of,Minor Arterial,Toronto and East York,911,43.662532,-79.425884,Mid-Block,At/Near Private Drive,No Control,Clear,Daylight,Dry,Non-Fatal Injury,Pedestrian Collisions,Driver,40 to 44,None,,East,Municipal Transit Bus (TTC),Turning Right,Driving Properly,Normal,,,,,,,Yes,,,,,Yes,,,,,,,,172,Dovercourt Village,93,Dovercourt-Wallace Emerson-Junction (93),D14,16789
-8836004.50790494,5410592.01187614,81487108,133203,2020,2020/01/20 05:00:00+00,940,F G GARDINER XY  W,YONGE ST,20 m West of,Expressway,Toronto and East York,,43.644503,-79.375179,Mid-Block,Non Intersection,No Control,Clear,Daylight,Dry,Non-Fatal Injury,SMV Other,Driver,30 to 34,None,,West,"Automobile, Station Wagon",Going Ahead,Driving Properly,Normal,,,,,,,,,Yes,,,,,,,,,,Yes,166,St Lawrence-East Bayfront-The Islands,77,Waterfront Communities-The Island (77),D51,16790
-8854649.18677893,5427338.27606301,81588194,1684477,2020,2020/09/06 04:00:00+00,433,WESTON RD,TORYORK  DR,16 m South of,Major Arterial,Etobicoke York,7,43.753264,-79.542667,Intersection,Intersection Related,Traffic Signal,Clear,"Dark, artificial",Dry,Non-Fatal Injury,Pedestrian Collisions,Driver,40 to 44,None,,East,"Automobile, Station Wagon",Going Ahead,Lost control,Unknown,,,,,,,Yes,,Yes,,,,,,Yes,Yes,,,,21,Humber Summit,21,Humber Summit (21),D31,16791
-8848631.03246766,5427435.36766357,81393714,,2019,2019/12/06 05:00:00+00,1720,3680 KEELE ST,,56 m South of St REGIS CR,Major Arterial,North York,76,43.753894,-79.488605,Mid-Block,Non Intersection,No Control,Clear,Dark,Wet,Fatal,Pedestrian Collisions,Driver,25 to 29,None,,South,"Automobile, Station Wagon",Going Ahead,Driving Properly,Normal,,,,,,,Yes,,Yes,,,,,,,,,,,27,York University Heights,27,York University Heights (27),D31,16792
-8858936.43432785,5411575.06051332,81424561,909285,2020,2020/05/16 04:00:00+00,1752,RATHBURN RD,CENTENNIAL PARK RD,2 m West of,Minor Arterial,Etobicoke York,2,43.650893,-79.58118,Intersection,At Intersection,No Control,Clear,Daylight,Dry,Non-Fatal Injury,SMV Other,Motorcycle Driver,20 to 24,Major,,West,Motorcycle,Going Ahead,Lost control,Normal,,,,,,,,,,Yes,,,,,Yes,Yes,,,,11,Eringate-Centennial-West Deane,11,Eringate-Centennial-West Deane (11),D22,16793
-8834290.5217052,5421371.2618628,81338709,,2019,2019/12/06 05:00:00+00,1800,EGLINTON AVE E,BRENTCLIFFE RD,,Major Arterial,North York,15,43.714533,-79.359782,Intersection,At Intersection,Traffic Signal,Snow,"Dark, artificial",Wet,Non-Fatal Injury,Pedestrian Collisions,Driver,45 to 49,None,,West,"Automobile, Station Wagon",Going Ahead,Driving Properly,Normal,,,,,,,Yes,,Yes,,,,,,,,,,,55,Thorncliffe Park,55,Thorncliffe Park (55),D53,16794
-8826464.31622447,5426908.00304902,81337493,,2019,2019/10/30 04:00:00+00,2015,39 HOWDEN  RD,,,Collector,Scarborough,21,43.750472,-79.289478,Mid-Block,Non Intersection,No Control,Rain,"Dark, artificial",Wet,Fatal,Pedestrian Collisions,Driver,25 to 29,None,,North,"Automobile, Station Wagon",Going Ahead,Driving Properly,Normal,,,,,,,Yes,,Yes,,,,,,,,,,,119,Wexford/Maryvale,119,Wexford/Maryvale (119),D41,16795
-8833172.98533712,5421141.63103776,81514837,1000520942,2021,2021/03/21 04:00:00+00,1430,WICKSTEED AV,210,284 m North of,,,,43.713042,-79.349743,,Overpass or Bridge,No Control,Clear,Daylight,Dry,Non-Fatal Injury,Pedestrian Collisions,Pedestrian,60 to 64,Major,,,,,,,,,Normal,,,,Yes,,,,,,,Yes,,,,,,55,Thorncliffe Park,55,Thorncliffe Park (55),D53,16796
-8841648.96268561,5413365.89316586,81511050,1417758,2020,2020/07/30 04:00:00+00,953,746 OSSINGTON AVE,,3 m East of,Minor Arterial,Toronto and East York,911,43.662532,-79.425884,Mid-Block,At/Near Private Drive,No Control,Clear,Daylight,Dry,Non-Fatal Injury,Pedestrian Collisions,Pedestrian,70 to 74,Major,,East,,,,,Pedestrian involved in a collision with transit vehicle anywhere along roadway,"Crossing, no Traffic Control",Normal,,,,Yes,,,,,Yes,,,,,,,,172,Dovercourt Village,93,Dovercourt-Wallace Emerson-Junction (93),D14,16797
-8853375.24652629,5413369.89403982,81418687,136270,2020,2020/01/20 05:00:00+00,1658,ISLINGTON AVE,BROMLEY CRES,,Major Arterial,Etobicoke York,2,43.662558,-79.531223,Intersection,Intersection Related,No Control,Clear,Daylight,Loose Snow,Non-Fatal Injury,Pedestrian Collisions,Driver,45 to 49,None,,North,Municipal Transit Bus (TTC),Going Ahead,Driving Properly,Normal,,,,,,,Yes,,,,,Yes,,,,,,,,9,Edenbridge-Humber Valley,9,Edenbridge-Humber Valley (9),D22,16798
-8854649.18677893,5427338.27606301,81588195,1684477,2020,2020/09/06 04:00:00+00,433,WESTON RD,TORYORK  DR,16 m South of,Major Arterial,Etobicoke York,7,43.753264,-79.542667,Intersection,Intersection Related,Traffic Signal,Clear,"Dark, artificial",Dry,Non-Fatal Injury,Pedestrian Collisions,Pedestrian,25 to 29,Major,,Unknown,,,,,Pedestrian hit on sidewalk or shoulder,On Sidewalk or Shoulder,Normal,,,,Yes,,Yes,,,,,,Yes,Yes,,,,21,Humber Summit,21,Humber Summit (21),D31,16799
-8832094.29947134,5413128.15203528,81424916,923482,2020,2020/05/19 04:00:00+00,920,QUEEN ST E,CARLAW AVE,5 m West of,Minor Arterial,Toronto and East York,14,43.660987,-79.340053,Intersection,At Intersection,Traffic Signal,Clear,Daylight,Dry,Non-Fatal Injury,Angle,Driver,45 to 49,Major,,South,"Automobile, Station Wagon",Going Ahead,Lost control,Medical or Physical Disability,,,,,,,,,Yes,,,Yes,,,,,,,Yes,70,South Riverdale,70,South Riverdale (70),D55,16800
-8844249.49731004,5416769.26264435,81504686,1685668,2020,2020/09/06 04:00:00+00,1100,ROGERS RD,BOON AVE,10 m East of,Minor Arterial,Etobicoke York,9,43.684645,-79.449245,Intersection,At Intersection,No Control,Clear,Daylight,Dry,Non-Fatal Injury,Rear End,Motorcycle Driver,50 to 54,Major,,West,Motorcycle,Going Ahead,Lost control,Inattentive,,,,,,,,,Yes,Yes,,,,,,,,,,109,Caledonia-Fairbank,109,Caledonia-Fairbank (109),D13,16801
-8853375.24652629,5413369.89403982,81418688,136270,2020,2020/01/20 05:00:00+00,1658,ISLINGTON AVE,BROMLEY CRES,,Major Arterial,Etobicoke York,2,43.662558,-79.531223,Intersection,Intersection Related,No Control,Clear,Daylight,Loose Snow,Non-Fatal Injury,Pedestrian Collisions,Pedestrian,15 to 19,Major,,Unknown,,,,,Pedestrian involved in a collision with transit vehicle anywhere along roadway,Crossing without right of way,Inattentive,,,,Yes,,,,,Yes,,,,,,,,9,Edenbridge-Humber Valley,9,Edenbridge-Humber Valley (9),D22,16802
-8834290.5217052,5421371.2618628,81338710,,2019,2019/12/06 05:00:00+00,1800,EGLINTON AVE E,BRENTCLIFFE RD,,Major Arterial,North York,15,43.714533,-79.359782,Intersection,At Intersection,Traffic Signal,Snow,"Dark, artificial",Wet,Non-Fatal Injury,Pedestrian Collisions,Pedestrian,55 to 59,Major,,North,,,,,Vehicle is going straight thru inter.while ped cross without ROW,Crossing without right of way,Medical or Physical Disability,,,,Yes,,Yes,,,,,,,,,,,55,Thorncliffe Park,55,Thorncliffe Park (55),D53,16803
-8839597.90106775,5415417.64562809,81450724,,2019,2019/11/01 04:00:00+00,1825,SPADINA RD,MACPHERSON AVE,,Minor Arterial,Etobicoke York,12,43.675864,-79.407459,Intersection,At Intersection,Stop Sign,Clear,Dusk,Dry,Non-Fatal Injury,Pedestrian Collisions,Driver,25 to 29,None,,East,"Automobile, Station Wagon",Going Ahead,Disobeyed Traffic Control,Normal,,,,,,,Yes,,Yes,,,,,,,Yes,,,,96,Casa Loma,96,Casa Loma (96),D53,16804
-8838768.90481981,5412649.14916717,81510807,1419288,2020,2020/07/30 04:00:00+00,1340,SPADINA AVE,COLLEGE ST,,Major Arterial,Scarborough,11,43.657874,-79.400012,Intersection,At Intersection,Traffic Signal,Clear,Daylight,Dry,Non-Fatal Injury,Cyclist Collisions,Cyclist,20 to 24,Major,,North,Bicycle,Changing Lanes,,,,,,Cyclist and Driver travelling in same direction. One vehicle sideswipes the other.,Improper Lane Change,Inattentive,,Yes,Yes,,,,,,,,,,,78,Kensington-Chinatown,78,Kensington-Chinatown (78),D52,16805
-8839006.79457164,5418286.89283575,81542562,1000521213,2021,2021/03/21 04:00:00+00,1515,ORIOLE PKWY,WILBERTON RD,10 m South of,Major Arterial,Toronto and East York,,43.694503,-79.402149,Intersection,Intersection Related,No Control,Clear,Daylight,Dry,Non-Fatal Injury,SMV Other,Motorcycle Driver,50 to 54,Major,,North,Motorcycle,Slowing or Stopping,Lost control,Normal,,,,,,,,,,Yes,,,,,,Yes,,,,97,Yonge-St.Clair,97,Yonge-St.Clair (97),D53,16806
-8838768.90481981,5412649.14916717,81510808,1419288,2020,2020/07/30 04:00:00+00,1340,SPADINA AVE,COLLEGE ST,,Major Arterial,Scarborough,11,43.657874,-79.400012,Intersection,At Intersection,Traffic Signal,Clear,Daylight,Dry,Non-Fatal Injury,Cyclist Collisions,Driver,45 to 49,None,,North,Pick Up Truck,Going Ahead,Driving Properly,Normal,,,,,,,,Yes,Yes,,,,,,,,,,,78,Kensington-Chinatown,78,Kensington-Chinatown (78),D52,16807