X,Y,INDEX_,ACCNUM,YEAR,DATE,TIME,STREET1,STREET2,OFFSET,ROAD_CLASS,DISTRICT,WARDNUM,LATITUDE,LONGITUDE,LOCCOORD,ACCLOC,TRAFFCTL,VISIBILITY,LIGHT,RDSFCOND,ACCLASS,IMPACTYPE,INVTYPE,INVAGE,INJURY,FATAL_NO,INITDIR,VEHTYPE,MANOEUVER,DRIVACT,DRIVCOND,PEDTYPE,PEDACT,PEDCOND,CYCLISTYPE,CYCACT,CYCCOND,PEDESTRIAN,CYCLIST,AUTOMOBILE,MOTORCYCLE,TRUCK,TRSN_CITY_VEH,EMERG_VEH,PASSENGER,SPEEDING,AG_DRIV,REDLIGHT,ALCOHOL,DISABILITY,HOOD_158,NEIGHBOURHOOD_158,HOOD_140,NEIGHBOURHOOD_140,DIVISION,ObjectId
-8818498.73874126,5434240.95340669,81615056,1001794472,2021,2021/09/18 04:00:00+00,2100,SHEPPARD AVE E,NEILSON RD,3 m West of,Major Arterial,Scarborough,2325,43.798037,-79.217922,Intersection,Intersection Related,Traffic Signal,Clear,"Dark, artificial",Dry,Non-Fatal Injury,Turning Movement,Other,25 to 29,None,,,,,,,,,,,,,,,Yes,Yes,,,,,,Yes,,,,146,Malvern East,132,Malvern (132),D42,17131
-8839907.03529368,5409314.05115043,81583050,1001795260,2021,2021/09/18 04:00:00+00,2349,MANITOBA DR,CANADA BLVD,40 m West of,Local,Toronto and East York,,43.636195,-79.410236,Mid-Block,Non Intersection,No Control,Clear,"Dark, artificial",Dry,Non-Fatal Injury,SMV Other,Driver,55 to 59,None,,West,"Automobile, Station Wagon",Going Ahead,Driving Properly,Normal,,,,,,,Yes,,Yes,,,,,,,,,,,163,Fort York-Liberty Village,82,Niagara (82),D14,17132
-8839907.03529368,5409314.05115043,81583051,1001795260,2021,2021/09/18 04:00:00+00,2349,MANITOBA DR,CANADA BLVD,40 m West of,Local,Toronto and East York,,43.636195,-79.410236,Mid-Block,Non Intersection,No Control,Clear,"Dark, artificial",Dry,Non-Fatal Injury,SMV Other,Pedestrian,25 to 29,Major,,North,,Going Ahead,,,,Crossing without right of way,Inattentive,,,,Yes,,Yes,,,,,,,,,,,163,Fort York-Liberty Village,82,Niagara (82),D14,17133
-8830193.51916604,5430715.19840153,81582212,1001804125,2021,2021/09/20 04:00:00+00,1033,VICTORIA PARK AVE,SHEPPARD AVE E,,Major Arterial,North York,1722,43.775172,-79.322978,Intersection,At Intersection,Traffic Signal,Clear,Daylight,Dry,Fatal,Pedestrian Collisions,Driver,35 to 39,Minor,,West,"Automobile, Station Wagon",Turning Left,Driving Properly,Normal,,,,,,,Yes,,Yes,,,,,,Yes,Yes,,,,118,Tam O'Shanter-Sullivan,118,Tam O'Shanter-Sullivan (118),D42,17134
-8830193.51916604,5430715.19840153,81582213,1001804125,2021,2021/09/20 04:00:00+00,1033,VICTORIA PARK AVE,SHEPPARD AVE E,,Major Arterial,North York,1722,43.775172,-79.322978,Intersection,At Intersection,Traffic Signal,Clear,Daylight,Dry,Fatal,Pedestrian Collisions,Driver,55 to 59,Minor,,East,"Automobile, Station Wagon",Going Ahead,Speed too Fast For Condition,Normal,,,,,,,Yes,,Yes,,,,,,Yes,Yes,,,,118,Tam O'Shanter-Sullivan,118,Tam O'Shanter-Sullivan (118),D42,17135
-8830193.51916604,5430715.19840153,81588057,1001804125,2021,2021/09/20 04:00:00+00,1033,VICTORIA PARK AVE,SHEPPARD AVE E,,Major Arterial,North York,1722,43.775172,-79.322978,Intersection,At Intersection,Traffic Signal,Clear,Daylight,Dry,Fatal,Pedestrian Collisions,Pedestrian,70 to 74,Fatal,38,Unknown,,,,,Pedestrian hit on sidewalk or shoulder,On Sidewalk or Shoulder,Normal,,,,Yes,,Yes,,,,,,Yes,Yes,,,,118,Tam O'Shanter-Sullivan,118,Tam O'Shanter-Sullivan (118),D42,17136
-8837962.06115054,5415219.2527183,81604230,1001822979,2021,2021/09/22 04:00:00+00,2006,DAVENPORT RD,BELMONT ST,,Major Arterial,Toronto and East York,11,43.674575,-79.392764,Intersection,At Intersection,Traffic Signal,Rain,"Dark, artificial",Wet,Non-Fatal Injury,SMV Other,Driver,75 to 79,None,,East,"Automobile, Station Wagon",Turning Left,Failed to Yield Right of Way,Inattentive,,,,,,,Yes,,Yes,,,,,,,Yes,,,,95,Annex,95,Annex (95),D53,17137
-8837962.06115054,5415219.2527183,81604231,1001822979,2021,2021/09/22 04:00:00+00,2006,DAVENPORT RD,BELMONT ST,,Major Arterial,Toronto and East York,11,43.674575,-79.392764,Intersection,At Intersection,Traffic Signal,Rain,"Dark, artificial",Wet,Non-Fatal Injury,SMV Other,Pedestrian,20 to 24,Major,,North,,Going Ahead,,,,Crossing with right of way,Normal,,,,Yes,,Yes,,,,,,,Yes,,,,95,Annex,95,Annex (95),D53,17138
-8851082.95557187,5413051.8299664,81582348,1001834169,2021,2021/09/24 04:00:00+00,1129,DUNDAS ST W,PRINCE EDWARD DR N,,Major Arterial,Etobicoke York,23,43.660491,-79.510631,Intersection,At Intersection,Traffic Signal,Clear,Daylight,Dry,Non-Fatal Injury,SMV Other,Driver,40 to 44,None,,West,"Automobile, Station Wagon",Going Ahead,Driving Properly,Normal,,,,,,,Yes,,Yes,,,,,,,,,,,15,Kingsway South,15,Kingsway South (15),D22,17139
-8851082.95557187,5413051.8299664,81582349,1001834169,2021,2021/09/24 04:00:00+00,1129,DUNDAS ST W,PRINCE EDWARD DR N,,Major Arterial,Etobicoke York,23,43.660491,-79.510631,Intersection,At Intersection,Traffic Signal,Clear,Daylight,Dry,Non-Fatal Injury,SMV Other,Pedestrian,10 to 14,Major,,North,,Going Ahead,,,,Crossing marked crosswalk without ROW,Inattentive,,,,Yes,,Yes,,,,,,,,,,,15,Kingsway South,15,Kingsway South (15),D22,17140
-8817157.67283568,5428975.71623732,81582879,1001867215,2021,2021/09/29 04:00:00+00,306,LAWRENCE AV E,ORTON PARK RD,20 m East of,Major Arterial,Scarborough,24,43.763888,-79.205875,Intersection,Intersection Related,Traffic Signal,Clear,Dark,Dry,Non-Fatal Injury,SMV Other,Driver,30 to 34,None,,West,"Automobile, Station Wagon",Going Ahead,Driving Properly,Normal,,,,,,,Yes,,Yes,,,,,,,Yes,,,,141,Golfdale-Cedarbrae-Woburn,137,Woburn (137),D43,17141
-8817157.67283568,5428975.71623732,81582880,1001867215,2021,2021/09/29 04:00:00+00,306,LAWRENCE AV E,ORTON PARK RD,20 m East of,Major Arterial,Scarborough,24,43.763888,-79.205875,Intersection,Intersection Related,Traffic Signal,Clear,Dark,Dry,Non-Fatal Injury,SMV Other,Pedestrian,50 to 54,Major,,South,,Going Ahead,,,,Running onto Roadway,"Ability Impaired, Alcohol",,,,Yes,,Yes,,,,,,,Yes,,,,141,Golfdale-Cedarbrae-Woburn,137,Woburn (137),D43,17142
-8840620.37059068,5431375.066577,81584096,1001872479,2021,2021/09/29 04:00:00+00,1814,FINCH AVE W,YONGE ST,1 m West of,Major Arterial,North York,,43.779452,-79.416644,Mid-Block,Non Intersection,No Control,Clear,Daylight,Dry,Non-Fatal Injury,Pedestrian Collisions,Driver,30 to 34,None,,West,"Automobile, Station Wagon",Going Ahead,Failed to Yield Right of Way,Inattentive,,,,,,,Yes,,Yes,,,,,,,Yes,,,,37,Willowdale West,37,Willowdale West (37),D32,17143
-8840620.37059068,5431375.066577,81584097,1001872479,2021,2021/09/29 04:00:00+00,1814,FINCH AVE W,YONGE ST,1 m West of,Major Arterial,North York,,43.779452,-79.416644,Mid-Block,Non Intersection,No Control,Clear,Daylight,Dry,Non-Fatal Injury,Pedestrian Collisions,Pedestrian,80 to 84,Major,,South,,,,,Pedestrian hit at mid-block,"Crossing, no Traffic Control",Inattentive,,,,Yes,,Yes,,,,,,,Yes,,,,37,Willowdale West,37,Willowdale West (37),D32,17144
-8840620.37059068,5431375.066577,81584098,1001872479,2021,2021/09/29 04:00:00+00,1814,FINCH AVE W,YONGE ST,1 m West of,Major Arterial,North York,,43.779452,-79.416644,Mid-Block,Non Intersection,No Control,Clear,Daylight,Dry,Non-Fatal Injury,Pedestrian Collisions,Pedestrian,65 to 69,Minor,,South,,,,,Pedestrian hit at mid-block,"Crossing, no Traffic Control",Inattentive,,,,Yes,,Yes,,,,,,,Yes,,,,37,Willowdale West,37,Willowdale West (37),D32,17145
-8839721.02042457,5419831.56631497,81582947,1001881235,2021,2021/09/30 04:00:00+00,2144,AVENUE RD,EGLINTON AVE W,,Major Arterial,North York,812,43.704535,-79.408565,Intersection,At Intersection,Traffic Controller,Clear,"Daylight, artificial",Dry,Non-Fatal Injury,Turning Movement,Driver,20 to 24,None,,South,"Automobile, Station Wagon",Turning Left,Improper Turn,Normal,,,,,,,,,Yes,Yes,,,,Yes,,,,,,100,Yonge-Eglinton,100,Yonge-Eglinton (100),D53,17146
-8839721.02042457,5419831.56631497,81582948,1001881235,2021,2021/09/30 04:00:00+00,2144,AVENUE RD,EGLINTON AVE W,,Major Arterial,North York,812,43.704535,-79.408565,Intersection,At Intersection,Traffic Controller,Clear,"Daylight, artificial",Dry,Non-Fatal Injury,Turning Movement,Motorcycle Driver,55 to 59,Major,,North,Motorcycle,Going Ahead,Driving Properly,Normal,,,,,,,,,Yes,Yes,,,,Yes,,,,,,100,Yonge-Eglinton,100,Yonge-Eglinton (100),D53,17147
-8839721.02042457,5419831.56631497,81582949,1001881235,2021,2021/09/30 04:00:00+00,2144,AVENUE RD,EGLINTON AVE W,,Major Arterial,North York,812,43.704535,-79.408565,Intersection,At Intersection,Traffic Controller,Clear,"Daylight, artificial",Dry,Non-Fatal Injury,Turning Movement,Passenger,20 to 24,None,,South,"Automobile, Station Wagon",Turning Left,,,,,,,,,,,Yes,Yes,,,,Yes,,,,,,100,Yonge-Eglinton,100,Yonge-Eglinton (100),D53,17148
-8822967.65969916,5424440.48521615,81582706,1001888393,2021,2021/10/01 04:00:00+00,2039,EGLINTON AVE E,MIDLAND AVE,,Major Arterial,Scarborough,2120,43.734458,-79.258067,Intersection,At Intersection,Traffic Signal,Clear,Dark,Dry,Fatal,Pedestrian Collisions,Pedestrian,45 to 49,Fatal,39,South,,,,,Vehicle turns left while ped crosses with ROW at inter.,Crossing with right of way,Normal,,,,Yes,,Yes,,,,,Yes,,Yes,,,,124,Kennedy Park,124,Kennedy Park (124),D41,17149
-8822967.65969916,5424440.48521615,81582707,1001888393,2021,2021/10/01 04:00:00+00,2039,EGLINTON AVE E,MIDLAND AVE,,Major Arterial,Scarborough,2120,43.734458,-79.258067,Intersection,At Intersection,Traffic Signal,Clear,Dark,Dry,Fatal,Pedestrian Collisions,Driver,25 to 29,None,,North,"Automobile, Station Wagon",Turning Left,Failed to Yield Right of Way,Had Been Drinking,,,,,,,Yes,,Yes,,,,,Yes,,Yes,,,,124,Kennedy Park,124,Kennedy Park (124),D41,17150
-8822967.65969916,5424440.48521615,81583785,1001888393,2021,2021/10/01 04:00:00+00,2039,EGLINTON AVE E,MIDLAND AVE,,Major Arterial,Scarborough,2120,43.734458,-79.258067,Intersection,At Intersection,Traffic Signal,Clear,Dark,Dry,Fatal,Pedestrian Collisions,Passenger,20 to 24,None,,,,,,,,,,,,,Yes,,Yes,,,,,Yes,,Yes,,,,124,Kennedy Park,124,Kennedy Park (124),D41,17151
-8850767.81009344,5407013.61343146,81582708,1001896382,2021,2021/10/03 04:00:00+00,132,F G GARDINER XY  E,ISLINGTON AVE,,Expressway,Etobicoke York,,43.621237,-79.5078,Mid-Block,Non Intersection,No Control,Clear,Dark,Dry,Fatal,Rear End,Passenger,55 to 59,Fatal,40,,,,,,,,,,,,,,Yes,,,,,Yes,Yes,Yes,,,,160,Mimico-Queensway,17,Mimico (includes Humber Bay Shores) (17),D22,17152
-8850767.81009344,5407013.61343146,81582709,1001896382,2021,2021/10/03 04:00:00+00,132,F G GARDINER XY  E,ISLINGTON AVE,,Expressway,Etobicoke York,,43.621237,-79.5078,Mid-Block,Non Intersection,No Control,Clear,Dark,Dry,Fatal,Rear End,Driver,60 to 64,Minor,,East,"Automobile, Station Wagon",Going Ahead,Driving Properly,Normal,,,,,,,,,Yes,,,,,Yes,Yes,Yes,,,,160,Mimico-Queensway,17,Mimico (includes Humber Bay Shores) (17),D22,17153
-8850767.81009344,5407013.61343146,81583232,1001896382,2021,2021/10/03 04:00:00+00,132,F G GARDINER XY  E,ISLINGTON AVE,,Expressway,Etobicoke York,,43.621237,-79.5078,Mid-Block,Non Intersection,No Control,Clear,Dark,Dry,Fatal,Rear End,Driver,30 to 34,None,,East,"Automobile, Station Wagon",Going Ahead,Exceeding Speed Limit,Unknown,,,,,,,,,Yes,,,,,Yes,Yes,Yes,,,,160,Mimico-Queensway,17,Mimico (includes Humber Bay Shores) (17),D22,17154
-8838458.10080152,5411904.30518812,81584071,1001897187,2021,2021/10/03 04:00:00+00,609,477 DUNDAS ST W,,52 m East of,Major Arterial,Toronto and East York,,43.653033,-79.39722,Mid-Block,Non Intersection,No Control,Rain,"Dark, artificial",Wet,Non-Fatal Injury,Pedestrian Collisions,Driver,70 to 74,None,,West,"Automobile, Station Wagon",Going Ahead,Driving Properly,Normal,,,,,,,Yes,,Yes,,,,,,,,,,,78,Kensington-Chinatown,78,Kensington-Chinatown (78),D52,17155
-8838458.10080152,5411904.30518812,81584072,1001897187,2021,2021/10/03 04:00:00+00,609,477 DUNDAS ST W,,52 m East of,Major Arterial,Toronto and East York,,43.653033,-79.39722,Mid-Block,Non Intersection,No Control,Rain,"Dark, artificial",Wet,Non-Fatal Injury,Pedestrian Collisions,Pedestrian,70 to 74,Major,,South,,,,,Pedestrian hit at mid-block,"Crossing, no Traffic Control",Inattentive,,,,Yes,,Yes,,,,,,,,,,,78,Kensington-Chinatown,78,Kensington-Chinatown (78),D52,17156
-8838053.00917452,5433343.85120754,81584319,1001904901,2021,2021/10/04 04:00:00+00,1150,BAYVIEW AV,CUMMER AV,,Major Arterial,Toronto and East York,1817,43.79222,-79.393581,Intersection,Intersection Related,Traffic Signal,Clear,Daylight,Wet,Non-Fatal Injury,SMV Other,Driver,70 to 74,None,,North,"Automobile, Station Wagon",Going Ahead,Driving Properly,Normal,,,,,,,Yes,,Yes,,,,,,,,,,,50,Newtonbrook East,50,Newtonbrook East (50),D32,17157
-8838053.00917452,5433343.85120754,81584320,1001904901,2021,2021/10/04 04:00:00+00,1150,BAYVIEW AV,CUMMER AV,,Major Arterial,Toronto and East York,1817,43.79222,-79.393581,Intersection,Intersection Related,Traffic Signal,Clear,Daylight,Wet,Non-Fatal Injury,SMV Other,Pedestrian,75 to 79,Major,,South,,Going Ahead,,,,Crossing without right of way,Normal,,,,Yes,,Yes,,,,,,,,,,,50,Newtonbrook East,50,Newtonbrook East (50),D32,17158
-8852852.93547549,5427203.73653456,81584556,1001912719,2021,2021/10/05 04:00:00+00,1230,755 OAKDALE ROAD (WESTVIEW CENTENN,OAKDALE ROAD,5 m West of,Minor Arterial,North York,,43.752391,-79.526531,Intersection,At Intersection,Traffic Signal,Clear,"Daylight, artificial",Dry,Non-Fatal Injury,Turning Movement,Driver,15 to 19,Major,,East,"Automobile, Station Wagon",Turning Left,Failed to Yield Right of Way,Inattentive,,,,,,,,,Yes,,,,,,,Yes,,,,25,Glenfield-Jane Heights,25,Glenfield-Jane Heights (25),D31,17159
-8852852.93547549,5427203.73653456,81584557,1001912719,2021,2021/10/05 04:00:00+00,1230,755 OAKDALE ROAD (WESTVIEW CENTENN,OAKDALE ROAD,5 m West of,Minor Arterial,North York,,43.752391,-79.526531,Intersection,At Intersection,Traffic Signal,Clear,"Daylight, artificial",Dry,Non-Fatal Injury,Turning Movement,Driver,70 to 74,Major,,North,"Automobile, Station Wagon",Going Ahead,Driving Properly,Normal,,,,,,,,,Yes,,,,,,,Yes,,,,25,Glenfield-Jane Heights,25,Glenfield-Jane Heights (25),D31,17160
-8861251.65709737,5419074.44076967,81583639,1001924845,2021,2021/10/07 04:00:00+00,637,DISCO RD,120,5 m West of,Collector,Etobicoke York,,43.699618,-79.601978,Mid-Block,At/Near Private Drive,No Control,Clear,Daylight,Dry,Non-Fatal Injury,Turning Movement,Driver,35 to 39,None,,West,Delivery Van,Turning Left,Failed to Yield Right of Way,Inattentive,,,,,,,,,Yes,Yes,,,,,,Yes,,,,1,West Humber-Clairville,1,West Humber-Clairville (1),D23,17161
-8861251.65709737,5419074.44076967,81583640,1001924845,2021,2021/10/07 04:00:00+00,637,DISCO RD,120,5 m West of,Collector,Etobicoke York,,43.699618,-79.601978,Mid-Block,At/Near Private Drive,No Control,Clear,Daylight,Dry,Non-Fatal Injury,Turning Movement,Motorcycle Driver,25 to 29,Major,,East,Motorcycle,Going Ahead,Driving Properly,Normal,,,,,,,,,Yes,Yes,,,,,,Yes,,,,1,West Humber-Clairville,1,West Humber-Clairville (1),D23,17162
-8832922.40516335,5411549.82916241,81584441,1001924954,2021,2021/10/07 04:00:00+00,702,LAKE SHORE BV E,DON RY,54 m West of,Expressway,Toronto and East York,,43.650729,-79.347492,Mid-Block,Non Intersection,No Control,Clear,Daylight,Dry,Non-Fatal Injury,SMV Other,Driver,45 to 49,Major,,East,"Automobile, Station Wagon",Pulling Onto Shoulder or towardCurb,Lost control,Unknown,,,,,,,,,Yes,,,,,,Yes,Yes,,,,166,St Lawrence-East Bayfront-The Islands,77,Waterfront Communities-The Island (77),D51,17163
-8836999.81547212,5410874.91609511,81604244,1001936756,2021,2021/10/08 04:00:00+00,1912,WELLINGTON ST W,UNIVERSITY AVE,,Major Arterial,Toronto and East York,10,43.646342,-79.38412,Intersection,Intersection Related,Traffic Signal,Clear,Daylight,Dry,Non-Fatal Injury,SMV Other,Driver,unknown,None,,South,"Automobile, Station Wagon",Turning Left,Improper Turn,Inattentive,,,,,,,Yes,,Yes,,,,,,,,,,,170,Yonge-Bay Corridor,76,Bay Street Corridor (76),D52,17164
-8836999.81547212,5410874.91609511,81604245,1001936756,2021,2021/10/08 04:00:00+00,1912,WELLINGTON ST W,UNIVERSITY AVE,,Major Arterial,Toronto and East York,10,43.646342,-79.38412,Intersection,Intersection Related,Traffic Signal,Clear,Daylight,Dry,Non-Fatal Injury,SMV Other,Pedestrian,35 to 39,Major,,East,,Going Ahead,,,,Crossing with right of way,Normal,,,,Yes,,Yes,,,,,,,,,,,170,Yonge-Bay Corridor,76,Bay Street Corridor (76),D52,17165
-8831381.74341077,5428047.83887578,81584058,1001953329,2021,2021/10/11 04:00:00+00,1358,VALLEY WOODS RD,YORK MILLS RD,200 m South of,Collector,Toronto and East York,,43.757868,-79.333652,Mid-Block,Non Intersection,No Control,Clear,Daylight,Dry,Non-Fatal Injury,SMV Other,Motorcycle Driver,35 to 39,Major,,South,Motorcycle,Going Ahead,Exceeding Speed Limit,Normal,,,,,,,,,,Yes,,,,,Yes,Yes,,,,150,Fenside-Parkwoods,45,Parkwoods-Donalda (45),D33,17166
-8839568.95800014,5422847.28838974,81588504,1001960285,2021,2021/10/12 04:00:00+00,1356,LAWRENCE AVE WEST,DUPLEX AV,135 m West of,Major Arterial,North York,,43.724116,-79.407199,Mid-Block,Non Intersection,No Control,Clear,Daylight,Dry,Non-Fatal Injury,SMV Other,Driver,40 to 44,None,,East,"Bus (Other) (Go Bus, Gray Coach)",Going Ahead,Driving Properly,Normal,,,,,,,Yes,,,,,Yes,,,,,,,,105,Lawrence Park North,105,Lawrence Park North (105),D32,17167
-8839568.95800014,5422847.28838974,81588505,1001960285,2021,2021/10/12 04:00:00+00,1356,LAWRENCE AVE WEST,DUPLEX AV,135 m West of,Major Arterial,North York,,43.724116,-79.407199,Mid-Block,Non Intersection,No Control,Clear,Daylight,Dry,Non-Fatal Injury,SMV Other,Pedestrian,85 to 89,Major,,East,,Going Ahead,,,,Other,Medical or Physical Disability,,,,Yes,,,,,Yes,,,,,,,,105,Lawrence Park North,105,Lawrence Park North (105),D32,17168
-8844847.39429509,5410039.91977587,81583779,1001961568,2021,2021/10/12 04:00:00+00,1639,PARKSIDE DR,SPRING RD,,Major Arterial,Scarborough,4,43.640914,-79.454616,Intersection,Intersection Related,Traffic Signal,Clear,Daylight,Dry,Fatal,Rear End,Passenger,70 to 74,None,,,,,,,,,,,,,,,Yes,,,,,Yes,Yes,Yes,,,,87,High Park-Swansea,87,High Park-Swansea (87),D11,17169
-8844847.39429509,5410039.91977587,81583780,1001961568,2021,2021/10/12 04:00:00+00,1639,PARKSIDE DR,SPRING RD,,Major Arterial,Scarborough,4,43.640914,-79.454616,Intersection,Intersection Related,Traffic Signal,Clear,Daylight,Dry,Fatal,Rear End,Passenger,65 to 69,Fatal,42,,,,,,,,,,,,,,Yes,,,,,Yes,Yes,Yes,,,,87,High Park-Swansea,87,High Park-Swansea (87),D11,17170
-8844847.39429509,5410039.91977587,81583781,1001961568,2021,2021/10/12 04:00:00+00,1639,PARKSIDE DR,SPRING RD,,Major Arterial,Scarborough,4,43.640914,-79.454616,Intersection,Intersection Related,Traffic Signal,Clear,Daylight,Dry,Fatal,Rear End,Driver,50 to 54,None,,South,"Automobile, Station Wagon",Slowing or Stopping,Driving Properly,Normal,,,,,,,,,Yes,,,,,Yes,Yes,Yes,,,,87,High Park-Swansea,87,High Park-Swansea (87),D11,17171
-8844847.39429509,5410039.91977587,81583782,1001961568,2021,2021/10/12 04:00:00+00,1639,PARKSIDE DR,SPRING RD,,Major Arterial,Scarborough,4,43.640914,-79.454616,Intersection,Intersection Related,Traffic Signal,Clear,Daylight,Dry,Fatal,Rear End,Driver,35 to 39,Major,,South,"Automobile, Station Wagon",Going Ahead,Exceeding Speed Limit,Unknown,,,,,,,,,Yes,,,,,Yes,Yes,Yes,,,,87,High Park-Swansea,87,High Park-Swansea (87),D11,17172
-8844847.39429509,5410039.91977587,81583783,1001961568,2021,2021/10/12 04:00:00+00,1639,PARKSIDE DR,SPRING RD,,Major Arterial,Scarborough,4,43.640914,-79.454616,Intersection,Intersection Related,Traffic Signal,Clear,Daylight,Dry,Fatal,Rear End,Driver,70 to 74,Minor,,South,"Automobile, Station Wagon",Slowing or Stopping,Driving Properly,Normal,,,,,,,,,Yes,,,,,Yes,Yes,Yes,,,,87,High Park-Swansea,87,High Park-Swansea (87),D11,17173
-8844847.39429509,5410039.91977587,81583784,1001961568,2021,2021/10/12 04:00:00+00,1639,PARKSIDE DR,SPRING RD,,Major Arterial,Scarborough,4,43.640914,-79.454616,Intersection,Intersection Related,Traffic Signal,Clear,Daylight,Dry,Fatal,Rear End,Passenger,70 to 74,Minor,,,,,,,,,,,,,,,Yes,,,,,Yes,Yes,Yes,,,,87,High Park-Swansea,87,High Park-Swansea (87),D11,17174
-8844847.39429509,5410039.91977587,81588051,1001961568,2021,2021/10/12 04:00:00+00,1639,PARKSIDE DR,SPRING RD,,Major Arterial,Scarborough,4,43.640914,-79.454616,Intersection,Intersection Related,Traffic Signal,Clear,Daylight,Dry,Fatal,Rear End,Driver,55 to 59,None,,South,"Automobile, Station Wagon",Slowing or Stopping,Driving Properly,Normal,,,,,,,,,Yes,,,,,Yes,Yes,Yes,,,,87,High Park-Swansea,87,High Park-Swansea (87),D11,17175
-8844847.39429509,5410039.91977587,81588052,1001961568,2021,2021/10/12 04:00:00+00,1639,PARKSIDE DR,SPRING RD,,Major Arterial,Scarborough,4,43.640914,-79.454616,Intersection,Intersection Related,Traffic Signal,Clear,Daylight,Dry,Fatal,Rear End,Driver,70 to 74,Fatal,41,South,"Automobile, Station Wagon",Going Ahead,Driving Properly,Unknown,,,,,,,,,Yes,,,,,Yes,Yes,Yes,,,,87,High Park-Swansea,87,High Park-Swansea (87),D11,17176
-8851537.36173329,5420841.47165927,81604910,1001963083,2021,2021/10/12 04:00:00+00,2035,40 FARNSWORTH DR,FARNSWORTH DR,10 m North of,Local,North York,,43.711093,-79.514713,"Park, Private Property, Public Lane",Non Intersection,No Control,Clear,"Dark, artificial",Dry,Non-Fatal Injury,SMV Other,Driver,40 to 44,Major,,West,Off Road - 4 Wheels,Turning Right,Lost control,Normal,,,,,,,,,,,,,,,,,,,,23,Pelmo Park-Humberlea,23,Pelmo Park-Humberlea (23),D12,17177
-8815619.57143139,5429144.50130858,81584465,1001968469,2021,2021/10/13 04:00:00+00,1520,KINGSTON RD,#4351,,Major Arterial,Scarborough,,43.764983,-79.192058,Mid-Block,At/Near Private Drive,No Control,Clear,Daylight,Dry,Non-Fatal Injury,Turning Movement,Driver,65 to 69,None,,West,"Automobile, Station Wagon",Turning Left,Failed to Yield Right of Way,Inattentive,,,,,,,,,Yes,Yes,,,,,,Yes,,,,136,West Hill,136,West Hill (136),D43,17178
-8815619.57143139,5429144.50130858,81584466,1001968469,2021,2021/10/13 04:00:00+00,1520,KINGSTON RD,#4351,,Major Arterial,Scarborough,,43.764983,-79.192058,Mid-Block,At/Near Private Drive,No Control,Clear,Daylight,Dry,Non-Fatal Injury,Turning Movement,Motorcycle Driver,45 to 49,Major,,East,Motorcycle,Going Ahead,Driving Properly,Normal,,,,,,,,,Yes,Yes,,,,,,Yes,,,,136,West Hill,136,West Hill (136),D43,17179
-8832407.66383792,5424044.85622993,81583786,1001970214,2021,2021/10/13 04:00:00+00,1927,DON MILLS RD,THE DONWAY  W,,Minor Arterial,North York,,43.73189,-79.342868,Mid-Block,Non Intersection,No Control,Clear,"Dark, artificial",Dry,Fatal,Pedestrian Collisions,Pedestrian,60 to 64,Fatal,43,South,,,,,Pedestrian hit at mid-block,"Crossing, no Traffic Control",Inattentive,,,,Yes,,Yes,,,,,Yes,,,,,,42,Banbury-Don Mills,42,Banbury-Don Mills (42),D33,17180
-8832407.66383792,5424044.85622993,81583787,1001970214,2021,2021/10/13 04:00:00+00,1927,DON MILLS RD,THE DONWAY  W,,Minor Arterial,North York,,43.73189,-79.342868,Mid-Block,Non Intersection,No Control,Clear,"Dark, artificial",Dry,Fatal,Pedestrian Collisions,Driver,35 to 39,None,,West,"Automobile, Station Wagon",Going Ahead,Driving Properly,Normal,,,,,,,Yes,,Yes,,,,,Yes,,,,,,42,Banbury-Don Mills,42,Banbury-Don Mills (42),D33,17181
-8832407.66383792,5424044.85622993,81588049,1001970214,2021,2021/10/13 04:00:00+00,1927,DON MILLS RD,THE DONWAY  W,,Minor Arterial,North York,,43.73189,-79.342868,Mid-Block,Non Intersection,No Control,Clear,"Dark, artificial",Dry,Fatal,Pedestrian Collisions,Passenger,5 to 9,None,,,,,,,,,,,,,Yes,,Yes,,,,,Yes,,,,,,42,Banbury-Don Mills,42,Banbury-Don Mills (42),D33,17182
-8832407.66383792,5424044.85622993,81588050,1001970214,2021,2021/10/13 04:00:00+00,1927,DON MILLS RD,THE DONWAY  W,,Minor Arterial,North York,,43.73189,-79.342868,Mid-Block,Non Intersection,No Control,Clear,"Dark, artificial",Dry,Fatal,Pedestrian Collisions,Passenger,5 to 9,None,,,,,,,,,,,,,Yes,,Yes,,,,,Yes,,,,,,42,Banbury-Don Mills,42,Banbury-Don Mills (42),D33,17183
-8855649.61504268,5411145.9830746,81583788,1001982074,2021,2021/10/15 04:00:00+00,1201,BURNHAMTHORPE RD,SHAVER AVE N,,Major Arterial,Etobicoke York,2,43.648104,-79.551654,Intersection,At Intersection,Stop Sign,Clear,Daylight,Dry,Fatal,Angle,Driver,55 to 59,Fatal,44,South,"Automobile, Station Wagon",Going Ahead,Disobeyed Traffic Control,Unknown,,,,,,,,,Yes,,,,,,Yes,Yes,,,,158,Islington,14,Islington-City Centre West (14),D22,17184