X,Y,INDEX_,ACCNUM,YEAR,DATE,TIME,STREET1,STREET2,OFFSET,ROAD_CLASS,DISTRICT,WARDNUM,LATITUDE,LONGITUDE,LOCCOORD,ACCLOC,TRAFFCTL,VISIBILITY,LIGHT,RDSFCOND,ACCLASS,IMPACTYPE,INVTYPE,INVAGE,INJURY,FATAL_NO,INITDIR,VEHTYPE,MANOEUVER,DRIVACT,DRIVCOND,PEDTYPE,PEDACT,PEDCOND,CYCLISTYPE,CYCACT,CYCCOND,PEDESTRIAN,CYCLIST,AUTOMOBILE,MOTORCYCLE,TRUCK,TRSN_CITY_VEH,EMERG_VEH,PASSENGER,SPEEDING,AG_DRIV,REDLIGHT,ALCOHOL,DISABILITY,HOOD_158,NEIGHBOURHOOD_158,HOOD_140,NEIGHBOURHOOD_140,DIVISION,ObjectId
-8847278.94593249,5416257.28421779,81651315,1001452685,2021,2021/08/02 04:00:00+00,530,WESTON RD,ROGERS RD,38 m South of,,,,43.681319,-79.476459,,At/Near Private Drive,No Control,Clear,"Dawn, artificial",Dry,Non-Fatal Injury,Turning Movement,Driver,70 to 74,None,,North,"Automobile, Station Wagon",Turning Left,Improper Turn,Normal,,,,,,,,,Yes,Yes,,,,,Yes,Yes,,,,111,Rockcliffe-Smythe,111,Rockcliffe-Smythe (111),D12,17238
-8847278.94593249,5416257.28421779,81651316,1001452685,2021,2021/08/02 04:00:00+00,530,WESTON RD,ROGERS RD,38 m South of,,,,43.681319,-79.476459,,At/Near Private Drive,No Control,Clear,"Dawn, artificial",Dry,Non-Fatal Injury,Turning Movement,Motorcycle Driver,35 to 39,Major,,South,Motorcycle,Going Ahead,Exceeding Speed Limit,Normal,,,,,,,,,Yes,Yes,,,,,Yes,Yes,,,,111,Rockcliffe-Smythe,111,Rockcliffe-Smythe (111),D12,17239
-8825781.48246794,5417940.94726724,81580304,1001461087,2021,2021/08/03 04:00:00+00,1230,PHARMACY AVE,DANFORTH AVE,,Major Arterial,Scarborough,20,43.692256,-79.283344,Intersection,At Intersection,Traffic Signal,Clear,Daylight,Dry,Non-Fatal Injury,Pedestrian Collisions,Driver,60 to 64,None,,South,Passenger Van,Turning Left,Driving Properly,Normal,,,,,,,Yes,,Yes,,,,,,,,,,,121,Oakridge,121,Oakridge (121),D41,17240
-8825781.48246794,5417940.94726724,81580305,1001461087,2021,2021/08/03 04:00:00+00,1230,PHARMACY AVE,DANFORTH AVE,,Major Arterial,Scarborough,20,43.692256,-79.283344,Intersection,At Intersection,Traffic Signal,Clear,Daylight,Dry,Non-Fatal Injury,Pedestrian Collisions,Pedestrian,30 to 34,Major,,West,,,,,Vehicle turns left while ped crosses without ROW at inter.,Crossing without right of way,Inattentive,,,,Yes,,Yes,,,,,,,,,,,121,Oakridge,121,Oakridge (121),D41,17241
-8834236.19779369,5412632.06985753,81580197,1001466029,2021,2021/08/04 04:00:00+00,619,SUMACH ST,WASCANA AVE,5 m North of,Local,Toronto and East York,,43.657763,-79.359294,Mid-Block,Non Intersection,No Control,Clear,"Daylight, artificial",Dry,Non-Fatal Injury,SMV Other,Driver,60 to 64,Major,,South,"Automobile, Station Wagon",Going Ahead,Lost control,Medical or Physical Disability,,,,,,,,,Yes,,,,,,,,,,Yes,72,Regent Park,72,Regent Park (72),D51,17242
-8826903.36029616,5431775.01901703,81580365,1001469287,2021,2021/08/04 04:00:00+00,1441,ALLANFORD RD,SHEPPARD AVE E,,Major Arterial,Scarborough,22,43.782046,-79.293422,Intersection,At Intersection,Traffic Signal,Clear,Daylight,Dry,Non-Fatal Injury,Pedestrian Collisions,Driver,45 to 49,None,,North,"Automobile, Station Wagon",Turning Left,Failed to Yield Right of Way,Inattentive,,,,,,,Yes,,Yes,,,,,,,Yes,,,,118,Tam O'Shanter-Sullivan,118,Tam O'Shanter-Sullivan (118),D42,17243
-8826903.36029616,5431775.01901703,81580366,1001469287,2021,2021/08/04 04:00:00+00,1441,ALLANFORD RD,SHEPPARD AVE E,,Major Arterial,Scarborough,22,43.782046,-79.293422,Intersection,At Intersection,Traffic Signal,Clear,Daylight,Dry,Non-Fatal Injury,Pedestrian Collisions,Pedestrian,25 to 29,Major,,South,,,,,Vehicle turns left while ped crosses with ROW at inter.,Crossing with right of way,Normal,,,,Yes,,Yes,,,,,,,Yes,,,,118,Tam O'Shanter-Sullivan,118,Tam O'Shanter-Sullivan (118),D42,17244
-8845042.76000143,5422451.26561334,81579346,1001479611,2021,2021/08/05 04:00:00+00,2302,DUFFERIN ST,RANEE AVE,,Major Arterial,North York,,43.721545,-79.456371,Intersection,At Intersection,Traffic Signal,Clear,"Dark, artificial",Dry,Fatal,Turning Movement,Motorcycle Driver,15 to 19,Fatal,24,North,Motorcycle,Going Ahead,Disobeyed Traffic Control,Unknown,,,,,,,,,Yes,Yes,,,,,,Yes,Yes,Yes,,31,Yorkdale-Glen Park,31,Yorkdale-Glen Park (31),D32,17245
-8845042.76000143,5422451.26561334,81579347,1001479611,2021,2021/08/05 04:00:00+00,2302,DUFFERIN ST,RANEE AVE,,Major Arterial,North York,,43.721545,-79.456371,Intersection,At Intersection,Traffic Signal,Clear,"Dark, artificial",Dry,Fatal,Turning Movement,Driver,25 to 29,None,,South,"Automobile, Station Wagon",Turning Left,Driving Properly,"Ability Impaired, Alcohol",,,,,,,,,Yes,Yes,,,,,,Yes,Yes,Yes,,31,Yorkdale-Glen Park,31,Yorkdale-Glen Park (31),D32,17246
-8810484.73727957,5434345.05807907,81579480,1001488085,2021,2021/08/07 04:00:00+00,253,401 EB OFF RAMP,KINGSTON RD,26 m East of,Minor Arterial,Scarborough,,43.798712,-79.145931,Intersection,At Intersection,Traffic Signal,Clear,Dark,Dry,Non-Fatal Injury,SMV Other,Motorcycle Driver,40 to 44,Major,,East,Motorcycle,Going Ahead,Lost control,Normal,,,,,,,,,,Yes,,,,,,,,,,133,Centennial Scarborough,133,Centennial Scarborough (133),D42,17247
-8854789.33801783,5424902.99824288,81580704,1001493213,2021,2021/08/07 04:00:00+00,2150,VEROBEACH BLVD,ST LUCIE DR,5 m East of,Local,North York,,43.73746,-79.543926,Mid-Block,Non Intersection,No Control,Clear,Dark,Dry,Non-Fatal Injury,SMV Unattended Vehicle,Motorcycle Driver,45 to 49,Major,,East,Motorcycle,Going Ahead,Exceeding Speed Limit,Unknown,,,,,,,,,,Yes,,,,,Yes,Yes,,,,22,Humbermede,22,Humbermede (22),D31,17248
-8844770.13856848,5415364.23765288,81579772,1001493289,2021,2021/08/07 04:00:00+00,2205,ST CLAIR AV W,CALEDONIA RD,70 m East of,Major Arterial,Toronto and East York,,43.675517,-79.453922,Mid-Block,Non Intersection,Traffic Signal,Clear,"Dark, artificial",Dry,Non-Fatal Injury,SMV Other,Driver,40 to 44,Major,,East,"Automobile, Station Wagon",Going Ahead,Lost control,Inattentive,,,,,,,,,Yes,,,,,,,Yes,,,,92,Corso Italia-Davenport,92,Corso Italia-Davenport (92),D13,17249
-8838086.96161921,5410309.27014636,81579689,1001493415,2021,2021/08/07 04:00:00+00,2236,FRONT ST W,SPADINA  AVE,15 m South of,Major Arterial,Toronto East York,10,43.642665,-79.393886,Intersection,At Intersection,Traffic Signal,Clear,Dark,Dry,Non-Fatal Injury,Pedestrian Collisions,Driver,35 to 39,None,,West,Passenger Van,Going Ahead,Driving Properly,Normal,,,,,,,Yes,,Yes,,,,,,,,,,,165,Harbourfront-CityPlace,77,Waterfront Communities-The Island (77),D52,17250
-8838086.96161921,5410309.27014636,81579690,1001493415,2021,2021/08/07 04:00:00+00,2236,FRONT ST W,SPADINA  AVE,15 m South of,Major Arterial,Toronto East York,10,43.642665,-79.393886,Intersection,At Intersection,Traffic Signal,Clear,Dark,Dry,Non-Fatal Injury,Pedestrian Collisions,Pedestrian,20 to 24,Major,,North,,,,,Vehicle is going straight thru inter.while ped cross without ROW,Crossing without right of way,Had Been Drinking,,,,Yes,,Yes,,,,,,,,,,,165,Harbourfront-CityPlace,77,Waterfront Communities-The Island (77),D52,17251
-8843733.97674817,5415672.9923482,81581430,1001512252,2021,2021/08/10 04:00:00+00,1525,ST CLAIR AV W,ST CLAIR GARDENS,18 m East of,Major Arterial,Toronto and East York,,43.677523,-79.444614,Intersection,Intersection Related,Traffic Signal,Clear,Daylight,Dry,Non-Fatal Injury,SMV Other,Driver,45 to 49,None,,East,Street Car,Going Ahead,Driving Properly,Normal,,,,,,,Yes,,,,,Yes,,,,,,,,92,Corso Italia-Davenport,92,Corso Italia-Davenport (92),D13,17252
-8843733.97674817,5415672.9923482,81581431,1001512252,2021,2021/08/10 04:00:00+00,1525,ST CLAIR AV W,ST CLAIR GARDENS,18 m East of,Major Arterial,Toronto and East York,,43.677523,-79.444614,Intersection,Intersection Related,Traffic Signal,Clear,Daylight,Dry,Non-Fatal Injury,SMV Other,Pedestrian,55 to 59,Major,,North,,Going Ahead,,,,"Crossing, no Traffic Control",Inattentive,,,,Yes,,,,,Yes,,,,,,,,92,Corso Italia-Davenport,92,Corso Italia-Davenport (92),D13,17253
-8842464.26663618,5410461.25428823,81599176,1001517326,2021,2021/08/11 04:00:00+00,920,BROCK AVENUE,SEAFORTH AV,5 m North of,Collector,Toronto and East York,4,43.643653,-79.433208,Intersection,At Intersection,Stop Sign,Clear,Daylight,Dry,Non-Fatal Injury,SMV Other,Driver,40 to 44,None,,South,"Automobile, Station Wagon",Going Ahead,Improper Turn,Inattentive,,,,,,,Yes,,Yes,,,,,,,,,,,86,Roncesvalles,86,Roncesvalles (86),D11,17254
-8842464.26663618,5410461.25428823,81599177,1001517326,2021,2021/08/11 04:00:00+00,920,BROCK AVENUE,SEAFORTH AV,5 m North of,Collector,Toronto and East York,4,43.643653,-79.433208,Intersection,At Intersection,Stop Sign,Clear,Daylight,Dry,Non-Fatal Injury,SMV Other,Pedestrian,20 to 24,Major,,South,,Going Ahead,,,,On Sidewalk or Shoulder,Normal,,,,Yes,,Yes,,,,,,,,,,,86,Roncesvalles,86,Roncesvalles (86),D11,17255
-8832818.76671742,5411590.29166703,81580924,1001530843,2021,2021/08/13 04:00:00+00,200,GARDIER XWY,DVP,,Major Arterial,Toronto and East York,14,43.650992,-79.346561,Mid-Block,Non Intersection,No Control,Clear,"Dark, artificial",Dry,Non-Fatal Injury,SMV Other,Motorcycle Driver,25 to 29,Major,,East,Motorcycle,Going Ahead,Lost control,Inattentive,,,,,,,,,,Yes,,,,,,,,,,70,South Riverdale,70,South Riverdale (70),D55,17256
-8840053.0864656,5413880.6352179,81581428,1001537853,2021,2021/08/13 04:00:00+00,2355,800 BATHURST ST,BLOOR ST WEST,30 m North of,Major Arterial,Toronto and East York,,43.665877,-79.411548,Mid-Block,Non Intersection,No Control,Clear,"Dark, artificial",Dry,Non-Fatal Injury,SMV Other,Driver,50 to 54,None,,North,"Automobile, Station Wagon",Going Ahead,Driving Properly,Normal,,,,,,,Yes,,Yes,,,,,,,,,,,95,Annex,95,Annex (95),D14,17257
-8840053.0864656,5413880.6352179,81581429,1001537853,2021,2021/08/13 04:00:00+00,2355,800 BATHURST ST,BLOOR ST WEST,30 m North of,Major Arterial,Toronto and East York,,43.665877,-79.411548,Mid-Block,Non Intersection,No Control,Clear,"Dark, artificial",Dry,Non-Fatal Injury,SMV Other,Pedestrian,15 to 19,Major,,West,,Going Ahead,,,,Crossing without right of way,Inattentive,,,,Yes,,Yes,,,,,,,,,,,95,Annex,95,Annex (95),D14,17258
-8852131.80781413,5410722.92514993,81579847,1001538488,2021,2021/08/14 04:00:00+00,243,BLOOR ST W,EAGLE RD,,Major Arterial,Etobicoke York,,43.645354,-79.520053,Mid-Block,Non Intersection,No Control,Clear,"Dark, artificial",Dry,Fatal,Pedestrian Collisions,Passenger,20 to 24,Fatal,25,,,,,,,,,,,,,,Yes,,,,,Yes,Yes,Yes,,,,16,Stonegate-Queensway,16,Stonegate-Queensway (16),D22,17259
-8852131.80781413,5410722.92514993,81579848,1001538488,2021,2021/08/14 04:00:00+00,243,BLOOR ST W,EAGLE RD,,Major Arterial,Etobicoke York,,43.645354,-79.520053,Mid-Block,Non Intersection,No Control,Clear,"Dark, artificial",Dry,Fatal,Pedestrian Collisions,Driver,20 to 24,Minor,,West,"Automobile, Station Wagon",Going Ahead,Speed too Fast For Condition,Inattentive,,,,,,,,,Yes,,,,,Yes,Yes,Yes,,,,16,Stonegate-Queensway,16,Stonegate-Queensway (16),D22,17260
-8826294.44268152,5415062.41913608,81581310,1001545631,2021,2021/08/15 04:00:00+00,550,106 BEECH AVE,,1 m East of,Major Arterial,Toronto and East York,,43.673556,-79.287952,Mid-Block,At/Near Private Drive,No Control,Clear,"Dark, artificial",Dry,Non-Fatal Injury,Cyclist Collisions,Driver,25 to 29,None,,West,"Automobile, Station Wagon",Reversing,Other,Normal,,,,,,,,Yes,Yes,,,,,,,,,,,63,The Beaches,63,The Beaches (63),D55,17261
-8826294.44268152,5415062.41913608,81581311,1001545631,2021,2021/08/15 04:00:00+00,550,106 BEECH AVE,,1 m East of,Major Arterial,Toronto and East York,,43.673556,-79.287952,Mid-Block,At/Near Private Drive,No Control,Clear,"Dark, artificial",Dry,Non-Fatal Injury,Cyclist Collisions,Cyclist,55 to 59,Major,,South,Bicycle,Going Ahead,,,,,,Motorist reversing struck cyclist.,Wrong Way on One Way Road,Normal,,Yes,Yes,,,,,,,,,,,63,The Beaches,63,The Beaches (63),D55,17262
-8834233.6374454,5417747.1187226,81580152,1001547694,2021,2021/08/15 04:00:00+00,1415,DON VALLEY PARKWAY  N,BAYVIEW BLOOR DVP N RAMP,1 km North of,Expressway,Scarborough,,43.690997,-79.359271,Mid-Block,Non Intersection,No Control,Clear,Daylight,Dry,Fatal,Rear End,Motorcycle Driver,20 to 24,Fatal,29,North,Motorcycle,Going Ahead,Speed too Fast For Condition,Unknown,,,,,,,,,,Yes,Yes,,,Yes,Yes,Yes,,,,57,Broadview North,57,Broadview North (57),D55,17263
-8834233.6374454,5417747.1187226,81580153,1001547694,2021,2021/08/15 04:00:00+00,1415,DON VALLEY PARKWAY  N,BAYVIEW BLOOR DVP N RAMP,1 km North of,Expressway,Scarborough,,43.690997,-79.359271,Mid-Block,Non Intersection,No Control,Clear,Daylight,Dry,Fatal,Rear End,Truck Driver,20 to 24,None,,North,Truck - Dump,Going Ahead,Driving Properly,Normal,,,,,,,,,,Yes,Yes,,,Yes,Yes,Yes,,,,57,Broadview North,57,Broadview North (57),D55,17264
-8834233.6374454,5417747.1187226,81580154,1001547694,2021,2021/08/15 04:00:00+00,1415,DON VALLEY PARKWAY  N,BAYVIEW BLOOR DVP N RAMP,1 km North of,Expressway,Scarborough,,43.690997,-79.359271,Mid-Block,Non Intersection,No Control,Clear,Daylight,Dry,Fatal,Rear End,Passenger,30 to 34,None,,,,,,,,,,,,,,,,Yes,Yes,,,Yes,Yes,Yes,,,,57,Broadview North,57,Broadview North (57),D55,17265
-8858086.28737666,5428790.44156997,81580202,1001551843,2021,2021/08/16 04:00:00+00,631,ISLINGTON AVE,THOROLD GT,1 m South of,Local,Etobicoke York,,43.762686,-79.573543,Intersection,Intersection Related,Stop Sign,Clear,Daylight,Dry,Non-Fatal Injury,Turning Movement,Driver,45 to 49,None,,East,"Automobile, Station Wagon",Turning Left,Failed to Yield Right of Way,Inattentive,,,,,,,,,Yes,Yes,,,,,,Yes,,,,21,Humber Summit,21,Humber Summit (21),D31,17266
-8858086.28737666,5428790.44156997,81580203,1001551843,2021,2021/08/16 04:00:00+00,631,ISLINGTON AVE,THOROLD GT,1 m South of,Local,Etobicoke York,,43.762686,-79.573543,Intersection,Intersection Related,Stop Sign,Clear,Daylight,Dry,Non-Fatal Injury,Turning Movement,Motorcycle Driver,60 to 64,Major,,North,Motorcycle,Going Ahead,Driving Properly,Normal,,,,,,,,,Yes,Yes,,,,,,Yes,,,,21,Humber Summit,21,Humber Summit (21),D31,17267
-8856937.1362732,5415210.32590711,81615385,1001562119,2021,2021/08/17 04:00:00+00,1504,EGLINTON AV W,MARTIN GROVE RD,20 m East of,Major Arterial,Etobicoke York,12,43.674517,-79.56322,Intersection,Intersection Related,Traffic Signal,Clear,Daylight,Dry,Non-Fatal Injury,SMV Other,Driver,20 to 24,None,,South,"Automobile, Station Wagon",Turning Left,Lost control,Unknown,,,,,,,Yes,,Yes,,,,,,,,,,,7,Willowridge-Martingrove-Richview,7,Willowridge-Martingrove-Richview (7),D23,17268
-8856937.1362732,5415210.32590711,81615386,1001562119,2021,2021/08/17 04:00:00+00,1504,EGLINTON AV W,MARTIN GROVE RD,20 m East of,Major Arterial,Etobicoke York,12,43.674517,-79.56322,Intersection,Intersection Related,Traffic Signal,Clear,Daylight,Dry,Non-Fatal Injury,SMV Other,Pedestrian,70 to 74,Major,,North,,Going Ahead,,,,On Sidewalk or Shoulder,Normal,,,,Yes,,Yes,,,,,,,,,,,7,Willowridge-Martingrove-Richview,7,Willowridge-Martingrove-Richview (7),D23,17269
-8834087.58627348,5411831.53187385,81584011,1001563711,2021,2021/08/17 04:00:00+00,1900,FRONT ST E,CHERRY ST,1 m West of,Collector,Toronto and East York,,43.65256,-79.357959,Intersection,Intersection Related,Traffic Signal,Clear,Daylight,Dry,Non-Fatal Injury,SMV Other,Driver,30 to 34,None,,North,"Automobile, Station Wagon",Turning Left,Failed to Yield Right of Way,Unknown,,,,,,,Yes,,Yes,,,,,,,Yes,,,,166,St Lawrence-East Bayfront-The Islands,77,Waterfront Communities-The Island (77),D51,17270
-8834087.58627348,5411831.53187385,81584012,1001563711,2021,2021/08/17 04:00:00+00,1900,FRONT ST E,CHERRY ST,1 m West of,Collector,Toronto and East York,,43.65256,-79.357959,Intersection,Intersection Related,Traffic Signal,Clear,Daylight,Dry,Non-Fatal Injury,SMV Other,Pedestrian,25 to 29,Major,,North,,Going Ahead,,,,Crossing with right of way,Normal,,,,Yes,,Yes,,,,,,,Yes,,,,166,St Lawrence-East Bayfront-The Islands,77,Waterfront Communities-The Island (77),D51,17271
-8840498.14178979,5431423.32514514,81580411,1001569148,2021,2021/08/18 04:00:00+00,1442,YONGE ST,FINCH AVE E,,Major Arterial,North York,18,43.779765,-79.415546,Intersection,At Intersection,Traffic Signal,Clear,Daylight,Dry,Fatal,Pedestrian Collisions,Pedestrian,80 to 84,Fatal,35,East,,,,,Vehicle turns left while ped crosses with ROW at inter.,Crossing with right of way,Normal,,,,Yes,,,,,,,,,,,,,151,Yonge-Doris,51,Willowdale East (51),D32,17272
-8840498.14178979,5431423.32514514,81581479,1001569148,2021,2021/08/18 04:00:00+00,1442,YONGE ST,FINCH AVE E,,Major Arterial,North York,18,43.779765,-79.415546,Intersection,At Intersection,Traffic Signal,Clear,Daylight,Dry,Fatal,Pedestrian Collisions,,55 to 59,None,,,,,,,,,,,,,Yes,,,,,,,,,,,,,151,Yonge-Doris,51,Willowdale East (51),D32,17273
-8838110.67267075,5414306.76177378,81579849,1001570554,2021,2021/08/18 04:00:00+00,1810,AVENUE RD,BLOOR ST W,,Major Arterial,North York,11,43.668646,-79.394099,Mid-Block,Non Intersection,No Control,Clear,Daylight,Dry,Fatal,Cyclist Collisions,Cyclist,15 to 19,Fatal,26,North,Bicycle,Going Ahead,,,,,,Cyclist and Driver travelling in same direction. One vehicle rear-ended the other.,Driving Properly,Unknown,,Yes,,,Yes,,,,,Yes,,,,169,Bay-Cloverhill,76,Bay Street Corridor (76),D52,17274
-8838110.67267075,5414306.76177378,81579850,1001570554,2021,2021/08/18 04:00:00+00,1810,AVENUE RD,BLOOR ST W,,Major Arterial,North York,11,43.668646,-79.394099,Mid-Block,Non Intersection,No Control,Clear,Daylight,Dry,Fatal,Cyclist Collisions,Truck Driver,50 to 54,None,,North,Truck - Tank,Going Ahead,Improper Passing,Inattentive,,,,,,,,Yes,,,Yes,,,,,Yes,,,,169,Bay-Cloverhill,76,Bay Street Corridor (76),D52,17275
-8856430.96654856,5418239.31877793,81580042,1001572143,2021,2021/08/18 04:00:00+00,2240,KIPLING AVE,DIXON RD,,Major Arterial,Etobicoke York,12,43.694194,-79.558673,Intersection,At Intersection,Traffic Signal,Clear,"Dark, artificial",Dry,Non-Fatal Injury,SMV Other,Driver,45 to 49,None,,South,"Automobile, Station Wagon",Going Ahead,Driving Properly,Normal,,,,,,,Yes,,Yes,,,,,,,,,,,7,Willowridge-Martingrove-Richview,7,Willowridge-Martingrove-Richview (7),D23,17276
-8856430.96654856,5418239.31877793,81580043,1001572143,2021,2021/08/18 04:00:00+00,2240,KIPLING AVE,DIXON RD,,Major Arterial,Etobicoke York,12,43.694194,-79.558673,Intersection,At Intersection,Traffic Signal,Clear,"Dark, artificial",Dry,Non-Fatal Injury,SMV Other,Pedestrian,45 to 49,Major,,West,,Going Ahead,,,,Crossing without right of way,Normal,,,,Yes,,Yes,,,,,,,,,,,7,Willowridge-Martingrove-Richview,7,Willowridge-Martingrove-Richview (7),D23,17277
-8817877.01938518,5433050.8506695,81579851,1001585997,2021,2021/08/20 04:00:00+00,2020,NEILSON RD,OAKMEADOW BLVD,,Minor Arterial,Scarborough,,43.79032,-79.212337,Mid-Block,Non Intersection,No Control,Clear,Daylight,Dry,Fatal,Pedestrian Collisions,Pedestrian,30 to 34,Fatal,27,Unknown,,,,,Pedestrian hit at mid-block,Other,Medical or Physical Disability,,,,Yes,,Yes,,,,,,,,,,,135,Morningside,135,Morningside (135),D43,17278
-8817877.01938518,5433050.8506695,81579852,1001585997,2021,2021/08/20 04:00:00+00,2020,NEILSON RD,OAKMEADOW BLVD,,Minor Arterial,Scarborough,,43.79032,-79.212337,Mid-Block,Non Intersection,No Control,Clear,Daylight,Dry,Fatal,Pedestrian Collisions,Driver,50 to 54,None,,South,"Automobile, Station Wagon",Going Ahead,Other,Normal,,,,,,,Yes,,Yes,,,,,,,,,,,135,Morningside,135,Morningside (135),D43,17279
-8824651.03303894,5427513.50402725,81581324,1001592099,2021,2021/08/21 04:00:00+00,1916,NANTUCKET BLVD,WICKWARE,50 m North of,Collector,Scarborough,,43.754401,-79.273189,Mid-Block,Non Intersection,No Control,Clear,Daylight,Dry,Non-Fatal Injury,SMV Other,Motorcycle Driver,25 to 29,Major,,North,Motorcycle,Going Ahead,Speed too Fast For Condition,"Ability Impaired, Drugs",,,,,,,,,,Yes,,,,,Yes,Yes,,,,126,Dorset Park,126,Dorset Park (126),D41,17280
-8846015.13575351,5420034.21610461,81579853,1001597350,2021,2021/08/22 04:00:00+00,1533,CALEDONIA RD,LOTHERTON PTWY,,Minor Arterial,North York,,43.705851,-79.465106,Intersection,At Intersection,No Control,Clear,Daylight,Dry,Fatal,Turning Movement,Motorcycle Driver,35 to 39,Fatal,28,South,Motorcycle,Going Ahead,Exceeding Speed Limit,Inattentive,,,,,,,,,Yes,Yes,,,,,Yes,Yes,,,,31,Yorkdale-Glen Park,31,Yorkdale-Glen Park (31),D13,17281
-8846015.13575351,5420034.21610461,81579854,1001597350,2021,2021/08/22 04:00:00+00,1533,CALEDONIA RD,LOTHERTON PTWY,,Minor Arterial,North York,,43.705851,-79.465106,Intersection,At Intersection,No Control,Clear,Daylight,Dry,Fatal,Turning Movement,Driver,60 to 64,None,,North,"Automobile, Station Wagon",Turning Left,Failed to Yield Right of Way,Inattentive,,,,,,,,,Yes,Yes,,,,,Yes,Yes,,,,31,Yorkdale-Glen Park,31,Yorkdale-Glen Park (31),D13,17282
-8857536.8143701,5417078.21825965,81580991,1001598412,2021,2021/08/22 04:00:00+00,1828,MARTIN GROVE RD,Near TOLLINGTON RD,1 m North of,Major Arterial,Etobicoke York,12,43.686652,-79.568607,Mid-Block,Non Intersection,No Control,Clear,Daylight,Dry,Non-Fatal Injury,Turning Movement,Driver,15 to 19,Minor,,North,"Automobile, Station Wagon",Making U Turn,Improper Turn,Inattentive,,,,,,,,,Yes,,,,,Yes,,,,,,7,Willowridge-Martingrove-Richview,7,Willowridge-Martingrove-Richview (7),D23,17283
-8857536.8143701,5417078.21825965,81580992,1001598412,2021,2021/08/22 04:00:00+00,1828,MARTIN GROVE RD,Near TOLLINGTON RD,1 m North of,Major Arterial,Etobicoke York,12,43.686652,-79.568607,Mid-Block,Non Intersection,No Control,Clear,Daylight,Dry,Non-Fatal Injury,Turning Movement,Driver,30 to 34,Minimal,,North,"Automobile, Station Wagon",Going Ahead,Driving Properly,Normal,,,,,,,,,Yes,,,,,Yes,,,,,,7,Willowridge-Martingrove-Richview,7,Willowridge-Martingrove-Richview (7),D23,17284
-8857536.8143701,5417078.21825965,81580993,1001598412,2021,2021/08/22 04:00:00+00,1828,MARTIN GROVE RD,Near TOLLINGTON RD,1 m North of,Major Arterial,Etobicoke York,12,43.686652,-79.568607,Mid-Block,Non Intersection,No Control,Clear,Daylight,Dry,Non-Fatal Injury,Turning Movement,Passenger,15 to 19,Minimal,,North,"Automobile, Station Wagon",Making U Turn,,,,,,,,,,,Yes,,,,,Yes,,,,,,7,Willowridge-Martingrove-Richview,7,Willowridge-Martingrove-Richview (7),D23,17285
-8857536.8143701,5417078.21825965,81580994,1001598412,2021,2021/08/22 04:00:00+00,1828,MARTIN GROVE RD,Near TOLLINGTON RD,1 m North of,Major Arterial,Etobicoke York,12,43.686652,-79.568607,Mid-Block,Non Intersection,No Control,Clear,Daylight,Dry,Non-Fatal Injury,Turning Movement,Passenger,15 to 19,Major,,North,"Automobile, Station Wagon",Making U Turn,,,,,,,,,,,Yes,,,,,Yes,,,,,,7,Willowridge-Martingrove-Richview,7,Willowridge-Martingrove-Richview (7),D23,17286
-8857536.8143701,5417078.21825965,81580995,1001598412,2021,2021/08/22 04:00:00+00,1828,MARTIN GROVE RD,Near TOLLINGTON RD,1 m North of,Major Arterial,Etobicoke York,12,43.686652,-79.568607,Mid-Block,Non Intersection,No Control,Clear,Daylight,Dry,Non-Fatal Injury,Turning Movement,Passenger,15 to 19,Major,,North,"Automobile, Station Wagon",Going Ahead,,,,,,,,,,,Yes,,,,,Yes,,,,,,7,Willowridge-Martingrove-Richview,7,Willowridge-Martingrove-Richview (7),D23,17287
-8857536.8143701,5417078.21825965,81580996,1001598412,2021,2021/08/22 04:00:00+00,1828,MARTIN GROVE RD,Near TOLLINGTON RD,1 m North of,Major Arterial,Etobicoke York,12,43.686652,-79.568607,Mid-Block,Non Intersection,No Control,Clear,Daylight,Dry,Non-Fatal Injury,Turning Movement,Passenger,15 to 19,Minimal,,North,"Automobile, Station Wagon",Making U Turn,,,,,,,,,,,Yes,,,,,Yes,,,,,,7,Willowridge-Martingrove-Richview,7,Willowridge-Martingrove-Richview (7),D23,17288
-8857536.8143701,5417078.21825965,81580997,1001598412,2021,2021/08/22 04:00:00+00,1828,MARTIN GROVE RD,Near TOLLINGTON RD,1 m North of,Major Arterial,Etobicoke York,12,43.686652,-79.568607,Mid-Block,Non Intersection,No Control,Clear,Daylight,Dry,Non-Fatal Injury,Turning Movement,Passenger,30 to 34,None,,North,"Automobile, Station Wagon",Going Ahead,,,,,,,,,,,Yes,,,,,Yes,,,,,,7,Willowridge-Martingrove-Richview,7,Willowridge-Martingrove-Richview (7),D23,17289
-8857536.8143701,5417078.21825965,81580998,1001598412,2021,2021/08/22 04:00:00+00,1828,MARTIN GROVE RD,Near TOLLINGTON RD,1 m North of,Major Arterial,Etobicoke York,12,43.686652,-79.568607,Mid-Block,Non Intersection,No Control,Clear,Daylight,Dry,Non-Fatal Injury,Turning Movement,Passenger,0 to 4,None,,North,"Automobile, Station Wagon",Going Ahead,,,,,,,,,,,Yes,,,,,Yes,,,,,,7,Willowridge-Martingrove-Richview,7,Willowridge-Martingrove-Richview (7),D23,17290