X,Y,INDEX_,ACCNUM,YEAR,DATE,TIME,STREET1,STREET2,OFFSET,ROAD_CLASS,DISTRICT,WARDNUM,LATITUDE,LONGITUDE,LOCCOORD,ACCLOC,TRAFFCTL,VISIBILITY,LIGHT,RDSFCOND,ACCLASS,IMPACTYPE,INVTYPE,INVAGE,INJURY,FATAL_NO,INITDIR,VEHTYPE,MANOEUVER,DRIVACT,DRIVCOND,PEDTYPE,PEDACT,PEDCOND,CYCLISTYPE,CYCACT,CYCCOND,PEDESTRIAN,CYCLIST,AUTOMOBILE,MOTORCYCLE,TRUCK,TRSN_CITY_VEH,EMERG_VEH,PASSENGER,SPEEDING,AG_DRIV,REDLIGHT,ALCOHOL,DISABILITY,HOOD_158,NEIGHBOURHOOD_158,HOOD_140,NEIGHBOURHOOD_140,DIVISION,ObjectId
-8824270.5430194,5420828.53530208,81651096,2000258732,2022,2022/02/08 05:00:00+00,2039,BIRCHMOUNT ROAD,ZENITH DR,18 m S of,Minor Arterial,Scarborough,,43.711009,-79.269771,Intersection,Intersection Related,Stop Sign,Clear,Dark,Dry,Non-Fatal Injury,Pedestrian Collisions,Driver,50 to 54,None,,West,Pick Up Truck,Turning Left,Lost control,Normal,,,,,,,Yes,,Yes,,,,,,,,,,,120,Clairlea-Birchmount,120,Clairlea-Birchmount (120),D41,17609
-8836367.96604238,5411484.59720863,81658184,2001253169,2022,2022/07/02 04:00:00+00,42,ADELAIDE ST E,YONGE ST,,Major Arterial,Toronto and East York,13,43.650305,-79.378444,Intersection,At Intersection,Traffic Signal,Clear,"Dark, artificial",Dry,Non-Fatal Injury,Pedestrian Collisions,Pedestrian,20 to 24,Major,,South,,,,,Vehicle is going straight thru inter.while ped cross without ROW,Crossing without right of way,Normal,,,,Yes,,Yes,,,,,,Yes,Yes,,,,170,Yonge-Bay Corridor,76,Bay Street Corridor (76),D52,17610
-8847728.23139733,5407460.18391684,81648422,1002218081,2021,2021/11/17 05:00:00+00,1856,LAKESHORE BLVD,SHORE BREEZE DR,3 m West of,Major Arterial,Etobicoke York,3,43.624141,-79.480495,Mid-Block,Non Intersection,No Control,Rain,Dark,Wet,Non-Fatal Injury,Pedestrian Collisions,Driver,15 to 19,None,,East,"Automobile, Station Wagon",Going Ahead,Driving Properly,Normal,,,,,,,Yes,,Yes,,,,,,,,,,,161,Humber Bay Shores,17,Mimico (includes Humber Bay Shores) (17),D22,17611
-8853226.52368659,5426383.59642631,81577413,1001142501,2021,2021/06/18 04:00:00+00,1725,720 ARROW RD,,,Minor Arterial,North York,,43.747069,-79.529887,Mid-Block,Non Intersection,No Control,Clear,Daylight,Dry,Fatal,Approaching,Motorcycle Driver,60 to 64,Fatal,18,South,Motorcycle,Going Ahead,Improper Passing,Unknown,,,,,,,,,Yes,Yes,,,,,,Yes,,,,22,Humbermede,22,Humbermede (22),D31,17612
-8846680.15839151,5414778.30934004,81648959,2000860343,2022,2022/05/08 04:00:00+00,1915,ST CLAIR AVE W,GUNNS RD,2 m West of,Major Arterial,Etobicoke York,5,43.67171,-79.47108,Intersection,Intersection Related,Traffic Signal,Clear,Daylight,Dry,Non-Fatal Injury,Turning Movement,Driver,25 to 29,Major,,South,"Automobile, Station Wagon",Turning Right,Disobeyed Traffic Control,Inattentive,,,,,,,,,Yes,,,,,Yes,Yes,Yes,Yes,,,90,Junction Area,90,Junction Area (90),D11,17613
-8847728.23139733,5407460.18391684,81648423,1002218081,2021,2021/11/17 05:00:00+00,1856,LAKESHORE BLVD,SHORE BREEZE DR,3 m West of,Major Arterial,Etobicoke York,3,43.624141,-79.480495,Mid-Block,Non Intersection,No Control,Rain,Dark,Wet,Non-Fatal Injury,Pedestrian Collisions,Pedestrian,25 to 29,Major,,,,,,,,,Inattentive,,,,Yes,,Yes,,,,,,,,,,,161,Humber Bay Shores,17,Mimico (includes Humber Bay Shores) (17),D22,17614
-8818468.90511773,5434239.87380884,81665741,2001780111,2022,2022/09/13 04:00:00+00,730,SHEPPARD AVE E,NEILSON RD,,Major Arterial,Scarborough,2325,43.79803,-79.217654,Intersection,At Intersection,Traffic Signal,Clear,Daylight,Dry,Non-Fatal Injury,Turning Movement,Driver,20 to 24,Minimal,,South,"Automobile, Station Wagon",Going Ahead,Driving Properly,Normal,,,,,,,,,Yes,,,,,Yes,,,,,,146,Malvern East,132,Malvern (132),D42,17615
-8838833.47012447,5410769.84516485,81666275,2001257548,2022,2022/07/02 04:00:00+00,1809,ADELAIDE ST W,PORTLAND ST,8 m East of,Major Arterial,Toronto and East York,,43.645659,-79.400592,Intersection,At Intersection,Traffic Signal,Clear,Daylight,Dry,Non-Fatal Injury,Cyclist Collisions,Truck Driver,45 to 49,None,,North,Truck (other),Turning Right,Failed to Yield Right of Way,Normal,,,,,,,,Yes,,,Yes,,,,,Yes,,,,164,Wellington Place,77,Waterfront Communities-The Island (77),D14,17616
-8853226.52368659,5426383.59642631,81577414,1001142501,2021,2021/06/18 04:00:00+00,1725,720 ARROW RD,,,Minor Arterial,North York,,43.747069,-79.529887,Mid-Block,Non Intersection,No Control,Clear,Daylight,Dry,Fatal,Approaching,Driver,30 to 34,None,,North,"Automobile, Station Wagon",Going Ahead,Driving Properly,Normal,,,,,,,,,Yes,Yes,,,,,,Yes,,,,22,Humbermede,22,Humbermede (22),D31,17617
-8853226.52368659,5426383.59642631,81577415,1001142501,2021,2021/06/18 04:00:00+00,1725,720 ARROW RD,,,Minor Arterial,North York,,43.747069,-79.529887,Mid-Block,Non Intersection,No Control,Clear,Daylight,Dry,Fatal,Approaching,Driver,65 to 69,None,,North,"Automobile, Station Wagon",Going Ahead,Driving Properly,Normal,,,,,,,,,Yes,Yes,,,,,,Yes,,,,22,Humbermede,22,Humbermede (22),D31,17618
-8824270.5430194,5420828.53530208,81651097,2000258732,2022,2022/02/08 05:00:00+00,2039,BIRCHMOUNT ROAD,ZENITH DR,18 m S of,Minor Arterial,Scarborough,,43.711009,-79.269771,Intersection,Intersection Related,Stop Sign,Clear,Dark,Dry,Non-Fatal Injury,Pedestrian Collisions,Pedestrian,30 to 34,Major,,Unknown,,,,,Pedestrian hit on sidewalk or shoulder,On Sidewalk or Shoulder,Normal,,,,Yes,,Yes,,,,,,,,,,,120,Clairlea-Birchmount,120,Clairlea-Birchmount (120),D41,17619
-8835538.19055801,5412702.54144688,81604192,1002221731,2021,2021/11/18 05:00:00+00,959,SHERBOURNE ST,DUNDAS ST  E,,Major Arterial,Toronto and East York,13,43.658221,-79.37099,Intersection,At Intersection,Traffic Signal,Clear,Daylight,Dry,Fatal,Pedestrian Collisions,Truck Driver,55 to 59,Minimal,,South,Truck (other),Turning Left,Driving Properly,Normal,,,,,,,Yes,,,,Yes,,,,,,,,,73,Moss Park,73,Moss Park (73),D51,17620
-8818468.90511773,5434239.87380884,81665742,2001780111,2022,2022/09/13 04:00:00+00,730,SHEPPARD AVE E,NEILSON RD,,Major Arterial,Scarborough,2325,43.79803,-79.217654,Intersection,At Intersection,Traffic Signal,Clear,Daylight,Dry,Non-Fatal Injury,Turning Movement,Passenger,15 to 19,Major,,,,,,,,,,,,,,,Yes,,,,,Yes,,,,,,146,Malvern East,132,Malvern (132),D42,17621
-8838833.47012447,5410769.84516485,81666276,2001257548,2022,2022/07/02 04:00:00+00,1809,ADELAIDE ST W,PORTLAND ST,8 m East of,Major Arterial,Toronto and East York,,43.645659,-79.400592,Intersection,At Intersection,Traffic Signal,Clear,Daylight,Dry,Non-Fatal Injury,Cyclist Collisions,Cyclist,15 to 19,Major,,North,Bicycle,Going Ahead,,,,,,Motorist turning right on green or amber at signalized intersection strikes cyclist.,Driving Properly,Normal,,Yes,,,Yes,,,,,Yes,,,,164,Wellington Place,77,Waterfront Communities-The Island (77),D14,17622
-8838652.57595193,5412249.4092792,81542863,1000814402,2021,2021/05/03 04:00:00+00,1824,SPADINA  AVE,NASSAU  ST,60 m South of,Major Arterial,Toronto and East York,,43.655276,-79.398967,Mid-Block,Non Intersection,No Control,Clear,Daylight,Dry,Non-Fatal Injury,Pedestrian Collisions,Pedestrian,45 to 49,Major,,West,,,,,Pedestrian involved in a collision with transit vehicle anywhere along roadway,"Crossing, no Traffic Control",Inattentive,,,,Yes,,,,,Yes,,Yes,,,,,,78,Kensington-Chinatown,78,Kensington-Chinatown (78),D52,17623
-8825445.07496676,5420721.04103531,81645440,2001265655,2022,2022/07/03 04:00:00+00,2245,701 WARDEN AVE,,,Minor Arterial,Scarborough,1,43.710311,-79.280322,Mid-Block,Non Intersection,No Control,Clear,"Dusk, artificial",Dry,Fatal,Rear End,Driver,40 to 44,None,,South,"Automobile, Station Wagon",Going Ahead,Driving Properly,Normal,,,,,,,,,Yes,,,,,Yes,,,,,,121,Oakridge,121,Oakridge (121),D41,17624
-8844806.65136146,5425565.9945651,81650652,2000267263,2022,2022/02/10 05:00:00+00,700,WILLIAM R ALLEN RD,TRANSIT RD,,Major Arterial,North York,,43.741763,-79.45425,Intersection,At Intersection,Traffic Signal,Clear,Daylight,Wet,Non-Fatal Injury,Turning Movement,Truck Driver,25 to 29,None,,South,Truck-Tractor,Going Ahead,Disobeyed Traffic Control,Normal,,,,,,,,,Yes,,Yes,,,,,Yes,Yes,,,33,Clanton Park,33,Clanton Park (33),D32,17625
-8854975.24156746,5402161.93273075,81577644,1001151188,2021,2021/06/19 04:00:00+00,2219,LAKE SHORE BLVD W,FORTY SECOND ST,,Major Arterial,Etobicoke York,,43.589678,-79.545596,Intersection,At Intersection,Stop Sign,Clear,"Dark, artificial",Dry,Fatal,Turning Movement,Driver,30 to 34,None,,North,"Automobile, Station Wagon",Turning Left,Driving Properly,Normal,,,,,,,,,Yes,Yes,,,,,,,,,,19,Long Branch,19,Long Branch (19),D22,17626
-8846680.15839151,5414778.30934004,81648960,2000860343,2022,2022/05/08 04:00:00+00,1915,ST CLAIR AVE W,GUNNS RD,2 m West of,Major Arterial,Etobicoke York,5,43.67171,-79.47108,Intersection,Intersection Related,Traffic Signal,Clear,Daylight,Dry,Non-Fatal Injury,Turning Movement,Driver,35 to 39,None,,South,"Automobile, Station Wagon",Turning Right,Driving Properly,Normal,,,,,,,,,Yes,,,,,Yes,Yes,Yes,Yes,,,90,Junction Area,90,Junction Area (90),D11,17627
-8835979.79497799,5411392.59632073,81665285,2001790386,2022,2022/09/14 04:00:00+00,1436,KING ST E,CHURCH ST,52 m West of,Major Arterial,Toronto and East York,,43.649707,-79.374957,Mid-Block,Non Intersection,No Control,Clear,Daylight,Dry,Non-Fatal Injury,Cyclist Collisions,Motorcycle Driver,20 to 24,Major,,East,Motorcycle,Going Ahead,Exceeding Speed Limit,Normal,,,,,,,,Yes,,Yes,,,,,Yes,Yes,,,,168,Downtown Yonge East,75,Church-Yonge Corridor (75),D51,17628
-8835538.19055801,5412702.54144688,81604711,1002221731,2021,2021/11/18 05:00:00+00,959,SHERBOURNE ST,DUNDAS ST  E,,Major Arterial,Toronto and East York,13,43.658221,-79.37099,Intersection,At Intersection,Traffic Signal,Clear,Daylight,Dry,Fatal,Pedestrian Collisions,Wheelchair,55 to 59,Fatal,53,West,,Going Ahead,,,Vehicle turns left while ped crosses without ROW at inter.,Crossing without right of way,Inattentive,,,,Yes,,,,Yes,,,,,,,,,73,Moss Park,73,Moss Park (73),D51,17629
-8838652.57595193,5412249.4092792,81542864,1000814402,2021,2021/05/03 04:00:00+00,1824,SPADINA  AVE,NASSAU  ST,60 m South of,Major Arterial,Toronto and East York,,43.655276,-79.398967,Mid-Block,Non Intersection,No Control,Clear,Daylight,Dry,Non-Fatal Injury,Pedestrian Collisions,Passenger,50 to 54,Minimal,,,,,,,,,,,,,Yes,,,,,Yes,,Yes,,,,,,78,Kensington-Chinatown,78,Kensington-Chinatown (78),D52,17630
-8833048.08486845,5415116.44100161,81649459,1002268507,2021,2021/11/24 05:00:00+00,1810,24 GRANDVIEW AVE,Hampton  Ave,101 m East of,,,,43.673907,-79.348621,Mid-Block,Non Intersection,No Control,Clear,"Dark, artificial",Dry,Non-Fatal Injury,Pedestrian Collisions,Truck Driver,55 to 59,None,,East,Truck - Dump,Going Ahead,Driving Properly,Normal,,,,,,,Yes,,,,Yes,,,,,,,,,68,North Riverdale,68,North Riverdale (68),D55,17631
-8825445.07496676,5420721.04103531,81645441,2001265655,2022,2022/07/03 04:00:00+00,2245,701 WARDEN AVE,,,Minor Arterial,Scarborough,1,43.710311,-79.280322,Mid-Block,Non Intersection,No Control,Clear,"Dusk, artificial",Dry,Fatal,Rear End,Driver,55 to 59,Major,,North,"Automobile, Station Wagon",Going Ahead,Driving Properly,Normal,,,,,,,,,Yes,,,,,Yes,,,,,,121,Oakridge,121,Oakridge (121),D41,17632
-8844806.65136146,5425565.9945651,81650653,2000267263,2022,2022/02/10 05:00:00+00,700,WILLIAM R ALLEN RD,TRANSIT RD,,Major Arterial,North York,,43.741763,-79.45425,Intersection,At Intersection,Traffic Signal,Clear,Daylight,Wet,Non-Fatal Injury,Turning Movement,Driver,65 to 69,Major,,East,"Automobile, Station Wagon",Turning Left,Driving Properly,Normal,,,,,,,,,Yes,,Yes,,,,,Yes,Yes,,,33,Clanton Park,33,Clanton Park (33),D32,17633
-8854975.24156746,5402161.93273075,81577653,1001151188,2021,2021/06/19 04:00:00+00,2219,LAKE SHORE BLVD W,FORTY SECOND ST,,Major Arterial,Etobicoke York,,43.589678,-79.545596,Intersection,At Intersection,Stop Sign,Clear,"Dark, artificial",Dry,Fatal,Turning Movement,Motorcycle Driver,35 to 39,Fatal,10,East,Motorcycle,Going Ahead,Other,Unknown,,,,,,,,,Yes,Yes,,,,,,,,,,19,Long Branch,19,Long Branch (19),D22,17634
-8846680.15839151,5414778.30934004,81648961,2000860343,2022,2022/05/08 04:00:00+00,1915,ST CLAIR AVE W,GUNNS RD,2 m West of,Major Arterial,Etobicoke York,5,43.67171,-79.47108,Intersection,Intersection Related,Traffic Signal,Clear,Daylight,Dry,Non-Fatal Injury,Turning Movement,Passenger,15 to 19,None,,,,,,,,,,,,,,,Yes,,,,,Yes,Yes,Yes,Yes,,,90,Junction Area,90,Junction Area (90),D11,17635
-8835979.79497799,5411392.59632073,81665286,2001790386,2022,2022/09/14 04:00:00+00,1436,KING ST E,CHURCH ST,52 m West of,Major Arterial,Toronto and East York,,43.649707,-79.374957,Mid-Block,Non Intersection,No Control,Clear,Daylight,Dry,Non-Fatal Injury,Cyclist Collisions,Cyclist,40 to 44,None,,West,Bicycle,Turning Left,,,,,,Cyclist turned left across motorists path.,Improper Turn,Normal,,Yes,,Yes,,,,,Yes,Yes,,,,168,Downtown Yonge East,75,Church-Yonge Corridor (75),D51,17636
-8855073.75931681,5429950.08796478,81576673,1000863120,2021,2021/05/10 04:00:00+00,1752,WESTON  RD,STEELES AVE W,,Major Arterial,Etobicoke York,7,43.770209,-79.546481,Intersection,At Intersection,Traffic Signal,Clear,Daylight,Dry,Non-Fatal Injury,Rear End,Driver,55 to 59,Major,,North,"Automobile, Station Wagon",Going Ahead,Disobeyed Traffic Control,Unknown,,,,,,,,,Yes,,,,,,Yes,Yes,Yes,,,21,Humber Summit,21,Humber Summit (21),D31,17637
-8833048.08486845,5415116.44100161,81649460,1002268507,2021,2021/11/24 05:00:00+00,1810,24 GRANDVIEW AVE,Hampton  Ave,101 m East of,,,,43.673907,-79.348621,Mid-Block,Non Intersection,No Control,Clear,"Dark, artificial",Dry,Non-Fatal Injury,Pedestrian Collisions,Pedestrian,60 to 64,Major,,,,,,,,,Inattentive,,,,Yes,,,,Yes,,,,,,,,,68,North Riverdale,68,North Riverdale (68),D55,17638
-8846680.15839151,5414778.30934004,81648962,2000860343,2022,2022/05/08 04:00:00+00,1915,ST CLAIR AVE W,GUNNS RD,2 m West of,Major Arterial,Etobicoke York,5,43.67171,-79.47108,Intersection,Intersection Related,Traffic Signal,Clear,Daylight,Dry,Non-Fatal Injury,Turning Movement,Passenger,0 to 4,None,,,,,,,,,,,,,,,Yes,,,,,Yes,Yes,Yes,Yes,,,90,Junction Area,90,Junction Area (90),D11,17639
-8825445.07496676,5420721.04103531,81645442,2001265655,2022,2022/07/03 04:00:00+00,2245,701 WARDEN AVE,,,Minor Arterial,Scarborough,1,43.710311,-79.280322,Mid-Block,Non Intersection,No Control,Clear,"Dusk, artificial",Dry,Fatal,Rear End,Passenger,45 to 49,Minor,,,,,,,,,,,,,,,Yes,,,,,Yes,,,,,,121,Oakridge,121,Oakridge (121),D41,17640
-8840247.56161602,5431484.99780442,81577519,1001163687,2021,2021/06/21 04:00:00+00,1842,FINCH AVE E,KENNETH AVE,90 m West of,Major Arterial,North York,,43.780165,-79.413295,Mid-Block,Non Intersection,No Control,Clear,Daylight,Dry,Fatal,Rear End,Driver,75 to 79,Major,,West,"Automobile, Station Wagon",Going Ahead,Lost control,Unknown,,,,,,,,,Yes,,,Yes,,Yes,,,,,,151,Yonge-Doris,51,Willowdale East (51),D32,17641
-8838686.52839662,5420827.91928553,81648272,2000271559,2022,2022/02/10 05:00:00+00,1900,YONGE ST,ERSKINE AVE,,Major Arterial,,815,43.711005,-79.399272,Intersection,At Intersection,No Control,Clear,"Dark, artificial",Dry,Non-Fatal Injury,Pedestrian Collisions,Driver,30 to 34,None,,South,"Automobile, Station Wagon",Turning Left,Failed to Yield Right of Way,Inattentive,,,,,,,Yes,,Yes,,,,,Yes,,Yes,,,,173,North Toronto,104,Mount Pleasant West (104),D53,17642
-8855073.75931681,5429950.08796478,81576674,1000863120,2021,2021/05/10 04:00:00+00,1752,WESTON  RD,STEELES AVE W,,Major Arterial,Etobicoke York,7,43.770209,-79.546481,Intersection,At Intersection,Traffic Signal,Clear,Daylight,Dry,Non-Fatal Injury,Rear End,Driver,55 to 59,Major,,North,"Automobile, Station Wagon",Stopped,Driving Properly,Normal,,,,,,,,,Yes,,,,,,Yes,Yes,Yes,,,21,Humber Summit,21,Humber Summit (21),D31,17643
-8847939.62711034,5413949.26965864,81665959,2001792754,2022,2022/09/14 04:00:00+00,2005,RUNNYMEDE RD,MARIA ST,10 m South of,Minor Arterial,,,43.666323,-79.482394,Mid-Block,Non Intersection,No Control,Clear,"Dark, artificial",Dry,Non-Fatal Injury,Rear End,Driver,unknown,None,,South,"Automobile, Station Wagon",Going Ahead,Speed too Fast For Condition,Inattentive,,,,,,,,,Yes,Yes,,,,,Yes,Yes,,,,90,Junction Area,90,Junction Area (90),D11,17644
-8853096.72516032,5411248.28908092,81646508,1002303219,2021,2021/11/29 05:00:00+00,1855,BURNHAMTHORPE RD,CORDOVA AV,,Major Arterial,Etobicoke York,3,43.648769,-79.528721,Intersection,At Intersection,Traffic Signal,Snow,"Dark, artificial",Wet,Non-Fatal Injury,Turning Movement,Driver,50 to 54,Minimal,,North,"Automobile, Station Wagon",Going Ahead,Disobeyed Traffic Control,Inattentive,,,,,,,,,Yes,,,,,,Yes,Yes,Yes,,,158,Islington,14,Islington-City Centre West (14),D22,17645
-8822125.19379284,5430934.58391121,81647585,2000874402,2022,2022/05/10 04:00:00+00,1632,CONSILIUM PL,PROGRESS AVE,,Minor Arterial,Scarborough,24,43.776595,-79.250499,Intersection,At Intersection,Traffic Signal,Clear,Daylight,Dry,Non-Fatal Injury,Turning Movement,Driver,50 to 54,None,,East,"Automobile, Station Wagon",Turning Left,Improper Turn,Inattentive,,,,,,,,,Yes,Yes,,,,,,,,,,142,Woburn North,137,Woburn (137),D43,17646
-8840247.56161602,5431484.99780442,81577520,1001163687,2021,2021/06/21 04:00:00+00,1842,FINCH AVE E,KENNETH AVE,90 m West of,Major Arterial,North York,,43.780165,-79.413295,Mid-Block,Non Intersection,No Control,Clear,Daylight,Dry,Fatal,Rear End,Driver,60 to 64,Minor,,West,Municipal Transit Bus (TTC),Going Ahead,Driving Properly,Normal,,,,,,,,,Yes,,,Yes,,Yes,,,,,,151,Yonge-Doris,51,Willowdale East (51),D32,17647
-8838686.52839662,5420827.91928553,81648273,2000271559,2022,2022/02/10 05:00:00+00,1900,YONGE ST,ERSKINE AVE,,Major Arterial,,815,43.711005,-79.399272,Intersection,At Intersection,No Control,Clear,"Dark, artificial",Dry,Non-Fatal Injury,Pedestrian Collisions,Passenger,35 to 39,None,,,,,,,,,,,,,Yes,,Yes,,,,,Yes,,Yes,,,,173,North Toronto,104,Mount Pleasant West (104),D53,17648
-8855073.75931681,5429950.08796478,81576675,1000863120,2021,2021/05/10 04:00:00+00,1752,WESTON  RD,STEELES AVE W,,Major Arterial,Etobicoke York,7,43.770209,-79.546481,Intersection,At Intersection,Traffic Signal,Clear,Daylight,Dry,Non-Fatal Injury,Rear End,Driver,30 to 34,None,,North,"Automobile, Station Wagon",Stopped,Driving Properly,Normal,,,,,,,,,Yes,,,,,,Yes,Yes,Yes,,,21,Humber Summit,21,Humber Summit (21),D31,17649
-8847939.62711034,5413949.26965864,81665960,2001792754,2022,2022/09/14 04:00:00+00,2005,RUNNYMEDE RD,MARIA ST,10 m South of,Minor Arterial,,,43.666323,-79.482394,Mid-Block,Non Intersection,No Control,Clear,"Dark, artificial",Dry,Non-Fatal Injury,Rear End,Driver,20 to 24,None,,South,"Automobile, Station Wagon",Stopped,Driving Properly,Normal,,,,,,,,,Yes,Yes,,,,,Yes,Yes,,,,90,Junction Area,90,Junction Area (90),D11,17650
-8853096.72516032,5411248.28908092,81646509,1002303219,2021,2021/11/29 05:00:00+00,1855,BURNHAMTHORPE RD,CORDOVA AV,,Major Arterial,Etobicoke York,3,43.648769,-79.528721,Intersection,At Intersection,Traffic Signal,Snow,"Dark, artificial",Wet,Non-Fatal Injury,Turning Movement,Driver,20 to 24,Major,,West,"Automobile, Station Wagon",Turning Right,Driving Properly,Normal,,,,,,,,,Yes,,,,,,Yes,Yes,Yes,,,158,Islington,14,Islington-City Centre West (14),D22,17651
-8822125.19379284,5430934.58391121,81647586,2000874402,2022,2022/05/10 04:00:00+00,1632,CONSILIUM PL,PROGRESS AVE,,Minor Arterial,Scarborough,24,43.776595,-79.250499,Intersection,At Intersection,Traffic Signal,Clear,Daylight,Dry,Non-Fatal Injury,Turning Movement,Motorcycle Driver,55 to 59,Major,,West,Motorcycle,Going Ahead,Driving Properly,Normal,,,,,,,,,Yes,Yes,,,,,,,,,,142,Woburn North,137,Woburn (137),D43,17652
-8825445.07496676,5420721.04103531,81645443,2001265655,2022,2022/07/03 04:00:00+00,2245,701 WARDEN AVE,,,Minor Arterial,Scarborough,1,43.710311,-79.280322,Mid-Block,Non Intersection,No Control,Clear,"Dusk, artificial",Dry,Fatal,Rear End,Passenger,75 to 79,Major,,,,,,,,,,,,,,,Yes,,,,,Yes,,,,,,121,Oakridge,121,Oakridge (121),D41,17653
-8840247.56161602,5431484.99780442,81577521,1001163687,2021,2021/06/21 04:00:00+00,1842,FINCH AVE E,KENNETH AVE,90 m West of,Major Arterial,North York,,43.780165,-79.413295,Mid-Block,Non Intersection,No Control,Clear,Daylight,Dry,Fatal,Rear End,Passenger,75 to 79,Fatal,12,,,,,,,,,,,,,,Yes,,,Yes,,Yes,,,,,,151,Yonge-Doris,51,Willowdale East (51),D32,17654
-8847939.62711034,5413949.26965864,81665961,2001792754,2022,2022/09/14 04:00:00+00,2005,RUNNYMEDE RD,MARIA ST,10 m South of,Minor Arterial,,,43.666323,-79.482394,Mid-Block,Non Intersection,No Control,Clear,"Dark, artificial",Dry,Non-Fatal Injury,Rear End,Motorcycle Driver,50 to 54,Major,,South,Motorcycle,Stopped,Driving Properly,Normal,,,,,,,,,Yes,Yes,,,,,Yes,Yes,,,,90,Junction Area,90,Junction Area (90),D11,17655
-8831917.63543945,5418187.12616152,81651428,1002310021,2021,2021/11/30 05:00:00+00,1700,PLAINS RD,GREENWOOD AV,,,,,43.693855,-79.338466,Intersection,At Intersection,Stop Sign,Rain,"Dusk, artificial",Wet,Non-Fatal Injury,Cyclist Collisions,Driver,unknown,None,,West,"Automobile, Station Wagon",Going Ahead,Failed to Yield Right of Way,Inattentive,,,,,,,,Yes,Yes,,,,,,,Yes,,,,58,Old East York,58,Old East York (58),D55,17656
-8838686.52839662,5420827.91928553,81648274,2000271559,2022,2022/02/10 05:00:00+00,1900,YONGE ST,ERSKINE AVE,,Major Arterial,,815,43.711005,-79.399272,Intersection,At Intersection,No Control,Clear,"Dark, artificial",Dry,Non-Fatal Injury,Pedestrian Collisions,Pedestrian,60 to 64,Major,,North,,,,,Vehicle turns left while ped crosses with ROW at inter.,Crossing with right of way,Normal,,,,Yes,,Yes,,,,,Yes,,Yes,,,,173,North Toronto,104,Mount Pleasant West (104),D53,17657
-8824415.81495489,5429586.74826223,81647068,2000874869,2022,2022/05/10 04:00:00+00,1728,ELLESMERE RD,MIDLAND AVE,,Major Arterial,Scarborough,21,43.767852,-79.271076,Intersection,At Intersection,Traffic Signal,Clear,Daylight,Dry,Non-Fatal Injury,Pedestrian Collisions,Driver,55 to 59,None,,East,"Automobile, Station Wagon",Going Ahead,Driving Properly,Inattentive,,,,,,,Yes,,Yes,,,,,,,,,,,156,Bendale-Glen Andrew,127,Bendale (127),D41,17658
-8831917.63543945,5418187.12616152,81651429,1002310021,2021,2021/11/30 05:00:00+00,1700,PLAINS RD,GREENWOOD AV,,,,,43.693855,-79.338466,Intersection,At Intersection,Stop Sign,Rain,"Dusk, artificial",Wet,Non-Fatal Injury,Cyclist Collisions,Cyclist,65 to 69,Major,,South,Bicycle,Going Ahead,,,,,,,Driving Properly,Normal,,Yes,Yes,,,,,,,Yes,,,,58,Old East York,58,Old East York (58),D55,17659
-8831815.66678588,5418507.67662339,81649684,2000284125,2022,2022/02/12 05:00:00+00,1945,384 O CONNOR DR,,100 m East of,Major Arterial,Toronto and East York,,43.695937,-79.33755,Mid-Block,Non Intersection,No Control,Clear,"Dark, artificial",Dry,Non-Fatal Injury,Other,Driver,40 to 44,None,,West,Municipal Transit Bus (TTC),Slowing or Stopping,Driving Properly,Normal,,,,,,,,,,,,Yes,,Yes,,,,,,58,Old East York,58,Old East York (58),D55,17660
-8825445.07496676,5420721.04103531,81651490,2001265655,2022,2022/07/03 04:00:00+00,2245,701 WARDEN AVE,,,Minor Arterial,Scarborough,1,43.710311,-79.280322,Mid-Block,Non Intersection,No Control,Clear,"Dusk, artificial",Dry,Fatal,Rear End,Passenger,0 to 4,None,,,,,,,,,,,,,,,Yes,,,,,Yes,,,,,,121,Oakridge,121,Oakridge (121),D41,17661
-8840247.56161602,5431484.99780442,81577522,1001163687,2021,2021/06/21 04:00:00+00,1842,FINCH AVE E,KENNETH AVE,90 m West of,Major Arterial,North York,,43.780165,-79.413295,Mid-Block,Non Intersection,No Control,Clear,Daylight,Dry,Fatal,Rear End,Passenger,60 to 64,Minor,,,,,,,,,,,,,,,Yes,,,Yes,,Yes,,,,,,151,Yonge-Doris,51,Willowdale East (51),D32,17662
-8851173.01303992,5416648.42332493,81665221,2001796200,2022,2022/09/15 04:00:00+00,1032,EGLINTON AVE W,SCARLETT RD ET,7 m South of,Major Arterial,Etobicoke York,2,43.68386,-79.51144,Intersection,At Intersection,Traffic Signal,Clear,Daylight,Dry,Non-Fatal Injury,Rear End,Truck Driver,40 to 44,None,,West,Truck - Car Carrier,Going Ahead,Following too Close,Normal,,,,,,,,,Yes,,Yes,,,Yes,,Yes,,,,9,Edenbridge-Humber Valley,9,Edenbridge-Humber Valley (9),D22,17663
-8831815.66678588,5418507.67662339,81649685,2000284125,2022,2022/02/12 05:00:00+00,1945,384 O CONNOR DR,,100 m East of,Major Arterial,Toronto and East York,,43.695937,-79.33755,Mid-Block,Non Intersection,No Control,Clear,"Dark, artificial",Dry,Non-Fatal Injury,Other,Passenger,65 to 69,Major,,,,,,,,,,,,,,,,,,Yes,,Yes,,,,,,58,Old East York,58,Old East York (58),D55,17664