X,Y,INDEX_,ACCNUM,YEAR,DATE,TIME,STREET1,STREET2,OFFSET,ROAD_CLASS,DISTRICT,WARDNUM,LATITUDE,LONGITUDE,LOCCOORD,ACCLOC,TRAFFCTL,VISIBILITY,LIGHT,RDSFCOND,ACCLASS,IMPACTYPE,INVTYPE,INVAGE,INJURY,FATAL_NO,INITDIR,VEHTYPE,MANOEUVER,DRIVACT,DRIVCOND,PEDTYPE,PEDACT,PEDCOND,CYCLISTYPE,CYCACT,CYCCOND,PEDESTRIAN,CYCLIST,AUTOMOBILE,MOTORCYCLE,TRUCK,TRSN_CITY_VEH,EMERG_VEH,PASSENGER,SPEEDING,AG_DRIV,REDLIGHT,ALCOHOL,DISABILITY,HOOD_158,NEIGHBOURHOOD_158,HOOD_140,NEIGHBOURHOOD_140,DIVISION,ObjectId
-8857872.21999586,5425029.33827812,81680541,2002316382,2022,2022/11/27 05:00:00+00,1943,ALBION RD,TODD BROOK DR,8 m East of,Major Arterial,Etobicoke York,1,43.73828,-79.57162,Intersection,Intersection Related,No Control,Rain,"Dark, artificial",Wet,Property Damage Only,Pedestrian Collisions,Driver,40 to 44,None,,West,"Automobile, Station Wagon",Going Ahead,Driving Properly,Normal,,,,,,,Yes,,Yes,,,,,,,,,,,3,Thistletown-Beaumond Heights,3,Thistletown-Beaumond Heights (3),D23,18144
-8857872.21999586,5425029.33827812,81680542,2002316382,2022,2022/11/27 05:00:00+00,1943,ALBION RD,TODD BROOK DR,8 m East of,Major Arterial,Etobicoke York,1,43.73828,-79.57162,Intersection,Intersection Related,No Control,Rain,"Dark, artificial",Wet,Property Damage Only,Pedestrian Collisions,Pedestrian,45 to 49,Major,,South,,,,,Vehicle is going straight thru inter.while ped cross without ROW,Crossing without right of way,Other,,,,Yes,,Yes,,,,,,,,,,,3,Thistletown-Beaumond Heights,3,Thistletown-Beaumond Heights (3),D23,18145
-8822823.2783196,5422225.61262794,81688854,2002319142,2022,2022/11/28 05:00:00+00,840,LINDEN AVE,HARMONY AVE,1 m North of,Local,Scarborough,,43.72008,-79.25677,Intersection,Intersection Related,No Control,Clear,Daylight,Dry,Non-Fatal Injury,Pedestrian Collisions,Driver,35 to 39,None,,South,"Automobile, Station Wagon",Going Ahead,Driving Properly,Normal,,,,,,,Yes,,Yes,,,,,,,,,,,124,Kennedy Park,124,Kennedy Park (124),D41,18146
-8822823.2783196,5422225.61262794,81688855,2002319142,2022,2022/11/28 05:00:00+00,840,LINDEN AVE,HARMONY AVE,1 m North of,Local,Scarborough,,43.72008,-79.25677,Intersection,Intersection Related,No Control,Clear,Daylight,Dry,Non-Fatal Injury,Pedestrian Collisions,Pedestrian,10 to 14,Major,,West,,,,,Vehicle is going straight thru inter.while ped cross without ROW,Running onto Roadway,Normal,,,,Yes,,Yes,,,,,,,,,,,124,Kennedy Park,124,Kennedy Park (124),D41,18147
-8837794.74795588,5410424.1810029,81705321,2002373908,2022,2022/12/01 05:00:00+00,2130,BLUE JAYS WY,FRONT ST W,,Minor Arterial,Toronto and East York,10,43.643412,-79.391261,Intersection,At Intersection,Traffic Signal,Clear,Dark,Dry,Non-Fatal Injury,Cyclist Collisions,Driver,unknown,None,,West,"Automobile, Station Wagon",Going Ahead,Disobeyed Traffic Control,Unknown,,,,,,,,Yes,Yes,,,,,,,Yes,Yes,,,165,Harbourfront-CityPlace,77,Waterfront Communities-The Island (77),D52,18148
-8837794.74795588,5410424.1810029,81705322,2002373908,2022,2022/12/01 05:00:00+00,2130,BLUE JAYS WY,FRONT ST W,,Minor Arterial,Toronto and East York,10,43.643412,-79.391261,Intersection,At Intersection,Traffic Signal,Clear,Dark,Dry,Non-Fatal Injury,Cyclist Collisions,Cyclist,20 to 24,Major,,North,Bicycle,Going Ahead,,,,,,"Motorist without ROW drives into path of cyclist at inter, lnwy, dwy-Driver not turn.",Driving Properly,Normal,,Yes,Yes,,,,,,,Yes,Yes,,,165,Harbourfront-CityPlace,77,Waterfront Communities-The Island (77),D52,18149
-8855861.12207519,5427280.63804076,81704133,2002348553,2022,2022/12/02 05:00:00+00,130,21 MILVAN DR,,167 m North of PENN DR,Collector,,,43.75289,-79.553554,Mid-Block,Non Intersection,No Control,Clear,"Dark, artificial",Dry,Non-Fatal Injury,SMV Other,Driver,25 to 29,Major,,South,"Automobile, Station Wagon",Going Ahead,Speed too Fast For Condition,Had Been Drinking,,,,,,,,,Yes,,,,,,Yes,Yes,,,,21,Humber Summit,21,Humber Summit (21),D31,18150
-8822367.20236582,5424615.04187219,81688896,2002358910,2022,2022/12/03 05:00:00+00,1205,EGLINTON AVE E,GILDER DR,28 m East of,Major Arterial,Scarborough,,43.735591,-79.252673,Mid-Block,Non Intersection,No Control,Clear,Daylight,Wet,Non-Fatal Injury,Rear End,Driver,35 to 39,Major,,West,Municipal Transit Bus (TTC),Slowing or Stopping,Following too Close,Inattentive,,,,,,,,,Yes,,,Yes,,Yes,,Yes,,,,124,Kennedy Park,124,Kennedy Park (124),D41,18151
-8822367.20236582,5424615.04187219,81688897,2002358910,2022,2022/12/03 05:00:00+00,1205,EGLINTON AVE E,GILDER DR,28 m East of,Major Arterial,Scarborough,,43.735591,-79.252673,Mid-Block,Non Intersection,No Control,Clear,Daylight,Wet,Non-Fatal Injury,Rear End,Driver,25 to 29,Minimal,,West,"Automobile, Station Wagon",Stopped,Driving Properly,Normal,,,,,,,,,Yes,,,Yes,,Yes,,Yes,,,,124,Kennedy Park,124,Kennedy Park (124),D41,18152
-8822367.20236582,5424615.04187219,81688898,2002358910,2022,2022/12/03 05:00:00+00,1205,EGLINTON AVE E,GILDER DR,28 m East of,Major Arterial,Scarborough,,43.735591,-79.252673,Mid-Block,Non Intersection,No Control,Clear,Daylight,Wet,Non-Fatal Injury,Rear End,Driver,50 to 54,None,,West,Municipal Transit Bus (TTC),Stopped,Driving Properly,Normal,,,,,,,,,Yes,,,Yes,,Yes,,Yes,,,,124,Kennedy Park,124,Kennedy Park (124),D41,18153
-8822367.20236582,5424615.04187219,81688899,2002358910,2022,2022/12/03 05:00:00+00,1205,EGLINTON AVE E,GILDER DR,28 m East of,Major Arterial,Scarborough,,43.735591,-79.252673,Mid-Block,Non Intersection,No Control,Clear,Daylight,Wet,Non-Fatal Injury,Rear End,Passenger,25 to 29,Minimal,,,,,,,,,,,,,,,Yes,,,Yes,,Yes,,Yes,,,,124,Kennedy Park,124,Kennedy Park (124),D41,18154
-8828298.75011325,5425021.6345679,81689064,2002374058,2022,2022/12/05 05:00:00+00,1505,INNISWOOD DR,HOWARTH AVE,56 m West of,Local,Scarborough,,43.73823,-79.305957,Mid-Block,Non Intersection,No Control,Clear,Daylight,Dry,Non-Fatal Injury,Pedestrian Collisions,Driver,40 to 44,None,,West,"Automobile, Station Wagon",Going Ahead,Driving Properly,Normal,,,,,,,Yes,,Yes,,,,,Yes,,,,,,119,Wexford/Maryvale,119,Wexford/Maryvale (119),D41,18155
-8828298.75011325,5425021.6345679,81689065,2002374058,2022,2022/12/05 05:00:00+00,1505,INNISWOOD DR,HOWARTH AVE,56 m West of,Local,Scarborough,,43.73823,-79.305957,Mid-Block,Non Intersection,No Control,Clear,Daylight,Dry,Non-Fatal Injury,Pedestrian Collisions,Passenger,10 to 14,None,,,,,,,,,,,,,Yes,,Yes,,,,,Yes,,,,,,119,Wexford/Maryvale,119,Wexford/Maryvale (119),D41,18156
-8828298.75011325,5425021.6345679,81689066,2002374058,2022,2022/12/05 05:00:00+00,1505,INNISWOOD DR,HOWARTH AVE,56 m West of,Local,Scarborough,,43.73823,-79.305957,Mid-Block,Non Intersection,No Control,Clear,Daylight,Dry,Non-Fatal Injury,Pedestrian Collisions,Pedestrian,10 to 14,Major,,South,,,,,Pedestrian hit at mid-block,Running onto Roadway,Inattentive,,,,Yes,,Yes,,,,,Yes,,,,,,119,Wexford/Maryvale,119,Wexford/Maryvale (119),D41,18157
-8829638.14622648,5425474.31549764,81688383,2002376276,2022,2022/12/05 05:00:00+00,2018,LAWRENCE AV E,CURLEW DRIVE,80 m East of,Major Arterial,North York,,43.741168,-79.317989,Mid-Block,Non Intersection,No Control,Clear,"Dark, artificial",Dry,Non-Fatal Injury,Pedestrian Collisions,Driver,55 to 59,None,,West,"Automobile, Station Wagon",Going Ahead,Driving Properly,Normal,,,,,,,Yes,,Yes,,,,,,,,,,,43,Victoria Village,43,Victoria Village (43),D33,18158
-8829638.14622648,5425474.31549764,81688384,2002376276,2022,2022/12/05 05:00:00+00,2018,LAWRENCE AV E,CURLEW DRIVE,80 m East of,Major Arterial,North York,,43.741168,-79.317989,Mid-Block,Non Intersection,No Control,Clear,"Dark, artificial",Dry,Non-Fatal Injury,Pedestrian Collisions,Driver,20 to 24,None,,West,"Automobile, Station Wagon",Going Ahead,Driving Properly,Normal,,,,,,,Yes,,Yes,,,,,,,,,,,43,Victoria Village,43,Victoria Village (43),D33,18159
-8829638.14622648,5425474.31549764,81688385,2002376276,2022,2022/12/05 05:00:00+00,2018,LAWRENCE AV E,CURLEW DRIVE,80 m East of,Major Arterial,North York,,43.741168,-79.317989,Mid-Block,Non Intersection,No Control,Clear,"Dark, artificial",Dry,Non-Fatal Injury,Pedestrian Collisions,Pedestrian,60 to 64,Major,,Unknown,,,,,Pedestrian hit at mid-block,"Crossing, no Traffic Control","Ability Impaired, Drugs",,,,Yes,,Yes,,,,,,,,,,,43,Victoria Village,43,Victoria Village (43),D33,18160
-8851826.90372884,5427732.81337344,81704603,2002405693,2022,2022/12/09 05:00:00+00,1710,JANE ST,FINCH AVE W,25 m West of,Major Arterial,,,43.755824,-79.517314,Mid-Block,Non Intersection,No Control,Clear,Daylight,Dry,Non-Fatal Injury,Pedestrian Collisions,Driver,55 to 59,None,,North,Pick Up Truck,Going Ahead,Other,Normal,,,,,,,Yes,,Yes,,,,,,,,,,,25,Glenfield-Jane Heights,25,Glenfield-Jane Heights (25),D31,18161
-8851826.90372884,5427732.81337344,81704604,2002405693,2022,2022/12/09 05:00:00+00,1710,JANE ST,FINCH AVE W,25 m West of,Major Arterial,,,43.755824,-79.517314,Mid-Block,Non Intersection,No Control,Clear,Daylight,Dry,Non-Fatal Injury,Pedestrian Collisions,Pedestrian,40 to 44,Major,,West,,,,,Pedestrian hit at private driveway,"Crossing, no Traffic Control",Normal,,,,Yes,,Yes,,,,,,,,,,,25,Glenfield-Jane Heights,25,Glenfield-Jane Heights (25),D31,18162
-8822240.74342428,5430338.26219367,81703254,2002407065,2022,2022/12/09 05:00:00+00,2038,MCCOWAN RD,ELLESMERE RD,40 m North of,Major Arterial,Scarborough,2124,43.772727,-79.251537,Mid-Block,Non Intersection,No Control,Clear,"Dark, artificial",Dry,Non-Fatal Injury,Sideswipe,Driver,75 to 79,None,,South,"Automobile, Station Wagon",Going Ahead,Improper Lane Change,Inattentive,,,,,,,,,Yes,,,,,,,,,,,142,Woburn North,137,Woburn (137),D43,18163
-8822240.74342428,5430338.26219367,81703255,2002407065,2022,2022/12/09 05:00:00+00,2038,MCCOWAN RD,ELLESMERE RD,40 m North of,Major Arterial,Scarborough,2124,43.772727,-79.251537,Mid-Block,Non Intersection,No Control,Clear,"Dark, artificial",Dry,Non-Fatal Injury,Sideswipe,Driver,15 to 19,Major,,North,"Automobile, Station Wagon",Unknown,Driving Properly,Normal,,,,,,,,,Yes,,,,,,,,,,,142,Woburn North,137,Woburn (137),D43,18164
-8838545.59792128,5411879.07293813,81687243,2002424464,2022,2022/12/12 05:00:00+00,1118,DUNDAS ST W,SPADINA AVE,,Major Arterial,Toronto and East York,,43.652869,-79.398006,Intersection,At Intersection,Traffic Signal,Clear,Daylight,Dry,Fatal,Pedestrian Collisions,Driver,55 to 59,None,,West,"Automobile, Station Wagon",Turning Right,Failed to Yield Right of Way,Inattentive,,,,,,,Yes,,Yes,,,,,,,Yes,,,,78,Kensington-Chinatown,78,Kensington-Chinatown (78),D52,18165
-8838545.59792128,5411879.07293813,81687244,2002424464,2022,2022/12/12 05:00:00+00,1118,DUNDAS ST W,SPADINA AVE,,Major Arterial,Toronto and East York,,43.652869,-79.398006,Intersection,At Intersection,Traffic Signal,Clear,Daylight,Dry,Fatal,Pedestrian Collisions,Pedestrian,70 to 74,Fatal,49,West,,,,,Vehicle turns right while ped crosses with ROW at inter.,Crossing with right of way,Other,,,,Yes,,Yes,,,,,,,Yes,,,,78,Kensington-Chinatown,78,Kensington-Chinatown (78),D52,18166
-8859902.91014691,5428304.76832655,81688492,2002431114,2022,2022/12/13 05:00:00+00,910,STEELES AVE W,KIPLING AVE,,Major Arterial,Etobicoke York,1,43.759535,-79.589862,Intersection,At Intersection,Traffic Signal,Clear,Daylight,Dry,Fatal,Turning Movement,Driver,80 to 84,Fatal,50,North,"Automobile, Station Wagon",Turning Right,Improper Turn,Unknown,,,,,,,,,Yes,,Yes,,,Yes,,,,,,2,Mount Olive-Silverstone-Jamestown,2,Mount Olive-Silverstone-Jamestown (2),D23,18167
-8859902.91014691,5428304.76832655,81688493,2002431114,2022,2022/12/13 05:00:00+00,910,STEELES AVE W,KIPLING AVE,,Major Arterial,Etobicoke York,1,43.759535,-79.589862,Intersection,At Intersection,Traffic Signal,Clear,Daylight,Dry,Fatal,Turning Movement,Driver,30 to 34,Minor,,West,"Automobile, Station Wagon",Going Ahead,Driving Properly,Normal,,,,,,,,,Yes,,Yes,,,Yes,,,,,,2,Mount Olive-Silverstone-Jamestown,2,Mount Olive-Silverstone-Jamestown (2),D23,18168
-8859902.91014691,5428304.76832655,81688494,2002431114,2022,2022/12/13 05:00:00+00,910,STEELES AVE W,KIPLING AVE,,Major Arterial,Etobicoke York,1,43.759535,-79.589862,Intersection,At Intersection,Traffic Signal,Clear,Daylight,Dry,Fatal,Turning Movement,Passenger,0 to 4,Minor,,,,,,,,,,,,,,,Yes,,Yes,,,Yes,,,,,,2,Mount Olive-Silverstone-Jamestown,2,Mount Olive-Silverstone-Jamestown (2),D23,18169
-8859902.91014691,5428304.76832655,81688495,2002431114,2022,2022/12/13 05:00:00+00,910,STEELES AVE W,KIPLING AVE,,Major Arterial,Etobicoke York,1,43.759535,-79.589862,Intersection,At Intersection,Traffic Signal,Clear,Daylight,Dry,Fatal,Turning Movement,Truck Driver,60 to 64,None,,East,Truck-Tractor,Going Ahead,Driving Properly,Normal,,,,,,,,,Yes,,Yes,,,Yes,,,,,,2,Mount Olive-Silverstone-Jamestown,2,Mount Olive-Silverstone-Jamestown (2),D23,18170
-8839104.42176506,5417694.77493652,81703813,2002436647,2022,2022/12/13 05:00:00+00,2301,AVENUE RD,LONSDALE RD,,Major Arterial,Toronto and East York,,43.690657,-79.403026,Intersection,At Intersection,Traffic Signal,Clear,"Dark, artificial",Dry,Non-Fatal Injury,Turning Movement,Driver,35 to 39,Major,,North,"Automobile, Station Wagon",Going Ahead,Lost control,Unknown,,,,,,,,,Yes,,,,,,Yes,Yes,,,,97,Yonge-St.Clair,97,Yonge-St.Clair (97),D53,18171
-8839104.42176506,5417694.77493652,81703814,2002436647,2022,2022/12/13 05:00:00+00,2301,AVENUE RD,LONSDALE RD,,Major Arterial,Toronto and East York,,43.690657,-79.403026,Intersection,At Intersection,Traffic Signal,Clear,"Dark, artificial",Dry,Non-Fatal Injury,Turning Movement,Driver,40 to 44,Minor,,West,"Automobile, Station Wagon",Turning Left,Driving Properly,Unknown,,,,,,,,,Yes,,,,,,Yes,Yes,,,,97,Yonge-St.Clair,97,Yonge-St.Clair (97),D53,18172
-8836041.02069792,5413845.39486237,81688808,2002447253,2022,2022/12/15 05:00:00+00,1134,MAITLAND PL,HOMEWOOD AVE,,Collector,Toronto and East York,,43.665648,-79.375507,Intersection,At Intersection,No Control,Freezing Rain,Daylight,Wet,Non-Fatal Injury,Pedestrian Collisions,Driver,60 to 64,Major,,North,"Automobile, Station Wagon",Turning Left,Improper Turn,Inattentive,,,,,,,Yes,,Yes,,,,,,Yes,Yes,,,,71,Cabbagetown-South St.James Town,71,Cabbagetown-South St.James Town (71),D51,18173
-8836041.02069792,5413845.39486237,81688809,2002447253,2022,2022/12/15 05:00:00+00,1134,MAITLAND PL,HOMEWOOD AVE,,Collector,Toronto and East York,,43.665648,-79.375507,Intersection,At Intersection,No Control,Freezing Rain,Daylight,Wet,Non-Fatal Injury,Pedestrian Collisions,Pedestrian,unknown,Minor,,Unknown,,,,,Vehicle turns left while ped crosses with ROW at inter.,Other,Other,,,,Yes,,Yes,,,,,,Yes,Yes,,,,71,Cabbagetown-South St.James Town,71,Cabbagetown-South St.James Town (71),D51,18174
-8840435.24627749,5410109.1409948,81705055,2002449618,2022,2022/12/15 05:00:00+00,1720,SHAW ST,KING ST W,,Major Arterial,Toronto and East York,,43.641364,-79.414981,Intersection,At Intersection,Traffic Signal,Freezing Rain,"Dark, artificial",Slush,Non-Fatal Injury,Pedestrian Collisions,Driver,25 to 29,None,,South,"Automobile, Station Wagon",Turning Right,Failed to Yield Right of Way,Inattentive,,,,,,,Yes,,Yes,,,,,,,Yes,,,,162,West Queen West,82,Niagara (82),D14,18175
-8840435.24627749,5410109.1409948,81705056,2002449618,2022,2022/12/15 05:00:00+00,1720,SHAW ST,KING ST W,,Major Arterial,Toronto and East York,,43.641364,-79.414981,Intersection,At Intersection,Traffic Signal,Freezing Rain,"Dark, artificial",Slush,Non-Fatal Injury,Pedestrian Collisions,Pedestrian,65 to 69,Major,,Unknown,,,,,Vehicle turns right while ped crosses with ROW at inter.,Crossing with right of way,Normal,,,,Yes,,Yes,,,,,,,Yes,,,,162,West Queen West,82,Niagara (82),D14,18176
-8860725.89514235,5417068.82782705,81704238,2002450489,2022,2022/12/15 05:00:00+00,1925,936 DIXON RD,,150 m West of CARLINGVIEW DR,Major Arterial,Etobicoke York,,43.686591,-79.597255,Mid-Block,Non Intersection,No Control,Snow,Dark,Loose Snow,Non-Fatal Injury,Pedestrian Collisions,Driver,50 to 54,None,,West,"Automobile, Station Wagon",Going Ahead,Driving Properly,Normal,,,,,,,Yes,,Yes,,,,,,,,,,,1,West Humber-Clairville,1,West Humber-Clairville (1),D23,18177
-8860725.89514235,5417068.82782705,81704239,2002450489,2022,2022/12/15 05:00:00+00,1925,936 DIXON RD,,150 m West of CARLINGVIEW DR,Major Arterial,Etobicoke York,,43.686591,-79.597255,Mid-Block,Non Intersection,No Control,Snow,Dark,Loose Snow,Non-Fatal Injury,Pedestrian Collisions,Pedestrian,25 to 29,Major,,North,,,,,Pedestrian hit at mid-block,"Crossing, no Traffic Control",Inattentive,,,,Yes,,Yes,,,,,,,,,,,1,West Humber-Clairville,1,West Humber-Clairville (1),D23,18178
-8860725.89514235,5417068.82782705,81704240,2002450489,2022,2022/12/15 05:00:00+00,1925,936 DIXON RD,,150 m West of CARLINGVIEW DR,Major Arterial,Etobicoke York,,43.686591,-79.597255,Mid-Block,Non Intersection,No Control,Snow,Dark,Loose Snow,Non-Fatal Injury,Pedestrian Collisions,Pedestrian,40 to 44,Minor,,North,,,,,Pedestrian hit at mid-block,"Crossing, no Traffic Control",Inattentive,,,,Yes,,Yes,,,,,,,,,,,1,West Humber-Clairville,1,West Humber-Clairville (1),D23,18179
-8835404.82980804,5410746.46204567,81703587,2002473250,2022,2022/12/18 05:00:00+00,2228,LAKE SHORE BLVD E,LOWER JARVIS ST,1 m West of,Major Arterial,Toronto and East York,,43.645507,-79.369792,Intersection,At Intersection,Traffic Signal,Clear,"Dark, artificial",Dry,Non-Fatal Injury,Cyclist Collisions,Cyclist,40 to 44,Major,,South,Bicycle,Going Ahead,,,,,,"Cyclist without ROW rides into path of motorist at inter, lnwy, dwy-Cyclist not turn.",Disobeyed Traffic Control,Inattentive,,Yes,Yes,,,,,Yes,,,,,,166,St Lawrence-East Bayfront-The Islands,77,Waterfront Communities-The Island (77),D51,18180
-8835404.82980804,5410746.46204567,81703588,2002473250,2022,2022/12/18 05:00:00+00,2228,LAKE SHORE BLVD E,LOWER JARVIS ST,1 m West of,Major Arterial,Toronto and East York,,43.645507,-79.369792,Intersection,At Intersection,Traffic Signal,Clear,"Dark, artificial",Dry,Non-Fatal Injury,Cyclist Collisions,Driver,25 to 29,None,,East,"Automobile, Station Wagon",Going Ahead,Driving Properly,Normal,,,,,,,,Yes,Yes,,,,,Yes,,,,,,166,St Lawrence-East Bayfront-The Islands,77,Waterfront Communities-The Island (77),D51,18181
-8835404.82980804,5410746.46204567,81703589,2002473250,2022,2022/12/18 05:00:00+00,2228,LAKE SHORE BLVD E,LOWER JARVIS ST,1 m West of,Major Arterial,Toronto and East York,,43.645507,-79.369792,Intersection,At Intersection,Traffic Signal,Clear,"Dark, artificial",Dry,Non-Fatal Injury,Cyclist Collisions,Passenger,25 to 29,None,,,,,,,,,,,,,,Yes,Yes,,,,,Yes,,,,,,166,St Lawrence-East Bayfront-The Islands,77,Waterfront Communities-The Island (77),D51,18182
-8835404.82980804,5410746.46204567,81703590,2002473250,2022,2022/12/18 05:00:00+00,2228,LAKE SHORE BLVD E,LOWER JARVIS ST,1 m West of,Major Arterial,Toronto and East York,,43.645507,-79.369792,Intersection,At Intersection,Traffic Signal,Clear,"Dark, artificial",Dry,Non-Fatal Injury,Cyclist Collisions,Passenger,20 to 24,None,,,,,,,,,,,,,,Yes,Yes,,,,,Yes,,,,,,166,St Lawrence-East Bayfront-The Islands,77,Waterfront Communities-The Island (77),D51,18183
-8860515.27866577,5417016.02606417,81703750,2002484301,2022,2022/12/20 05:00:00+00,1150,CARLINGVIEW DR,DIXON RD,45 m South of,Major Arterial,Etobicoke York,,43.686248,-79.595363,Mid-Block,Non Intersection,No Control,Clear,Daylight,Dry,Non-Fatal Injury,Sideswipe,Driver,20 to 24,Minor,,South,"Automobile, Station Wagon",Changing Lanes,Improper Passing,Inattentive,,,,,,,,,Yes,,,,,Yes,,Yes,,,,1,West Humber-Clairville,1,West Humber-Clairville (1),D23,18184
-8860515.27866577,5417016.02606417,81703751,2002484301,2022,2022/12/20 05:00:00+00,1150,CARLINGVIEW DR,DIXON RD,45 m South of,Major Arterial,Etobicoke York,,43.686248,-79.595363,Mid-Block,Non Intersection,No Control,Clear,Daylight,Dry,Non-Fatal Injury,Sideswipe,Driver,20 to 24,Minor,,South,"Automobile, Station Wagon",Going Ahead,Driving Properly,Normal,,,,,,,,,Yes,,,,,Yes,,Yes,,,,1,West Humber-Clairville,1,West Humber-Clairville (1),D23,18185
-8860515.27866577,5417016.02606417,81703752,2002484301,2022,2022/12/20 05:00:00+00,1150,CARLINGVIEW DR,DIXON RD,45 m South of,Major Arterial,Etobicoke York,,43.686248,-79.595363,Mid-Block,Non Intersection,No Control,Clear,Daylight,Dry,Non-Fatal Injury,Sideswipe,Driver,65 to 69,Minor,,South,"Automobile, Station Wagon",Going Ahead,Driving Properly,Normal,,,,,,,,,Yes,,,,,Yes,,Yes,,,,1,West Humber-Clairville,1,West Humber-Clairville (1),D23,18186
-8860515.27866577,5417016.02606417,81703753,2002484301,2022,2022/12/20 05:00:00+00,1150,CARLINGVIEW DR,DIXON RD,45 m South of,Major Arterial,Etobicoke York,,43.686248,-79.595363,Mid-Block,Non Intersection,No Control,Clear,Daylight,Dry,Non-Fatal Injury,Sideswipe,Passenger,20 to 24,Major,,,,,,,,,,,,,,,Yes,,,,,Yes,,Yes,,,,1,West Humber-Clairville,1,West Humber-Clairville (1),D23,18187
-8842834.51526256,5418650.40368079,81704144,2002494669,2022,2022/12/21 05:00:00+00,1750,GLOUCESTER GRV,WINNETT AVE,,Local,,,43.696864,-79.436534,Intersection,At Intersection,Stop Sign,Clear,Dark,Wet,Non-Fatal Injury,Pedestrian Collisions,Driver,35 to 39,None,,North,Pick Up Truck,Turning Left,Failed to Yield Right of Way,Normal,,,,,,,Yes,,Yes,,,,,,,Yes,,,,106,Humewood-Cedarvale,106,Humewood-Cedarvale (106),D13,18188
-8842834.51526256,5418650.40368079,81704145,2002494669,2022,2022/12/21 05:00:00+00,1750,GLOUCESTER GRV,WINNETT AVE,,Local,,,43.696864,-79.436534,Intersection,At Intersection,Stop Sign,Clear,Dark,Wet,Non-Fatal Injury,Pedestrian Collisions,Pedestrian,30 to 34,Major,,North,,,,,Vehicle turns left while ped crosses with ROW at inter.,Crossing with right of way,Normal,,,,Yes,,Yes,,,,,,,Yes,,,,106,Humewood-Cedarvale,106,Humewood-Cedarvale (106),D13,18189
-8842834.51526256,5418650.40368079,81704146,2002494669,2022,2022/12/21 05:00:00+00,1750,GLOUCESTER GRV,WINNETT AVE,,Local,,,43.696864,-79.436534,Intersection,At Intersection,Stop Sign,Clear,Dark,Wet,Non-Fatal Injury,Pedestrian Collisions,Pedestrian,5 to 9,Minimal,,North,,,,,Vehicle turns left while ped crosses with ROW at inter.,Crossing with right of way,Normal,,,,Yes,,Yes,,,,,,,Yes,,,,106,Humewood-Cedarvale,106,Humewood-Cedarvale (106),D13,18190
-8842834.51526256,5418650.40368079,81704147,2002494669,2022,2022/12/21 05:00:00+00,1750,GLOUCESTER GRV,WINNETT AVE,,Local,,,43.696864,-79.436534,Intersection,At Intersection,Stop Sign,Clear,Dark,Wet,Non-Fatal Injury,Pedestrian Collisions,Pedestrian,0 to 4,Minor,,North,,,,,Vehicle turns left while ped crosses with ROW at inter.,Crossing with right of way,Normal,,,,Yes,,Yes,,,,,,,Yes,,,,106,Humewood-Cedarvale,106,Humewood-Cedarvale (106),D13,18191
-8842834.51526256,5418650.40368079,81704148,2002494669,2022,2022/12/21 05:00:00+00,1750,GLOUCESTER GRV,WINNETT AVE,,Local,,,43.696864,-79.436534,Intersection,At Intersection,Stop Sign,Clear,Dark,Wet,Non-Fatal Injury,Pedestrian Collisions,Pedestrian,0 to 4,Minimal,,North,,,,,Vehicle turns left while ped crosses with ROW at inter.,Crossing with right of way,Normal,,,,Yes,,Yes,,,,,,,Yes,,,,106,Humewood-Cedarvale,106,Humewood-Cedarvale (106),D13,18192
-8841135.11191611,5413415.75033434,81703961,2002556621,2022,2022/12/30 05:00:00+00,2234,BLOOR ST W,MONTROSE AVE,76 m West of,Major Arterial,Toronto and East York,,43.662856,-79.421268,Mid-Block,Non Intersection,No Control,Rain,"Dark, artificial",Wet,Non-Fatal Injury,Pedestrian Collisions,Driver,35 to 39,None,,East,"Automobile, Station Wagon",Going Ahead,Driving Properly,Normal,,,,,,,Yes,,Yes,,,,,,,,,,,80,Palmerston-Little Italy,80,Palmerston-Little Italy (80),D14,18193
-8841135.11191611,5413415.75033434,81703962,2002556621,2022,2022/12/30 05:00:00+00,2234,BLOOR ST W,MONTROSE AVE,76 m West of,Major Arterial,Toronto and East York,,43.662856,-79.421268,Mid-Block,Non Intersection,No Control,Rain,"Dark, artificial",Wet,Non-Fatal Injury,Pedestrian Collisions,Pedestrian,40 to 44,Major,,South,,,,,Pedestrian hit at mid-block,"Crossing, no Traffic Control",Inattentive,,,,Yes,,Yes,,,,,,,,,,,80,Palmerston-Little Italy,80,Palmerston-Little Italy (80),D14,18194